Brand,Model Name,Model Image,Technology,2G bands,3G bands,4G bands,Speed,Announced,Status,Dimensions,Weight,SIM,Type,Size,Resolution,OS,Card slot,Internal,Single,Video,Single_1,Video_1,Loudspeaker,3.5mm jack,,WLAN,Bluetooth,GPS,Radio,USB,Sensors,_1,Colors,Protection,Chipset,CPU,GPU,Dual,Features,Features_1,NFC,Models,_1_1,Price,Infrared port,Charging,Stand-by,Talk time,GPRS,EDGE,Build,Music play,Phonebook,Call records,Messaging,Games,Java,SAR EU,Display,Camera,Loudspeaker_1,Audio quality,Battery life,SAR,Keyboard,Browser,Alert types,Clock,Alarm,Languages,Dual_1,Performance
b'archos',b'Archos Diamond',b'https://cdn2.gsmarena.com/vv/bigpic/archos-diamond-2019.jpg',b'GSM / HSPA / LTE',b'GSM 850 / 900 / 1800 / 1900 - SIM 1 & SIM 2',b'HSDPA 850 / 900 / 2100',"b'LTE band 1(2100), 3(1800), 7(2600), 20(800), 28(700)'","b'HSPA, LTE-A'","b'2019, February'","b'Coming soon. Exp. release 2019, July'",b'158.7 x 74.1 x 8.6 mm (6.25 x 2.92 x 0.34 in)',b'166 g (5.86 oz)',"b'Hybrid Dual SIM (Nano-SIM, dual stand-by)'","b'AMOLED capacitive touchscreen, 16M colors'","b'6.39 inches, 100.2 cm2 (~85.2% screen-to-body ratio)'","b'1080 x 2340 pixels, 19.5:9 ratio (~403 ppi density)'",b'Android 9.0 (Pie)',"b'microSD, up to 1 TB (uses shared SIM slot)'","b'128 GB, 4 GB RAM'","b'Motorized pop-up 8 MP, f/2.0, 1/4"", 1.12\xc2\xb5m'",b'1080p@30fps',,b'1080p@30fps',b'Yes',b'Yes',b'Active noise cancellation with dedicated mic',"b'Wi-Fi 802.11 a/b/g/n/ac, dual-band, Wi-Fi Direct, hotspot'","b'4.2, A2DP, LE'","b'Yes, with A-GPS, GLONASS, BDS'",b'No',"b'2.0, Type-C 1.0 reversible connector, USB On-The-Go'","b'Fingerprint (under display), accelerometer, gyro, proximity, compass'",b'Non-removable Li-Po 3400 mAh battery',b'Dark Blue',,b'Mediatek Helio P70 (12nm)',b'Octa-core (4x2.0 GHz Cortex-A73 & 4x2.0 GHz Cortex-A53)',b'Mali-G72 MP3',"b'16 MP, f/1.8, 1/2.8"", 1.12\xc2\xb5m, PDAF 5 MP, f/2.2, depth sensor'","b'Dual-LED flash, HDR, panorama'",b'HDR',b'Yes',,,b'About 300 EUR',,b'Fast battery charging 18W Wireless charging',,,,,,,,,,,,,,,,,,,,,,,,,,
b'archos',b'Archos Oxygen 68XL',b'https://cdn2.gsmarena.com/vv/bigpic/archos-oxygen-68xl.jpg',b'GSM / HSPA / LTE',b'GSM 850 / 900 / 1800 / 1900 - SIM 1 & SIM 2',b'HSDPA 900 / 2100',"b'LTE band 1(2100), 3(1800), 7(2600), 20(800)'","b'HSPA, LTE-A'","b'2019, February'","b'Available. Released 2019, May'",b'173.5 x 81.6 x 9 mm (6.83 x 3.21 x 0.35 in)',b'214 g (7.55 oz)',"b'Hybrid Dual SIM (Nano-SIM, dual stand-by)'","b'IPS LCD capacitive touchscreen, 16M colors'","b'6.85 inches, 117.1 cm2 (~82.7% screen-to-body ratio)'","b'640 x 1352 pixels, 19:9 ratio (~218 ppi density)'",b'Android 9.0 (Pie)',"b'microSD, up to 256 GB (uses shared SIM slot)'","b'32 GB, 3 GB RAM'",b'5 MP',b'1080p@30fps',,b'',b'Yes',b'Yes',b'Active noise cancellation with dedicated mic',"b'Wi-Fi 802.11 b/g/n, Wi-Fi Direct, hotspot'","b'4.2, A2DP, LE'","b'Yes, with A-GPS, GLONASS, BDS'",b'No',"b'2.0, Type-C 1.0 reversible connector'","b'Fingerprint (rear-mounted), accelerometer, proximity'",b'Non-removable Li-Ion 5000 mAh battery',b'Dark Blue',,b'Mediatek MT6762 Helio P22 (12 nm)',b'Octa-core 2.0 GHz Cortex-A53',b'PowerVR GE8320',"b'8 MP, AF 0.3 MP'",b'LED flash',,,,,b'About 150 EUR',,,,,,,,,,,,,,,,,,,,,,,,,,,,
b'archos',b'Archos Oxygen 63',b'https://cdn2.gsmarena.com/vv/bigpic/archos-oxygen-63.jpg',b'GSM / HSPA / LTE',b'GSM 850 / 900 / 1800 / 1900 - SIM 1 & SIM 2',b'HSDPA 900 / 2100',"b'LTE band 1(2100), 3(1800), 7(2600), 20(800)'","b'HSPA, LTE'","b'2019, February'","b'Available. Released 2019, May'",b'159.2 x 75.8 x 9.3 mm (6.27 x 2.98 x 0.37 in)',b'162 g (5.71 oz)',"b'Dual SIM (Nano-SIM, dual stand-by)'","b'IPS LCD capacitive touchscreen, 16M colors'","b'6.26 inches, 97.8 cm2 (~81.1% screen-to-body ratio)'","b'720 x 1520 pixels, 19:9 ratio (~269 ppi density)'",b'Android 9.0 (Pie)',b'microSD',"b'64 GB, 4 GB RAM'",b'5 MP',b'1080p@30fps',,b'',b'Yes',b'Yes',b'Active noise cancellation with dedicated mic',"b'Wi-Fi 802.11 b/g/n, Wi-Fi Direct, hotspot'","b'4.2, A2DP, LE'","b'Yes, with A-GPS, GLONASS, BDS'",b'No',b'microUSB 2.0',"b'Fingerprint (rear-mounted), accelerometer, proximity'",b'Removable Li-Ion 3000 mAh battery',b'Dark Blue',,b'Unisoc SC9863',b'Octa-core 1.6 GHz Cortex-A55',,"b'8 MP, AF 0.3 MP'",b'LED flash',,,,,b'About 130 EUR',,,,,,,,,,,,,,,,,,,,,,,,,,,,
b'archos',b'Archos Oxygen 57',b'https://cdn2.gsmarena.com/vv/bigpic/archos-oxygen-57.jpg',b'GSM / HSPA / LTE',b'GSM 850 / 900 / 1800 / 1900 - SIM 1 & SIM 2',b'HSDPA 900 / 2100',"b'LTE band 1(2100), 3(1800), 7(2600), 20(800)'","b'HSPA, LTE'","b'2019, February'","b'Available. Released 2019, May'",b'147.8 x 70.7 x 9.3 mm (5.82 x 2.78 x 0.37 in)',b'150 g (5.29 oz)',"b'Dual SIM (Nano-SIM, dual stand-by)'","b'IPS LCD capacitive touchscreen, 16M colors'","b'5.71 inches, 81.4 cm2 (~77.9% screen-to-body ratio)'","b'720 x 1520 pixels, 19:9 ratio (~295 ppi density)'",b'Android 9.0 (Pie)',b'microSD',"b'32 GB, 3 GB RAM'",b'5 MP',b'1080p@30fps',,b'',b'Yes',b'Yes',b'Active noise cancellation with dedicated mic',"b'Wi-Fi 802.11 b/g/n, Wi-Fi Direct, hotspot'","b'4.2, A2DP, LE'","b'Yes, with A-GPS, GLONASS, BDS'",b'No',b'microUSB 2.0',"b'Fingerprint (rear-mounted), accelerometer, proximity'",b'Removable Li-Ion 2800 mAh battery',b'Dark Violet',,b'Unisoc SC9863',b'Octa-core 1.6 GHz Cortex-A55',,"b'8 MP, AF 0.3 MP'",b'LED flash',,,,,b'About 100 EUR',,,,,,,,,,,,,,,,,,,,,,,,,,,,
b'archos',b'Archos Saphir 50X',b'https://cdn2.gsmarena.com/vv/bigpic/archos-saphir-50x.jpg',b'GSM / HSPA / LTE',b'GSM 850 / 900 / 1800 / 1900 - SIM 1 & SIM 2',b'HSDPA 850 / 900 / 2100',"b'LTE band 1(2100), 3(1800), 7(2600), 20(800)'","b'HSPA 42.2/11.5 Mbps, LTE Cat4 150/50 Mbps'","b'2018, April'","b'Available. Released 2018, April'",b'146.6 x 76 x 13 mm (5.77 x 2.99 x 0.51 in)',b'210 g (7.41 oz)',"b'Dual SIM (Nano-SIM, dual stand-by)'","b'S-IPS LCD capacitive touchscreen, 16M colors'","b'5.0 inches, 68.9 cm2 (~61.9% screen-to-body ratio)'","b'720 x 1280 pixels, 16:9 ratio (~294 ppi density)'",b'Android 7.0 (Nougat)',"b'microSD, up to 128 GB'","b'16 GB, 2 GB RAM'","b'8 MP, AF'",b'1080p@30fps',b'2 MP',b'',b'Yes',b'Yes',b'IP68 dust/water proof (up to 1m for 30 mins)',"b'Wi-Fi 802.11 b/g/n, Wi-Fi Direct, DLNA, hotspot'","b'4.0, A2DP, LE'","b'Yes, with A-GPS'",b'FM radio',"b'microUSB 2.0, USB On-The-Go'","b'Accelerometer, proximity, compass'",b'Non-removable Li-Ion 4000 mAh battery',b'Black',b'Corning Gorilla Glass 4',b'Mediatek MT6737VWT',b'Quad-core 1.3 GHz Cortex-A53',b'Mali-T720MP2',,b'LED flash',,,,,b'About 150 EUR',,,,,,,,,,,,,,b'0.55 W/kg (head) \xc2\xa0 \xc2\xa0 0.80 W/kg (body)',,,,,,,,,,,,,,
b'archos',b'Archos Diamond Omega',b'https://cdn2.gsmarena.com/vv/bigpic/archos-diamond-omega.jpg',b'GSM / HSPA / LTE',b'GSM 850 / 900 / 1800 / 1900 - SIM 1 & SIM 2',b'HSDPA 850 / 900 / 1900 / 2100',"b'LTE band 1(2100), 3(1800), 7(2600), 8(900), 20(800)'","b'HSPA 42.2/5.76 Mbps, LTE-A (3CA) Cat9 450/50 Mbps'","b'2017, October'","b'Available. Released 2017, November'",b'147.5 x 72.7 x 8.5 mm (5.81 x 2.86 x 0.33 in)',b'170 g (6.00 oz)',"b'Dual SIM (Nano-SIM, dual stand-by)'","b'LTPS IPS LCD capacitive touchscreen, 16M colors'","b'5.73 inches, 87.6 cm2 (~81.7% screen-to-body ratio)'","b'1080 x 2040 pixels, 17:9 ratio (~403 ppi density)'",b'Android 7.1 (Nougat); nubia UI 5',b'No',"b'128 GB, 8 GB RAM'","b'5 MP, f/2.2 5 MP'","b'2160p@30fps, 1080p@30fps'",,b'1080p@30fps',b'Yes',b'No',b'DTS HD sound 32-bit/384kHz audio Active noise cancellation with dedicated mic',"b'Wi-Fi 802.11 b/g/n/ac, dual-band, Wi-Fi Direct, DLNA, hotspot'","b'4.1, A2DP, LE'","b'Yes, with A-GPS, GLONASS, BDS'",b'No',"b'Type-C 1.0 reversible connector, USB On-The-Go'","b'Fingerprint (rear-mounted), accelerometer, gyro, proximity, compass'",b'Non-removable Li-Po 3100 mAh battery',b'Dark Blue',b'Corning Gorilla Glass (unspecified version)',b'Qualcomm MSM8998 Snapdragon 835 (10 nm)',b'Octa-core (4x2.45 GHz Kryo & 4x1.9 GHz Kryo)',b'Adreno 540',"b'12 MP, f/1.8, 1/2.55"", 1.4\xc2\xb5m, dual pixel PDAF 23 MP, f/2.0, PDAF, 2x lossless zoom'","b'Dual-LED dual-tone flash, HDR, panorama'",,b'Yes',,,b'About 300 EUR',,b'Fast battery charging 18W (Quick Charge 3.0)',,,,,"b'Front/back glass, metal frame'",,,,,,,,,b'Photo / Video',b'Voice 76dB / Noise 73dB / Ring 87dB',,b'Endurance rating 74h',,,,,,,,,b'Basemark OS II: 4147 / Basemark OS II 2.0: 3214Basemark X: 36391'
b'archos',b'Archos Diamond Alpha +',b'https://cdn2.gsmarena.com/vv/bigpic/archos-diamond-alpha-plus.jpg',b'GSM / HSPA / LTE',b'GSM 850 / 900 / 1800 / 1900 - SIM 1 & SIM 2',b'HSDPA 900 / 2100',b'LTE (unspecified)',"b'HSPA 42.2/11.5 Mbps, LTE Cat4 150/50 Mbps'","b'2017, August'","b'Available. Released 2017, October'",b'146.7 x 72.5 x 7.5 mm (5.78 x 2.85 x 0.30 in)',b'155 g (5.47 oz)',"b'Hybrid Dual SIM (Nano-SIM, dual stand-by)'","b'IPS LCD capacitive touchscreen, 16M colors'","b'5.2 inches, 74.5 cm2 (~70.1% screen-to-body ratio)'","b'1080 x 1920 pixels, 16:9 ratio (~424 ppi density)'",b'Android 6.0 (Marshmallow)',"b'microSD, up to 256 GB (uses shared SIM slot)'","b'128 GB, 6 GB RAM'","b'13 MP, 1/2.9"", 1.25\xc2\xb5m, AF 13 MP B/W'","b'2160p@30fps, 1080p@30fps'","b'16 MP, f/2.2'","b'2160p@30fps, 1080p@30fps'",b'Yes',b'Yes',b'Active noise cancellation with dedicated mic',"b'Wi-Fi 802.11 a/b/g/n/ac, dual-band, Wi-Fi Direct, hotspot'","b'4.2, A2DP, LE'","b'Yes, with A-GPS'",b'No',"b'Type-C 1.0 reversible connector, USB On-The-Go'","b'Fingerprint (rear-mounted), accelerometer, gyro, proximity, compass'",b'Non-removable Li-Ion 3000 mAh battery',"b'Black, Gold'",b'Corning Gorilla Glass (unspecified version)',b'Qualcomm MSM8976 Pro Snapdragon 653 (28 nm)',b'Octa-core (4x1.8 GHz Cortex-A72 & 4x1.4 GHz Cortex-A53)',b'Adreno 510',,"b'LED flash, HDR, panorama'",,,,,b'About 400 EUR',,,,,,,,,,,,,,,,,,,,,,,,,,,,
b'archos',b'Archos Diamond Tab',b'https://cdn2.gsmarena.com/vv/bigpic/archos-diamond-tab-.jpg',b'GSM / HSPA / LTE',b'GSM 850 / 900 / 1800 / 1900',b'HSDPA 900 / 2100',b'LTE (unspecified)',"b'HSPA, LTE'","b'2017, August'","b'Available. Released 2017, October'",b'255 x 163 x 8 mm (10.04 x 6.42 x 0.31 in)',b'510 g (1.12 lb)',b'Micro-SIM',"b'IPS LCD capacitive touchscreen, 16M colors'","b'10.1 inches, 295.8 cm2 (~71.2% screen-to-body ratio)'","b'1600 x 2560 pixels, 16:10 ratio (~299 ppi density)'",b'Android 7.0 (Nougat)',"b'microSD, up to 128 GB'","b'64 GB, 4 GB RAM'","b'13 MP, AF'",b'1080p@30fps',b'5 MP',b'',b'Yes',b'Yes',b'Non-removable Li-Po 6600 mAh battery',"b'Wi-Fi 802.11 b/g/n, Wi-Fi Direct, hotspot'","b'4.2, A2DP, EDR'","b'Yes, with A-GPS'",b'No',b'microUSB 2.0',b'Accelerometer',,b'Black',,b'Rockchip RK3399',b'Dual-core Cortex-A72 & quad-core Cortex-A53',b'Mali-T860MP4',,b'LED flash',,,,,b'About 300 EUR',,,,,,,,,,,,,,,,,,,,,,,,,,,,
b'archos',b'Archos Diamond Alpha',b'https://cdn2.gsmarena.com/vv/bigpic/archos-diamond-alpha.jpg',b'GSM / HSPA / LTE',b'GSM 850 / 900 / 1800 / 1900 - SIM 1 & SIM 2',b'HSDPA 900 / 2100',"b'LTE band 1(2100), 3(1800), 7(2600), 20(800)'","b'HSPA 42.2/11.5 Mbps, LTE Cat4 150/50 Mbps'","b'2017, June'","b'Available. Released 2017, July'",b'146.7 x 72.5 x 7.5 mm (5.78 x 2.85 x 0.30 in)',b'155 g (5.47 oz)',"b'Hybrid Dual SIM (Nano-SIM, dual stand-by)'","b'IPS LCD capacitive touchscreen, 16M colors'","b'5.2 inches, 74.5 cm2 (~70.1% screen-to-body ratio)'","b'1080 x 1920 pixels, 16:9 ratio (~424 ppi density)'",b'Android 6.0 (Marshmallow)',"b'microSD, up to 256 GB (uses shared SIM slot)'","b'64 GB, 4 GB RAM'","b'13 MP, 1/2.9"", 1.25\xc2\xb5m, AF 13 MP B/W'","b'2160p@30fps, 1080p@30fps'","b'16 MP, f/2.2'",b'1080p@30fps',b'Yes',b'Yes',b'Active noise cancellation with dedicated mic',"b'Wi-Fi 802.11 a/b/g/n/ac, dual-band, Wi-Fi Direct, hotspot'","b'4.2, A2DP, LE'","b'Yes, with A-GPS'",b'No',"b'Type-C 1.0 reversible connector, USB On-The-Go'","b'Fingerprint (rear-mounted), accelerometer, gyro, proximity, compass'",b'Non-removable Li-Ion 2950 mAh battery',b'Black',,b'Qualcomm MSM8976 Snapdragon 652 (28 nm)',b'Octa-core (4x1.8 GHz Cortex-A72 & 4x1.4 GHz Cortex-A53)',b'Adreno 510',,"b'LED flash, HDR, panorama'",,,,,b'About 350 EUR',,,b'Up to 320 h (3G)',b'Up to 11 h (3G)',,,,,,,,,,b'1.02 W/kg (head) \xc2\xa0 \xc2\xa0 0.76 W/kg (body)',,,,,,,,,,,,,,
b'archos',b'Archos Sense 55s',b'https://cdn2.gsmarena.com/vv/bigpic/archos-sense-55s.jpg',b'GSM / HSPA / LTE',b'GSM 850 / 900 / 1800 / 1900 - SIM 1 & SIM 2',b'HSDPA 900 / 2100',"b'LTE band 1(2100), 3(1800), 7(2600), 20(800)'","b'HSPA 42.2/5.76 Mbps, LTE Cat4 150/50 Mbps'","b'2017, June'","b'Available. Released 2017, July'",b'142.5 x 74.2 x 8 mm (5.61 x 2.92 x 0.31 in)',b'130 g (4.59 oz)',b'Dual SIM',"b'IPS LCD capacitive touchscreen, 16M colors'","b'5.2 inches, 74.5 cm2 (~70.5% screen-to-body ratio)'","b'1080 x 1920 pixels, 16:9 ratio (~424 ppi density)'",b'Android 7.0 (Nougat)',"b'microSD, up to 128 GB'","b'16 GB, 2 GB RAM'","b'8 MP, AF'",b'1080p@30fps',,,b'Yes',b'Yes',b'Yes',"b'Wi-Fi 802.11 b/g/n, hotspot'","b'4.0, A2DP, LE'","b'Yes, with A-GPS'",b'No',b'microUSB 2.0',"b'Fingerprint (front-mounted), accelerometer, proximity'",b'Active noise cancellation with dedicated mic',b'Black',,,,,,b'Dual-LED dual-tone flash',,,,b'Non-removable Li-Ion 3000 mAh battery',b'About 250 EUR',,,,,,,,,,,,,,,,,,,,,,,,,,,,
b'archos',b'Archos Diamond Gamma',b'https://cdn2.gsmarena.com/vv/bigpic/archos-diamond-gamma.jpg',b'GSM / HSPA / LTE',b'GSM 850 / 900 / 1800 / 1900 - SIM 1 & SIM 2',b'HSDPA 850 / 900 / 1900 / 2100',"b'LTE band 1(2100), 3(1800), 7(2600), 20(800)'","b'HSPA, LTE Cat4 150/50 Mbps'","b'2017, June'","b'Available. Released 2017, July'",b'-',b'-',"b'Hybrid Dual SIM (Nano-SIM, dual stand-by)'","b'IPS LCD capacitive touchscreen, 16M colors'","b'5.5 inches, 83.4 cm2'","b'720 x 1280 pixels, 16:9 ratio (~267 ppi density)'",b'Android 7 (Nougat); nubia UI 4',"b'microSD, up to 128 GB (uses shared SIM slot)'","b'32 GB, 3 GB RAM'","b'13 MP, f/2.2, PDAF'",b'1080p@30fps',"b'5 MP, f/2.4'",b'',b'Yes',b'Yes',b'Active noise cancellation with dedicated mic',"b'Wi-Fi 802.11 b/g/n, Wi-Fi Direct, hotspot'","b'4.2, A2DP, LE'","b'Yes, with A-GPS'",b'No',"b'microUSB 2.0, USB On-The-Go'","b'Fingerprint (front-mounted), accelerometer, proximity'",b'Non-removable Li-Ion 3000 mAh battery',b'Black',,b'Qualcomm MSM8940 Snapdragon 435 (28 nm)',b'Octa-core 1.4 GHz Cortex-A53',b'Adreno 505',,"b'LED flash, HDR, panorama'",,,,,b'About 200 EUR',,,,,,,,,,,,,,,,,,,,,,,,,,,,
b'archos',b'Archos Sense 50x',b'https://cdn2.gsmarena.com/vv/bigpic/archos-sense-50x.jpg',b'GSM / HSPA / LTE',b'GSM 850 / 900 / 1800 / 1900 - SIM 1 & SIM 2',b'HSDPA 900 / 2100',"b'LTE band 1(2100), 3(1800), 7(2600), 20(800)'","b'HSPA, LTE Cat4 150/50 Mbps'","b'2017, June'","b'Available. Released 2017, July'",b'153 x 78.9 x 12.6 mm (6.02 x 3.11 x 0.50 in)',b'223 g (7.87 oz)',b'Dual SIM',"b'IPS LCD capacitive touchscreen, 16M colors'","b'5.0 inches, 68.9 cm2 (~57.1% screen-to-body ratio)'","b'1080 x 1920 pixels, 16:9 ratio (~441 ppi density)'",b'Android 7.0 (Nougat)',"b'microSD, up to 128 GB'","b'32 GB, 3 GB RAM'","b'8 MP, AF'",b'1080p@30fps',b'3 MP',b'',b'Yes',b'Yes',b'IP68 dust/water proof (up to 1m for 30 mins)',"b'Wi-Fi 802.11 b/g/n, hotspot'","b'4.0, A2DP, LE'","b'Yes, with A-GPS'",b'No',"b'microUSB 2.0, USB On-The-Go'","b'Accelerometer, proximity, compass'",b'Non-removable Li-Ion 3500 mAh battery',b'Black',b'Corning Gorilla Glass 3',b'Mediatek MT6737T (28 nm)',b'Quad-core 1.5 GHz Cortex-A53',b'Mali-T720',,b'LED flash',,,,,b'About 170 EUR',,,,,,,,,,,,,,,,,,,,,,,,,,,,
b'archos',b'Archos 50 Saphir',b'https://cdn2.gsmarena.com/vv/bigpic/archos-50-saphir.jpg',b'GSM / HSPA / LTE',b'GSM 850 / 900 / 1800 / 1900 - SIM 1 & SIM 2',b'HSDPA 900 / 2100',b'LTE 800 / 1800 / 2100 / 2600',"b'HSPA 42.2/11.5 Mbps, LTE Cat4 150/50 Mbps'","b'2017, February'","b'Available. Released 2017, June'",b'146.6 x 75.9 x 13.9 mm (5.77 x 2.99 x 0.55 in)',b'-',"b'Dual SIM (Nano-SIM, dual stand-by)'","b'IPS LCD capacitive touchscreen, 16M colors'","b'5.0 inches, 68.9 cm2 (~61.9% screen-to-body ratio)'","b'720 x 1280 pixels, 16:9 ratio (~294 ppi density)'",b'Android 6.0 (Marshmallow)',"b'microSD, up to 128 GB'","b'16 GB, 2 GB RAM'","b'8 MP, AF'",b'1080p@30fps',b'2 MP',b'',b'Yes',b'Yes',b'IP68 dust/water proof (up to 1m for 30 mins)',"b'Wi-Fi 802.11 b/g/n, Wi-Fi Direct, DLNA, hotspot'","b'4.0, A2DP, LE'","b'Yes, with A-GPS'",b'FM radio',"b'microUSB 2.0, USB On-The-Go'","b'Accelerometer, proximity, compass'",b'Non-removable Li-Ion 5000 mAh battery',b'Black',b'Corning Gorilla Glass 4',b'Mediatek MT6737 (28 nm)',b'Quad-core 1.5 GHz Cortex-A53',b'Mali-T720MP2',,b'LED flash',,,,,,,b'Fast battery charging 10W (Pump Express)',b'Up to 740 h (2G) / Up to 550 h (3G)',b'Up to 37 h (2G) / Up to 27 h (3G)',,,,,,,,,,b'0.55 W/kg (head) \xc2\xa0 \xc2\xa0 0.80 W/kg (body)',,,,,,,,,,,,,,
b'archos',b'Archos 55 Graphite',b'https://cdn2.gsmarena.com/vv/bigpic/archos-55-graphite.jpg',b'GSM / HSPA / LTE',b'GSM 850 / 900 / 1800 / 1900 - SIM 1 & SIM 2',b'HSDPA 900 / 2100',b'LTE 800 / 1800 / 2100 / 2600',"b'HSPA 42.2/11.5 Mbps, LTE Cat4 150/50 Mbps'","b'2017, February'","b'Available. Released 2017, June'",b'157.8 x 77.2 x 7.8 mm (6.21 x 3.04 x 0.31 in)',b'-',b'Dual SIM',"b'IPS LCD capacitive touchscreen, 16M colors'","b'5.5 inches, 83.4 cm2 (~68.5% screen-to-body ratio)'","b'720 x 1280 pixels, 16:9 ratio (~267 ppi density)'",b'Android 7.0 (Nougat)',"b'microSD, up to 128 GB'","b'16 GB, 2 GB RAM'",b'5 MP',b'1080p@30fps',,b'',b'Yes',b'Yes',b'Non-removable Li-Ion 3000 mAh battery',"b'Wi-Fi 802.11 b/g/n, Wi-Fi Direct, hotspot'","b'4.1, A2DP, LE'","b'Yes, with A-GPS'",b'FM radio',"b'microUSB 2.0, USB On-The-Go'","b'Fingerprint (rear-mounted), accelerometer, gyro, proximity, compass'",,b'Black',,b'Mediatek MT6737 (28 nm)',b'Quad-core 1.5 GHz Cortex-A53',b'Mali-T720MP2',"b'13 MP, AF 2 MP, depth sensor'","b'LED flash, HDR, panorama'",,,,,b'About 180 EUR',,,,,,,,,,,,,,,,,,,,,,,,,,,,
b'archos',b'Archos 50 Graphite',b'https://cdn2.gsmarena.com/vv/bigpic/archos-50-graphite.jpg',b'GSM / HSPA / LTE',b'GSM 850 / 900 / 1800 / 1900 - SIM 1 & SIM 2',b'HSDPA 900 / 2100',b'LTE 800 / 1800 / 2100 / 2600',"b'HSPA 42.2/11.5 Mbps, LTE Cat4 150/50 Mbps'","b'2017, February'","b'Available. Released 2017, June'",b'144 x 72.7 x 8.9 mm (5.67 x 2.86 x 0.35 in)',b'160 g (5.64 oz)',b'Dual SIM',"b'IPS LCD capacitive touchscreen, 16M colors'","b'5.0 inches, 68.9 cm2 (~65.8% screen-to-body ratio)'","b'720 x 1280 pixels, 16:9 ratio (~294 ppi density)'",b'Android 7.0 (Nougat)',"b'microSD, up to 128 GB'","b'16 GB, 1 GB RAM'",b'5 MP',b'1080p@30fps',,b'',b'Yes',b'Yes',b'Non-removable Li-Ion 2400 mAh battery',"b'Wi-Fi 802.11 b/g/n, Wi-Fi Direct, hotspot'","b'4.1, A2DP, LE'","b'Yes, with A-GPS'",b'FM radio',"b'microUSB 2.0, USB On-The-Go'","b'Fingerprint (rear-mounted), accelerometer, gyro, proximity, compass'",,b'Black',,b'Mediatek MT6737 (28 nm)',b'Quad-core 1.5 GHz Cortex-A53',b'Mali-T720MP2',"b'13 MP, AF 2 MP, depth sensor'","b'LED flash, HDR, panorama'",,,,,b'About 130 EUR',,,,,,,,,,,,,,,,,,,,,,,,,,,,
b'archos',b'Archos 55b Cobalt',b'https://cdn2.gsmarena.com/vv/bigpic/archos-55b-cobalt.jpg',b'GSM / HSPA / LTE',b'GSM 850 / 900 / 1800 / 1900 - SIM 1 & SIM 2',b'HSDPA 900 / 2100',b'LTE 800 / 1800 / 2100 / 2600',"b'HSPA 42.2/11.5 Mbps, LTE Cat4 150/50 Mbps'","b'2017, January'","b'Available. Released 2017, January'",b'155 x 79 x 0 mm (6.10 x 3.11 x 0.0 in)',b'188 g (6.63 oz)',"b'Dual SIM (Mini-SIM, dual stand-by)'","b'IPS LCD capacitive touchscreen, 16M colors'","b'5.5 inches, 83.4 cm2 (~68.1% screen-to-body ratio)'","b'720 x 1280 pixels, 16:9 ratio (~267 ppi density)'",b'Android 6.0 (Marshmallow)',"b'microSD, up to 64 GB'","b'16/32 GB, 1/2 GB RAM'","b'13 MP, AF'",b'720p@30fps',b'2 MP',b'',b'Yes',b'Yes',b'Removable Li-Ion 2600 mAh battery',"b'Wi-Fi 802.11 b/g/n, Wi-Fi Direct, hotspot'","b'4.0, A2DP'","b'Yes, with A-GPS'",b'FM radio',b'microUSB 2.0',"b'Fingerprint (rear-mounted), accelerometer, proximity'",,b'Gray',,b'Qualcomm MSM8909 Snapdragon 210 (28 nm)',b'Quad-core 1.1 GHz',b'Adreno 304',,"b'LED flash, HDR, panorama'",,,,,,,,,,,,,,,,,,,b'0.98 W/kg (head) \xc2\xa0 \xc2\xa0 1.76 W/kg (body)',,,,,,,,,,,,,,
b'archos',b'Archos 50b Cobalt',b'https://cdn2.gsmarena.com/vv/bigpic/archos-50b-cobalt.jpg',b'GSM / HSPA / LTE',b'GSM 850 / 900 / 1800 / 1900 - SIM 1 & SIM 2',b'HSDPA 900 / 2100',b'LTE 800 / 1800 / 2100 / 2600',"b'HSPA 42.2/11.5 Mbps, LTE Cat4 150/50 Mbps'","b'2017, January'","b'Available. Released 2017, January'",b'144 x 72 x 0 mm (5.67 x 2.83 x 0.0 in)',b'160 g (5.64 oz)',"b'Dual SIM (Mini-SIM, dual stand-by)'","b'IPS LCD capacitive touchscreen, 16M colors'","b'5.0 inches, 68.9 cm2 (~66.5% screen-to-body ratio)'","b'720 x 1280 pixels, 16:9 ratio (~294 ppi density)'",b'Android 6.0 (Marshmallow)',"b'microSD, up to 64 GB'","b'16/32 GB, 1/2 GB RAM'","b'13 MP, AF'",b'720p@30fps',b'2 MP',b'',b'Yes',b'Yes',b'Removable Li-Ion 2100 mAh battery',"b'Wi-Fi 802.11 b/g/n, Wi-Fi Direct, hotspot'","b'4.0, A2DP'","b'Yes, with A-GPS'",b'FM radio',b'microUSB 2.0',"b'Fingerprint (rear-mounted), accelerometer, proximity'",,b'Gray',,b'Qualcomm MSM8909 Snapdragon 210 (28 nm)',b'Quad-core 1.1 GHz',b'Adreno 304',,"b'LED flash, HDR, panorama'",,,,,,,,,,,,,,,,,,,b'0.35 W/kg (head) \xc2\xa0 \xc2\xa0 1.62 W/kg (body)',,,,,,,,,,,,,,
b'archos',b'Archos Diamond 2 Plus',b'https://cdn2.gsmarena.com/vv/bigpic/archos-diamond2plus.jpg',b'GSM / HSPA / LTE',b'GSM 850 / 900 / 1800 / 1900 - SIM 1 & SIM 2',b'HSDPA 900 / 2100',"b'LTE band 1(2100), 3(1800), 7(2600), 20(800)'","b'HSPA 42.2/11.5 Mbps, LTE Cat4 150/50 Mbps'","b'2016, March'","b'Available. Released 2016, August'",b'148.3 x 73.8 x 8.3 mm (5.84 x 2.91 x 0.33 in)',b'193 g (6.81 oz)',"b'Hybrid Dual SIM (Micro-SIM, dual stand-by)'","b'IPS LCD capacitive touchscreen, 16M colors'","b'5.5 inches, 83.4 cm2 (~76.2% screen-to-body ratio)'","b'1080 x 1920 pixels, 16:9 ratio (~401 ppi density)'",b'Android 6.0 (Marshmallow)',"b'microSD, up to 256 GB (uses shared SIM slot)'","b'64 GB, 4 GB RAM'","b'20.7 MP, f/2.4, PDAF'",b'1080p@30fps',"b'8 MP, f/1.9, 22mm (wide)'",b'1080p@30fps',b'Yes',b'Yes',b'Active noise cancellation with dedicated mic',"b'Wi-Fi 802.11 a/b/g/n, dual-band, DLNA, Wi-Fi Direct, hotspot'","b'4.0, A2DP, LE, EDR, aptX'","b'Yes, with A-GPS, GLONASS, BDS'",b'Stereo FM radio with RDS; recording',"b'3.0, Type-C 1.0 reversible connector, USB On-The-Go'","b'Fingerprint (front-mounted), accelerometer, proximity, compass'",b'Non-removable Li-Ion 2950 mAh battery',b'Black',b'Asahi Dragontrail Glass',b'Mediatek MT6755 Helio P10 (28 nm)',b'Octa-core (4x2.0 GHz Cortex-A53 & 4x1.0 GHz Cortex-A53)',b'Mali-T860MP2',,"b'Dual-LED dual-tone flash, HDR, panorama'",b'HDR',,,,b'About 250 EUR',,,b'Up to 320 h (3G)',b'Up to 11 h (3G)',,,,,,,,,,b'0.57 W/kg (head) \xc2\xa0 \xc2\xa0 1.65 W/kg (body)',,,,,,,,,,,,,,
b'archos',b'Archos 55 Cobalt Plus',b'https://cdn2.gsmarena.com/vv/bigpic/archos-55-cobalt-plus.jpg',b'GSM / HSPA / LTE',b'GSM 850 / 900 / 1800 / 1900 - SIM 1 & SIM 2',b'HSDPA 900 / 2100',"b'LTE band 1(2100), 7(2600), 9(1800), 20(800)'","b'HSPA 42.2/11.5 Mbps, LTE Cat4 150/50 Mbps'","b'2016, January'","b'Available. Released 2016, March'",b'152.5 x 77 x 8.3 mm (6.00 x 3.03 x 0.33 in)',b'130 g (4.59 oz)',"b'Dual SIM (Micro-SIM, dual stand-by)'","b'IPS LCD capacitive touchscreen, 16M colors'","b'5.5 inches, 83.4 cm2 (~71.0% screen-to-body ratio)'","b'720 x 1280 pixels, 16:9 ratio (~267 ppi density)'",b'Android 5.1.1 (Lollipop)',"b'microSD, up to 64 GB'","b'16 GB, 2 GB RAM'","b'13 MP, AF'",b'720p@30fps',b'2 MP',b'',b'Yes',b'Yes',b'Non-removable Li-Ion 2700 mAh battery',"b'Wi-Fi 802.11 b/g/n, Wi-Fi Direct, DLNA, hotspot'","b'4.0, A2DP'","b'Yes, with A-GPS'","b'Stereo FM radio, RDS, recording'",b'microUSB 2.0',"b'Accelerometer, gyro, proximity'",,b'Blue/Gray',,b'Mediatek MT6735P (28 nm)',b'Quad-core 1.0 GHz Cortex-A53',b'Mali-T720MP2',,"b'LED flash, HDR, panorama'",,,,,,,,b'Up to 450 h',b'Up to 27 h',,,,,,,,,,b'0.25 W/kg (head) \xc2\xa0 \xc2\xa0 1.28 W/kg (body)',,,,,,,,,,,,,,
b'archos',b'Archos 50 Cobalt',b'https://cdn2.gsmarena.com/vv/bigpic/archos-55-cobalt.jpg',b'GSM / HSPA / LTE',b'GSM 850 / 900 / 1800 / 1900 - SIM 1 & SIM 2',b'HSDPA 900 / 2100',"b'LTE band 1(2100), 7(2600), 9(1800), 20(800)'","b'HSPA 42.2/11.5 Mbps, LTE Cat4 150/50 Mbps'","b'2016, January'","b'Available. Released 2016, March'",b'141.5 x 71.5 x 9.2 mm (5.57 x 2.81 x 0.36 in)',b'135 g (4.76 oz)',"b'Dual SIM (Micro-SIM, dual stand-by)'","b'IPS LCD capacitive touchscreen, 16M colors'","b'5.0 inches, 68.9 cm2 (~68.1% screen-to-body ratio)'","b'720 x 1280 pixels, 16:9 ratio (~294 ppi density)'",b'Android 5.1.1 (Lollipop)',"b'microSD, up to 64 GB'","b'8 GB, 1 GB RAM'","b'8 MP, AF'",b'720p@30fps',b'2 MP',b'',b'Yes',b'Yes',b'Non-removable Li-Ion 2000 mAh battery',"b'Wi-Fi 802.11 b/g/n, Wi-Fi Direct, DLNA, hotspot'","b'4.0, A2DP'","b'Yes, with A-GPS'","b'Stereo FM radio, RDS, recording'",b'microUSB 2.0',"b'Accelerometer, gyro, proximity'",,b'Blue/Gray',,b'Mediatek MT6735P (28 nm)',b'Quad-core 1.0 GHz Cortex-A53',b'Mali-T720MP2',,"b'LED flash, HDR, panorama'",,,,,,,,b'Up to 330 h',b'Up to 20 h',,,,,,,,,,b'0.28 W/kg (head) \xc2\xa0 \xc2\xa0 1.25 W/kg (body)',,,,,,,,,,,,,,
b'archos',b'Archos Diamond Plus',b'https://cdn2.gsmarena.com/vv/bigpic/archos-diamond-plus.jpg',b'GSM / HSPA / LTE',b'GSM 850 / 900 / 1800 / 1900 - SIM 1 & SIM 2',b'HSDPA 850 / 900 / 1900 / 2100',"b'LTE band 3(1800), 7(2600), 20(800)'","b'HSPA, LTE'","b'2015, September'","b'Available. Released 2015, November'",b'152.6 x 76.4 x 8.4 mm (6.01 x 3.01 x 0.33 in)',b'160 g (5.64 oz)',b'Hybrid Dual SIM',"b'IPS LCD capacitive touchscreen, 16M colors'","b'5.5 inches, 83.4 cm2 (~71.5% screen-to-body ratio)'","b'1080 x 1920 pixels, 16:9 ratio (~401 ppi density)'",b'Android 5.1.1 (Lollipop)',"b'microSD, up to 256 GB (uses shared SIM slot)'","b'16 GB, 2 GB RAM'","b'16 MP, AF'",b'1080p@30fps',b'8 MP',b'',b'Yes',b'Yes',b'Active noise cancellation with dedicated mic',b'Wi-Fi 802.11 b/g/n',"b'4.0, LE'","b'Yes, with A-GPS'",b'FM radio',"b'microUSB 2.0, USB On-The-Go'","b'Accelerometer, proximity, compass'",b'Non-removable Li-Ion 2850 mAh battery',b'Silver',b'Asahi Dragontrail Glass',b'Mediatek MT6753 (28 nm)',b'Octa-core 1.3 GHz Cortex-A53',b'Mali-T720MP3',,b'LED flash',,,,,,,,,,,,,,,,,,,,,,,,,,,,,,,,,
b'archos',b'Archos Diamond S',b'https://cdn2.gsmarena.com/vv/bigpic/archos-diamond-s.jpg',b'GSM / HSPA / LTE',b'GSM 850 / 900 / 1800 / 1900 - SIM 1 & SIM 2',b'HSDPA 850 / 900 / 1900 / 2100',"b'LTE band 3(1800), 7(2600), 20(800)'","b'HSPA, LTE'","b'2015, September'","b'Available. Released 2015, November'",b'145 x 71.5 x 6.5 mm (5.71 x 2.81 x 0.26 in)',b'118 g (4.16 oz)',b'Dual SIM',"b'Super AMOLED capacitive touchscreen, 16M colors'","b'5.0 inches, 68.9 cm2 (~66.5% screen-to-body ratio)'","b'720 x 1280 pixels, 16:9 ratio (~294 ppi density)'",b'Android 5.1.1 (Lollipop)',"b'microSD, up to 256 GB'","b'16 GB, 2 GB RAM'","b'16 MP, 1/2.8"", 1.12\xc2\xb5m, AF'",b'1080p@30fps',b'8 MP',b'',b'Yes',b'Yes',b'Non-removable Li-Ion 2300 mAh battery',b'Wi-Fi 802.11 b/g/n',"b'4.0, LE'","b'Yes, with A-GPS'",b'FM radio',"b'microUSB 2.0, USB On-The-Go'","b'Accelerometer, proximity, compass'",,b'Black',b'Corning Gorilla Glass 3',b'Mediatek MT6753 (28 nm)',b'Octa-core 1.3 GHz Cortex-A53',b'Mali-T720MP3',,b'LED flash',,,,,,,,,,,,,,,,,,,b'0.33 W/kg (head) \xc2\xa0 \xc2\xa0 1.60 W/kg (body)',,,,,,,,,,,,,,
b'archos',b'Archos 50d Helium 4G',b'https://cdn2.gsmarena.com/vv/bigpic/archos-50d-helium-4g.jpg',b'GSM / HSPA / LTE',b'GSM 850 / 900 / 1800 / 1900 - SIM 1 & SIM 2',b'HSDPA 900 / 2100',"b'LTE band 3(1800), 7(2600), 20(800)'","b'HSPA 42.2/11.5 Mbps, LTE Cat4 150/50 Mbps'","b'2015, July'","b'Available. Released 2015, July'",b'146 x 72.2 x 8.4 mm (5.75 x 2.84 x 0.33 in)',b'154 g (5.43 oz)',"b'Dual SIM (Micro-SIM, dual stand-by)'","b'IPS LCD capacitive touchscreen, 16M colors'","b'5.0 inches, 68.9 cm2 (~65.4% screen-to-body ratio)'","b'720 x 1280 pixels, 16:9 ratio (~294 ppi density)'",b'Android 5.1 (Lollipop)',b'microSD',"b'8 GB, 1 GB RAM'","b'13 MP, AF'",b'1080p@30fps',b'5 MP',b'',b'Yes',b'Yes',b'Removable Li-Ion 2100 mAh battery',"b'Wi-Fi 802.11 b/g/n, Wi-Fi Direct, hotspot'","b'4.0, LE'","b'Yes, with A-GPS'",b'FM radio',b'microUSB 2.0',"b'Accelerometer, proximity, compass'",,"b'Dark blue, Black'",,b'Qualcomm MSM8916 Snapdragon 410 (28 nm)',b'Quad-core 1.2 GHz Cortex-A53',b'Adreno 305',,b'LED flash',,,,,b'About 140 EUR',,,,,,,,,,,,,,,,,,,,,,,,,,,,
b'archos',b'Archos 50b Helium 4G',b'https://cdn2.gsmarena.com/vv/bigpic/archos-50b-helium.jpg',b'GSM / HSPA / LTE',b'GSM 850 / 900 / 1800 / 1900 - SIM 1 & SIM 2',b'HSDPA 850 / 900 / 2100',"b'LTE band 1(2100), 3(1800), 7(2600), 20(800)'","b'HSPA 42.2/11.5 Mbps, LTE Cat4 150/50 Mbps'","b'2014, October'","b'Available. Released 2014, December'",b'145 x 71.5 x 9 mm (5.71 x 2.81 x 0.35 in)',b'160 g (5.64 oz)',"b'Dual SIM (Micro-SIM, dual stand-by)'","b'IPS LCD capacitive touchscreen, 16M colors'","b'5.0 inches, 68.9 cm2 (~66.5% screen-to-body ratio)'","b'720 x 1280 pixels, 16:9 ratio (~294 ppi density)'",b'Android 4.4.4 (KitKat)',"b'microSD, up to 256 GB'","b'8 GB, 1 GB RAM'","b'8 MP, AF'",b'1080p@30fps',b'2 MP',b'',b'Yes',b'Yes',b'Removable Li-Po 2000 mAh battery',"b'Wi-Fi 802.11 b/g/n, Wi-Fi Direct'","b'4.0, A2DP'","b'Yes, with A-GPS'",b'FM radio',b'microUSB 2.0',"b'Accelerometer, proximity, compass'",,b'Black',,b'Qualcomm MSM8916 Snapdragon 410 (28 nm)',b'Quad-core 1.2 GHz Cortex-A53',b'Adreno 306',,b'LED flash',,b'Yes',,,b'About 150 EUR',,,,,,,,,,,,,,b'0.40 W/kg (head) \xc2\xa0 \xc2\xa0 0.71 W/kg (body)',,,,,,,,,,,,,,
b'archos',b'Archos 50 Diamond',b'https://cdn2.gsmarena.com/vv/bigpic/archos-50-diamond.jpg',b'GSM / HSPA / LTE',b'GSM 850 / 900 / 1800 / 1900',b'HSDPA 850 / 900 / 2100',"b'LTE band 1(2100), 3(1800), 7(2600), 20(800)'","b'HSPA 42.2/11.5 Mbps, LTE Cat4 150/50 Mbps'","b'2014, October'","b'Available. Released 2015, January'",b'146 x 70.4 x 8 mm (5.75 x 2.77 x 0.31 in)',b'142 g (5.01 oz)',"b'Dual SIM (Micro-SIM, dual stand-by)'","b'IPS LCD capacitive touchscreen, 16M colors'","b'5.0 inches, 69.2 cm2 (~67.4% screen-to-body ratio)'","b'1080 x 1920 pixels, 16:9 ratio (~440 ppi density)'",b'Android 4.4.4 (KitKat)',"b'microSD, up to 256 GB'","b'16 GB, 2 GB RAM'","b'16 MP, AF'",b'1080p@30fps',b'8 MP',b'',b'Yes',b'Yes',b'Non-removable Li-Po 2700 mAh battery',"b'Wi-Fi 802.11 b/g/n, Wi-Fi Direct'","b'4.0, A2DP'","b'Yes, with A-GPS'",b'FM radio',b'microUSB 2.0',"b'Accelerometer, proximity, compass'",,"b'Black, Electric yellow'",,b'Qualcomm MSM8939 Snapdragon 615 (28 nm)',b'Octa-core (4x1.5 GHz Cortex-A53 & 4x1.0 GHz Cortex-A53)',b'Adreno 405',,b'LED flash',,b'Yes',,,b'About 200 EUR',,,,,,,,,,,,,,b'0.40 W/kg (head) \xc2\xa0 \xc2\xa0 0.71 W/kg (body)',,b'Photo / Video',,,b'Endurance rating 60h',,,,,,,,,
b'archos',b'Archos 40 Cesium',b'https://cdn2.gsmarena.com/vv/bigpic/archos-40-cesium.jpg',b'GSM / HSPA',b'GSM 850 / 900 / 1800 / 1900 - SIM 1 & SIM 2',b'HSDPA 900 / 2100',,b'HSPA 21.1/5.76 Mbps',"b'2014, September'","b'Available. Released 2014, September'",b'-',b'',b'Dual SIM (dual stand-by)',"b'TFT capacitive touchscreen, 16M colors'","b'4.0 inches, 45.5 cm2'","b'480 x 800 pixels, 5:3 ratio (~233 ppi density)'",b'Microsoft Windows Phone 8.1',"b'microSD, up to 32 GB'","b'4 GB, 512 MB RAM'","b'5 MP, AF'",b'1080p@30fps',b'2 MP',b'',b'Yes',b'Yes',b'Removable Li-Ion 1700 mAh Removable Li-Po battery',"b'Wi-Fi 802.11 b/g/n, hotspot'","b'4.0, A2DP, EDR'","b'Yes, with A-GPS'","b'FM radio, RDS'",b'microUSB 2.0',"b'Accelerometer, proximity, compass'",,b'Black; Yellow and Blue (included)',,b'Qualcomm Snapdragon 200 (28 nm)',b'Quad-core 1.2 GHz Cortex-A7',b'Adreno 302',,b'LED flash',,,,,b'About 80 EUR',,,,,,,,,,,,,,,,,,,,,,,,,,,,
b'archos',b'Archos 45c Platinum',b'https://cdn2.gsmarena.com/vv/bigpic/archos-45c-platinum.jpg',b'GSM / HSPA',b'GSM 850 / 900 / 1800 / 1900',b'HSDPA 900 / 2100',,b'HSPA 21.1/5.76 Mbps',"b'2014, August'","b'Available. Released 2014, September'",b'133 x 67.5 x 8.9 mm (5.24 x 2.66 x 0.35 in)',b'138 g (4.87 oz)',b'Dual SIM (Mini-SIM)',"b'IPS LCD capacitive touchscreen, 16M colors'","b'4.5 inches, 55.8 cm2 (~62.2% screen-to-body ratio)'","b'480 x 854 pixels, 16:9 ratio (~218 ppi density)'",b'Android 4.4.2 (KitKat)',"b'microSD, up to 32 GB'","b'4 GB, 512 MB RAM'","b'5 MP, AF'",b'1080p@30fps',b'2 MP',b'',b'Yes',b'Yes',b'Removable Li-Ion 1700 mAh Removable Li-Po battery',"b'Wi-Fi 802.11 b/g/n, hotspot, Wi-Fi Direct, DLNA'","b'4.0, A2DP, EDR'","b'Yes, with A-GPS'",b'Stereo FM radio',b'microUSB 2.0',"b'Accelerometer, proximity, compass'",,b'Black; Metallic Blue and Spicy Pink (included)',,b'Mediatek MT6582 (28 nm)',b'Quad-core 1.3 GHz Cortex-A7',b'Mali-400MP2',,b'LED flash',,,,,,,,,,,,,,,,,,,,,,,,,,,,,,,,,
b'archos',b'Archos 40c Titanium',b'https://cdn2.gsmarena.com/vv/bigpic/archos-40c-titanium.jpg',b'GSM / HSPA',b'GSM 850 / 900 / 1800 / 1900 - SIM 1 & SIM 2',b'HSDPA 900 / 2100 - SIM 1 & SIM 2',,b'HSPA 21.1/5.76 Mbps',"b'2014, February'","b'Available. Released 2014, April'",b'126 x 65 x 10 mm (4.96 x 2.56 x 0.39 in)',b'110 g (3.88 oz)',b'Dual SIM (dual stand-by)',b'LCD capacitive touchscreen',"b'4.0 inches, 45.5 cm2 (~55.6% screen-to-body ratio)'","b'480 x 800 pixels, 5:3 ratio (~233 ppi density)'",b'Android 4.4 (KitKat)',"b'microSD, up to 64 GB'","b'4 GB, 512 MB RAM'","b'5 MP, AF'",b'720p@30fps',b'VGA',b'',"b'Yes, with stereo speakers'",b'Yes',b'Removable Li-Po 1450 mAh battery',"b'Wi-Fi 802.11 b/g/n, hotspot'","b'3.0, A2DP, EDR'","b'Yes, with A-GPS'",b'No',b'microUSB 2.0',"b'Accelerometer, proximity'",,b'Black/White',,b'Mediatek MT6572 (28 nm)',b'Dual-core 1.3 GHz Cortex-A7',b'Mali-400',,b'LED flash',,,,,,,,,,,,,,,,,,,,,,,,,b'1.00 W/kg (head) \xc2\xa0 \xc2\xa0 0.87 W/kg (body)',,,,,,,,
b'archos',b'Archos 50b Platinum',b'https://cdn2.gsmarena.com/vv/bigpic/archos-50b-platinum.jpg',b'GSM / HSPA',b'GSM 850 / 900 / 1800 / 1900',b'HSDPA 900 / 2100',,b'HSPA 21.1/5.76 Mbps',"b'2014, August'","b'Available. Released 2014, September'",b'146.8 x 73 x 8.3 mm (5.78 x 2.87 x 0.33 in)',b'160 g (5.64 oz)',b'Dual SIM (Mini-SIM)',"b'IPS LCD capacitive touchscreen, 16M colors'","b'5.0 inches, 68.9 cm2 (~64.3% screen-to-body ratio)'","b'540 x 960 pixels, 16:9 ratio (~220 ppi density)'",b'Android 4.4.2 (KitKat)',"b'microSD, up to 32 GB'","b'4 GB, 512 MB RAM'","b'8 MP, AF'",b'1080p@30fps',b'2 MP',b'',b'Yes',b'Yes',b'Removable Li-Ion 1900 mAh Removable Li-Po battery',"b'Wi-Fi 802.11 b/g/n, hotspot, Wi-Fi Direct, DLNA'","b'4.0, A2DP, EDR'","b'Yes, with A-GPS'",b'Stereo FM radio',b'microUSB 2.0',"b'Accelerometer, proximity, compass'",,b'Black',,b'Mediatek MT6582 (28 nm)',b'Quad-core 1.3 GHz Cortex-A7',b'Mali-400MP2',,b'LED flash',,,,,,,,,,,,,,,,,,,,,,,,,,,,,,,,,
b'archos',b'Archos 80 Helium 4G',b'https://cdn2.gsmarena.com/vv/bigpic/archos-80-helium-4g.jpg',b'GSM / HSPA / LTE',b'GSM 850 / 900 / 1800 / 1900',b'HSDPA 900 / 2100',"b'LTE band 1(2100), 3(1800), 7(2600), 20(800)'","b'HSPA 21.1/5.76 Mbps, LTE Cat4 150/50 Mbps'","b'2014, February'","b'Available. Released 2014, April'",b'-',b'-',b'Mini-SIM',"b'IPS LCD capacitive touchscreen, 16M colors'","b'8.0 inches, 198.2 cm2'","b'768 x 1024 pixels, 4:3 ratio (~160 ppi density)'",b'Android 4.3 (Jelly Bean)',"b'microSD, up to 32 GB (dedicated slot)'","b'8 GB, 1 GB RAM'","b'5 MP, AF'",b'1080p@30fps',b'2 MP',b'',b'Yes',b'Yes',b'Removable Li-Ion 3500 mAh battery',"b'Wi-Fi 802.11 b/g/n, hotspot, Wi-Fi Direct, DLNA'","b'4.0, A2DP, EDR'","b'Yes, with A-GPS'",b'No',b'microUSB 2.0',b'Accelerometer',,b'White/Silver',,b'Qualcomm MSM8926 Snapdragon 400 (28 nm)',b'Quad-core 1.2 GHz Cortex-A7',b'Adreno 305',,b'LED flash',,,,,b'About 280 EUR',,,,,,,,,,,,,,,,,,,,,,,,,,,,
b'archos',b'Archos 64 Xenon',b'https://cdn2.gsmarena.com/vv/bigpic/archos-64-xenon.jpg',b'GSM / HSPA',b'GSM 850 / 900 / 1800 / 1900',b'HSDPA 900 / 2100',,b'HSPA 21.1/5.76 Mbps',"b'2014, February'","b'Available. Released 2014, April'",b'170.7 x 90.6 x 9.3 mm (6.72 x 3.57 x 0.37 in)',b'232 g (8.18 oz)',b'Dual SIM',"b'IPS LCD capacitive touchscreen, 16M colors'","b'6.4 inches, 112.9 cm2 (~73.0% screen-to-body ratio)'","b'720 x 1280 pixels, 16:9 ratio (~229 ppi density)'",b'Android 4.2.2 (Jelly Bean)',"b'microSD, up to 32 GB'","b'4 GB, 1 GB RAM'","b'8 MP, AF'",b'720p',b'2 MP',b'',b'Yes',b'Yes',b'Removable Li-Ion 2800 mAh battery',"b'Wi-Fi 802.11 b/g/n, hotspot, Wi-Fi Direct, DLNA'","b'3.0, A2DP, EDR'","b'Yes, with A-GPS'",b'No',b'microUSB 2.0',"b'Accelerometer, proximity, compass'",,b'Black',,b'Mediatek MT6582 (28 nm)',b'Quad-core 1.3 GHz Cortex-A7',b'Mali-400MP2',,b'LED flash',,,,,b'About 240 EUR',,,,,,,,,,,,,,,,,,,,,,,,,,,,
b'archos',b'Archos 50c Oxygen',b'https://cdn2.gsmarena.com/vv/bigpic/archos-50c-oxygen.jpg',b'GSM / HSPA',b'GSM 850 / 900 / 1800 / 1900',b'HSDPA 900 / 2100',,b'HSPA 21.1/5.76 Mbps',"b'2014, February'","b'Available. Released 2014, April'",b'145 x 69.8 x 7.6 mm (5.71 x 2.75 x 0.30 in)',b'140 g (4.94 oz)',b'Dual SIM',"b'IPS LCD capacitive touchscreen, 16M colors'","b'5.0 inches, 68.9 cm2 (~68.1% screen-to-body ratio)'","b'720 x 1280 pixels, 16:9 ratio (~294 ppi density)'",b'Android 4.2.2 (Jelly Bean)',"b'microSD, up to 32 GB'","b'8 GB, 1 GB RAM'","b'8 MP, AF'",b'1080p@30fps',b'2 MP',b'',b'Yes',b'Yes',b'Removable Li-Ion 2000 mAh battery',"b'Wi-Fi 802.11 b/g/n, hotspot, Wi-Fi Direct, DLNA'","b'4.0, A2DP, EDR'","b'Yes, with A-GPS'",b'Stereo FM radio',b'microUSB 2.0',"b'Accelerometer, proximity, compass'",,b'Black',,b'Mediatek MT6592 (28 nm)',b'Octa-core 1.7 GHz Cortex-A7',b'Mali-450MP4',,b'LED flash',,,,,b'About 240 EUR',,,,,,,,,,,,,,,,,,,,,,,,,,,,
b'archos',b'Archos 40b Titanium',b'https://cdn2.gsmarena.com/vv/bigpic/archos-40b-titanium.jpg',b'GSM / HSPA',b'GSM 850 / 900 / 1800 / 1900',b'HSDPA 900 / 2100',,b'HSPA 21.1/5.76 Mbps',"b'2014, February'","b'Available. Released 2014, April'",b'125 x 61 x 8.5 mm (4.92 x 2.40 x 0.33 in)',b'115 g (4.06 oz)',b'Dual SIM',b'IPS LCD capacitive touchscreen',"b'4.0 inches, 45.5 cm2 (~59.7% screen-to-body ratio)'","b'480 x 800 pixels, 5:3 ratio (~233 ppi density)'",b'Android 4.2.2 (Jelly Bean)',"b'microSD, up to 32 GB'","b'4 GB, 512 MB RAM'","b'5 MP, AF'",b'Yes',b'VGA',b'',"b'Yes, with stereo speakers'",b'Yes',b'Removable Li-Ion 1400 mAh battery',"b'Wi-Fi 802.11 b/g/n, hotspot, Wi-Fi Direct, DLNA'","b'3.0, A2DP, EDR'","b'Yes, with A-GPS'",b'No',b'microUSB 2.0',"b'Accelerometer, proximity'",,b'Black/White',,,,,,b'LED flash',,,,,b'About 120 EUR',,,,,,,,,,,,,,,,,,,,b'1.00 W/kg (head) \xc2\xa0 \xc2\xa0 0.87 W/kg (body)',,,,,,,,
b'archos',b'Archos 50 Helium 4G',b'https://cdn2.gsmarena.com/vv/bigpic/archos-helium-4g-50.jpg',b'GSM / HSPA / LTE',b'GSM 850 / 900 / 1800 / 1900',b'HSDPA 900 / 2100  / 1800',"b'LTE band 1(2100), 3(1800), 7(2600), 8(900)'","b'HSPA 42.2/11.5 Mbps, LTE Cat4 150/50 Mbps'",b'2014',b'Available. Released 2014',b'145 x 71.5 x 9 mm (5.71 x 2.81 x 0.35 in)',b'160 g (5.64 oz)',b'Micro-SIM',"b'IPS LCD capacitive touchscreen, 16M colors'","b'5.0 inches, 68.9 cm2 (~66.5% screen-to-body ratio)'","b'720 x 1280 pixels, 16:9 ratio (~294 ppi density)'",b'Android 4.3 (Jelly Bean)',"b'microSD, up to 32 GB (dedicated slot)'","b'8 GB, 1 GB RAM'","b'8 MP, AF'",b'1080p@30fps',b'2 MP',b'',b'Yes',b'Yes',b'Removable Li-Ion 2000 mAh battery',"b'Wi-Fi 802.11 b/g/n, hotspot, Wi-Fi Direct, DLNA'","b'4.0, A2DP, EDR, LE'","b'Yes, with A-GPS, GLONASS'",b'FM radio',b'microUSB 2.0',"b'Accelerometer, proximity, compass'",,b'Black',,b'Qualcomm MSM8926 Snapdragon 400 (28 nm)',b'Quad-core 1.2 GHz Cortex-A7',b'Adreno 305',,b'LED flash',,,,,b'About 280 EUR',,,,b'Up to 10 h (2G) / Up to 8 h (3G)',,,,,,,,,,b'0.37 W/kg (head) \xc2\xa0 \xc2\xa0 0.89 W/kg (body)',,,,,,,,,,,,,,
b'archos',b'Archos 45 Helium 4G',b'https://cdn2.gsmarena.com/vv/bigpic/archos-helium-4g-45.jpg',b'GSM / HSPA / LTE',b'GSM 850 / 900 / 1800 / 1900',b'HSDPA 900 / 2100  / 1800',"b'LTE band 1(2100), 3(1800), 7(2600), 8(900)'","b'HSPA 42.2/11.5 Mbps, LTE Cat4 150/50 Mbps'",b'2014',b'Available. Released 2014',b'135 x 67 x 9.8 mm (5.31 x 2.64 x 0.39 in)',b'140 g (4.94 oz)',b'Micro-SIM',"b'IPS LCD capacitive touchscreen, 16M colors'","b'4.5 inches, 57.6 cm2 (~63.7% screen-to-body ratio)'","b'480 x 800 pixels, 5:3 ratio (~207 ppi density)'",b'Android 4.3 (Jelly Bean)',"b'microSD, up to 32 GB (dedicated slot)'","b'4 GB, 1 GB RAM'","b'5 MP, AF'",b'1080p@30fps',b'VGA',b'',b'Yes',b'Yes',b'Removable Li-Ion 1850 mAh battery',"b'Wi-Fi 802.11 b/g/n, hotspot, Wi-Fi Direct, DLNA'","b'4.0, A2DP, EDR, LE'","b'Yes, with A-GPS, GLONASS'",b'FM radio',b'microUSB 2.0',"b'Accelerometer, proximity, compass'",,b'Black',,b'Qualcomm MSM8926 Snapdragon 400 (28 nm)',b'Quad-core 1.2 GHz Cortex-A7',b'Adreno 305',,b'LED flash',,,,,b'About 230 EUR',,,,b'Up to 9 h (2G) / Up to 7 h (3G)',,,,,,,,,,,,,,,,,,,,,,,,
b'archos',b'Archos 50 Oxygen',b'https://cdn2.gsmarena.com/vv/bigpic/archos-oxygen-50.jpg',b'GSM / HSPA',b'GSM 850 / 900 / 1800 / 1900',b'HSDPA 900 / 2100',,b'HSPA 42.2/11.5 Mbps',b'2013. Released 2013',b'Discontinued',b'143 x 70.5 x 9.9 mm (5.63 x 2.78 x 0.39 in)',b'130 g (4.59 oz)',b'Micro-SIM',"b'IPS LCD capacitive touchscreen, 16M colors'","b'5.0 inches, 68.9 cm2 (~68.4% screen-to-body ratio)'","b'1080 x 1920 pixels, 16:9 ratio (~441 ppi density)'",b'Android 4.2.2 (Jelly Bean)',"b'microSD, up to 32 GB (dedicated slot)'","b'16 GB, 1 GB RAM'","b'13.4 MP, AF'",b'1080p@30fps',b'5.3 MP',b'',b'Yes',b'Yes',b'Removable Li-Ion 2300 mAh battery',"b'Wi-Fi 802.11 b/g/n, hotspot, Wi-Fi Direct, DLNA'","b'4.0, A2DP, EDR'","b'Yes, with A-GPS'",b'Stereo FM radio',"b'microUSB 2.0 (MHL TV-out), USB Host'","b'Accelerometer, gyro, proximity, compass'",,b'Black',,b'Mediatek MT6589T (28 nm)',b'Quad-core 1.5 GHz Cortex-A7',b'PowerVR SGX544MP2',,b'LED flash',b'LED flash',,,,,,,,,,,,,,,,,,b'0.22 W/kg (head) \xc2\xa0 \xc2\xa0 0.56 W/kg (body)',,,,,,,,,,,,,,
b'archos',b'Archos 53 Platinum',b'https://cdn2.gsmarena.com/vv/bigpic/archos-platinum-53.jpg',b'GSM / HSPA',b'GSM 900 / 1800 / 1900 - SIM 1 & SIM 2',b'HSDPA 900 / 2100',,b'HSPA 7.2/5.76 Mbps',b'2013. Released 2013',b'Discontinued',b'153.6 x 78 x 9.3 mm (6.05 x 3.07 x 0.37 in)',b'189.9 g (6.67 oz)',b'Dual SIM (Mini-SIM)',"b'IPS LCD capacitive touchscreen, 16M colors'","b'5.3 inches, 77.4 cm2 (~64.6% screen-to-body ratio)'","b'540 x 960 pixels, 16:9 ratio (~208 ppi density)'",b'Android 4.1.2 (Jelly Bean)',"b'microSD, up to 32 GB (dedicated slot)'","b'4 GB, 1 GB RAM'","b'8 MP, AF'",b'720p',b'2 MP',b'',b'Yes',b'Yes',b'Removable Li-Ion 2800 mAh battery',"b'Wi-Fi 802.11 b/g/n, hotspot, DLNA'","b'3.0, A2DP, EDR'","b'Yes, with A-GPS'",b'Stereo FM radio',b'microUSB 2.0',"b'Accelerometer, proximity'",,b'Black',,b'Qualcomm MSM8225Q Snapdragon S4 Play',b'Quad-core 1.2 GHz Cortex-A5',b'Adreno 203',,"b'LED flash, HDR'",,,,,,,,b'Up to 264 h',b'Up to 21 h (2G) / Up to 15 h (3G)',,,,,,,,,,b'0.33 W/kg (head) \xc2\xa0 \xc2\xa0 0.75 W/kg (body)',,,,,,,,,,,,,,
b'archos',b'Archos 50 Platinum',b'https://cdn2.gsmarena.com/vv/bigpic/archos-platinum-50.jpg',b'GSM / HSPA',b'GSM 900 / 1800 / 1900 - SIM 1 & SIM 2',b'HSDPA 900 / 2100',,b'HSPA 7.2/5.76 Mbps',b'2013. Released 2013',b'Discontinued',b'143.4 x 72.4 x 8.9 mm (5.65 x 2.85 x 0.35 in)',b'160.2 g (5.64 oz)',b'Dual SIM (Mini-SIM)',"b'IPS LCD capacitive touchscreen, 16M colors'","b'5.0 inches, 68.9 cm2 (~66.4% screen-to-body ratio)'","b'540 x 960 pixels, 16:9 ratio (~220 ppi density)'",b'Android 4.1.2 (Jelly Bean)',"b'microSD, up to 32 GB (dedicated slot)'","b'4 GB, 1 GB RAM'","b'8 MP, AF'",b'720p',b'2 MP',b'',b'Yes',b'Yes',b'Removable Li-Ion 2000 mAh battery',"b'Wi-Fi 802.11 b/g/n, hotspot, DLNA'","b'3.0, A2DP, EDR'","b'Yes, with A-GPS'",b'Stereo FM radio',b'microUSB 2.0',"b'Accelerometer, proximity'",,b'Black',,b'Qualcomm MSM8225Q Snapdragon S4 Play',b'Quad-core 1.2 GHz Cortex-A5',b'Adreno 203',,"b'LED flash, HDR'",,,,,,,,b'Up to 161 h',b'Up to 12 h 20 min (2G) / Up to 10 h (3G)',,,,,,,,,,b'0.33 W/kg (head) \xc2\xa0 \xc2\xa0 0.51 W/kg (body)',,,,,,,,,,,,,,
b'archos',b'Archos 45 Platinum',b'https://cdn2.gsmarena.com/vv/bigpic/archos-platinum-45.jpg',b'GSM / HSPA',b'GSM 900 / 1800 / 1900 - SIM 1 & SIM 2',b'HSDPA 900 / 2100',,b'HSPA 7.2/5.76 Mbps',b'2013. Released 2013',b'Discontinued',b'142.5 x 71.8 x 9.2 mm (5.61 x 2.83 x 0.36 in)',b'150 g (5.29 oz)',b'Dual SIM (Mini-SIM)',"b'TFT capacitive touchscreen, 16M colors'","b'4.5 inches, 55.8 cm2 (~54.6% screen-to-body ratio)'","b'540 x 960 pixels, 16:9 ratio (~245 ppi density)'",b'Android 4.1.2 (Jelly Bean)',"b'microSD, up to 32 GB (dedicated slot)'","b'4 GB, 1 GB RAM'","b'5 MP, AF'",b'720p',b'VGA',b'',b'Yes',b'Yes',b'Removable Li-Ion 1600 mAh battery',"b'Wi-Fi 802.11 b/g/n, hotspot, DLNA'","b'3.0, A2DP, EDR'","b'Yes, with A-GPS'",b'Stereo FM radio',b'microUSB 2.0',"b'Accelerometer, proximity'",,b'Black',,b'Qualcomm MSM8225Q Snapdragon S4 Play',b'Quad-core 1.2 GHz Cortex-A5',b'Adreno 203',,"b'LED flash, HDR'",,,,,,,,b'Up to 135 h',b'Up to 8 h 20 min (2G) / Up to 10 h (3G)',,,,,,,,,,b'0.39 W/kg (head) \xc2\xa0 \xc2\xa0 1.28 W/kg (body)',,,,,,,,,,,,,,
b'archos',b'Archos 53 Titanium',b'https://cdn2.gsmarena.com/vv/bigpic/archos-titanium-53.jpg',b'GSM / HSPA',b'GSM 850 / 900 / 1800 / 1900 - SIM 1 & SIM 2',b'HSDPA 900 / 2100',,b'HSPA 21.1/5.76 Mbps',b'2013. Released 2013',b'Discontinued',b'152.7 x 76.6 x 10.1 mm (6.01 x 3.02 x 0.40 in)',b'200 g (7.05 oz)',b'Dual SIM (Mini-SIM)',"b'TFT capacitive touchscreen, 16M colors'","b'5.3 inches, 77.4 cm2 (~66.2% screen-to-body ratio)'","b'480 x 854 pixels, 16:9 ratio (~185 ppi density)'",b'Android 4.2.2 (Jelly Bean)',"b'microSD, up to 32 GB (dedicated slot)'","b'4 GB, 512 MB RAM'","b'5 MP, AF'",b'720p',b'VGA',b'',b'Yes',b'Yes',b'Removable Li-Ion 2500 mAh battery',"b'Wi-Fi 802.11 b/g/n, hotspot, DLNA'","b'2.1, A2DP, EDR'","b'Yes, with A-GPS'",b'Stereo FM radio',b'microUSB 2.0',b'Accelerometer',,b'Black',,b'Mediatek MT6572 (28 nm)',b'Dual-core 1.3 GHz Cortex-A7',b'Mali-400',,b'LED flash',,,,,,,,,,,,,,,,,,,b'0.38 W/kg (head) \xc2\xa0 \xc2\xa0 0.55 W/kg (body)',,,,,,,,,,,,,,
b'archos',b'Archos 50 Titanium',b'https://cdn2.gsmarena.com/vv/bigpic/archos-titanium-50.jpg',b'GSM / HSPA',b'GSM 850 / 900 / 1800 / 1900 - SIM 1 & SIM 2',b'HSDPA 900 / 2100',,b'HSPA 21.1/5.76 Mbps',b'2013. Released 2013',b'Discontinued',b'144.5 x 73.7 x 9.9 mm (5.69 x 2.90 x 0.39 in)',b'160 g (5.64 oz)',b'Dual SIM (Mini-SIM & Micro-SIM)',"b'IPS LCD capacitive touchscreen, 16M colors'","b'5.0 inches, 68.9 cm2 (~64.7% screen-to-body ratio)'","b'540 x 960 pixels, 16:9 ratio (~220 ppi density)'",b'Android 4.2.2 (Jelly Bean)',"b'microSD, up to 32 GB (dedicated slot)'","b'4 GB, 512 MB RAM'","b'5 MP, AF'",b'720p',b'VGA',b'',b'Yes',b'Yes',b'Removable Li-Ion 2100 mAh battery',"b'Wi-Fi 802.11 b/g/n, hotspot, DLNA'","b'2.1, A2DP, EDR'","b'Yes, with A-GPS'",b'Stereo FM radio',b'microUSB 2.0',b'Accelerometer',,b'Black',,b'Mediatek MT6572 (28 nm)',b'Dual-core 1.3 GHz Cortex-A7',b'Mali-400',,b'LED flash',,,,,,,,,,,,,,,,,,,b'0.35 W/kg (head) \xc2\xa0 \xc2\xa0 0.70 W/kg (body)',,,,,,,,,,,,,,
b'archos',b'Archos 45 Titanium',b'https://cdn2.gsmarena.com/vv/bigpic/archos-titanium-45.jpg',b'GSM / HSPA',b'GSM 850 / 900 / 1800 / 1900 - SIM 1 & SIM 2',b'HSDPA 900 / 2100',,b'HSPA 21.1/5.76 Mbps',b'2013. Released 2013',b'Discontinued',b'133.8 x 68.2 x 10 mm (5.27 x 2.69 x 0.39 in)',b'152 g (5.36 oz)',b'Dual SIM (Mini-SIM)',"b'TFT capacitive touchscreen, 16M colors'","b'4.5 inches, 55.8 cm2 (~61.2% screen-to-body ratio)'","b'480 x 854 pixels, 16:9 ratio (~218 ppi density)'",b'Android 4.2.2 (Jelly Bean)',"b'microSD, up to 32 GB (dedicated slot)'","b'4 GB, 512 MB RAM'","b'5 MP, AF'",b'720p',b'VGA',b'',b'Yes',b'Yes',b'Removable Li-Ion 1680 mAh battery',"b'Wi-Fi 802.11 b/g/n, hotspot, DLNA'","b'3.0, A2DP, EDR'","b'Yes, with A-GPS'",b'Stereo FM radio',b'microUSB 2.0',b'Accelerometer',,b'Black',,b'Mediatek MT6572 (28 nm)',b'Dual-core 1.3 GHz Cortex-A7',b'Mali-400',,b'LED flash',,,,,,,,,,,,,,,,,,,b'1.16 W/kg (head) \xc2\xa0 \xc2\xa0 0.77 W/kg (body)',,,,,,,,,,,,,,
b'archos',b'Archos 40 Titanium',b'https://cdn2.gsmarena.com/vv/bigpic/archos-titanium-40.jpg',b'GSM / HSPA',b'GSM 850 / 900 / 1800 / 1900 - SIM 1 & SIM 2',b'HSDPA 900 / 2100',,b'HSPA 21.1/5.76 Mbps',b'2013. Released 2013',b'Discontinued',b'125 x 65 x 8.5 mm (4.92 x 2.56 x 0.33 in)',b'124 g (4.37 oz)',b'Dual SIM (Mini-SIM)',"b'TFT capacitive touchscreen, 16M colors'","b'4.0 inches, 45.5 cm2 (~56.1% screen-to-body ratio)'","b'480 x 800 pixels, 5:3 ratio (~233 ppi density)'",b'Android 4.2.2 (Jelly Bean)',"b'microSD, up to 32 GB (dedicated slot)'","b'4 GB, 512 MB RAM'","b'5 MP, AF'",b'720p',b'VGA',b'',b'Yes',b'Yes',b'Removable Li-Ion 1500 mAh battery',"b'Wi-Fi 802.11 b/g/n, hotspot, DLNA'","b'3.0, A2DP, EDR'","b'Yes, with A-GPS'",b'Stereo FM radio',b'microUSB 2.0',b'Accelerometer',,b'Black',,b'Mediatek MT6572 (28 nm)',b'Dual-core 1.3 GHz Cortex-A7',b'Mali-400',,b'LED flash',,,,,,,,b'Up to 150 h',b'Up to 12 h (2G) / Up to 9 h 30 min (3G)',,,,,,,,,,b'0.44 W/kg (head) \xc2\xa0 \xc2\xa0 0.73 W/kg (body)',,,,,,,,,,,,,,
