Brand,Model Name,Model Image,Technology,2G bands,3G bands,4G bands,Speed,Announced,Status,Dimensions,Weight,SIM,Type,Size,Resolution,OS,Card slot,Internal,Single,Video,Single_1,Video_1,Loudspeaker,3.5mm jack,,WLAN,Bluetooth,GPS,Radio,USB,Sensors,_1,Colors,Protection,Chipset,CPU,GPU,Dual,Features,Features_1,NFC,Models,_1_1,Price,Infrared port,Charging,Stand-by,Talk time,GPRS,EDGE,Build,Music play,Phonebook,Call records,Messaging,Games,Java,SAR EU,Display,Camera,Loudspeaker_1,Audio quality,Battery life,SAR,Keyboard,Browser,Alert types,Clock,Alarm,Languages,Dual_1,Performance,Triple,5G
b'energizer',b'Energizer Energy E12',b'https://cdn2.gsmarena.com/vv/bigpic/energizer-energy-e12.jpg',b'GSM',b'GSM 850 / 900 / 1800 / 1900 - SIM 1 & SIM 2',,,,"b'2019, April'","b'Available. Released 2019, June'",b'117 x 51 x 15 mm (4.61 x 2.01 x 0.59 in)',b'91 g (3.21 oz)',b'Dual SIM (Mini-SIM)',"b'TFT, 256K colors'","b'1.8 inches, 10.2 cm2 (~17.1% screen-to-body ratio)'",b'128 x 160 pixels (~114 ppi density)',,"b'microSD, up to 16 GB'","b'4 MB, 4 MB RAM'",b'VGA',b'Yes',b'VGA',b'',b'Yes',b'Yes',b'- Flashlight',b'No',b'2.1',b'No',b'FM radio',b'microUSB 2.0',b'',b'Li-Ion 1000 mAh battery',b'Black',,b'Spreadtrum SC6531E',,,,,,,,,b'About 10 EUR',,,,,b'Yes',b'Yes',,,b'Yes',b'Yes',"b'SMS, MMS'",b'',b'No',,,,,,,,,,,,,,,,,
b'energizer',b'Energizer Hardcase H10',b'https://cdn2.gsmarena.com/vv/bigpic/energizer-hardcase-h10.jpg',b'GSM',b'GSM 850 / 900 / 1800 / 1900 - SIM 1 & SIM 2',,,,"b'2019, April'","b'Available. Released 2019, April'",b'109 x 49 x 15 mm (4.29 x 1.93 x 0.59 in)',b'80 g (2.82 oz)',b'Dual SIM (Mini-SIM)',"b'TFT, 256K colors'","b'1.8 inches, 10.2 cm2 (~19.1% screen-to-body ratio)'",b'128 x 160 pixels (~114 ppi density)',,"b'microSD, up to 32 GB'","b'64 MB, 32 MB RAM'",b'VGA',b'Yes',b'VGA',b'',b'Yes',b'Yes',b'IP54 splash/shock proof - Flashlight',b'No',b'3.0',b'No',b'FM radio',b'microUSB',b'',b'Li-Ion 1000 mAh battery',b'Black',,b'Mediatek MT6261A',,,,,,,,,b'About 30 EUR',,,,,b'Yes',b'Yes',,,b'Yes',b'Yes',b'SMS',b'',b'No',,,,,,,,,,,,,,,,,
b'energizer',b'Energizer Power Max P8100S',b'https://cdn2.gsmarena.com/vv/bigpic/energizer-power-max-p8100s-.jpg',b'GSM / HSPA / LTE / 5G',b'GSM 850 / 900 / 1800 / 1900 - SIM 1 & SIM 2',b'HSDPA 850 / 900 / 2100',b'LTE (unspecified)',"b'HSPA 42.2/5.76 Mbps, LTE-A (2CA) Cat13 600/50 Mbps; 5G (2+ Gbps DL)'","b'2019, February'","b'Coming soon. Exp. release 2019, November'",b'-',b'-',"b'Dual SIM (Nano-SIM, dual stand-by)'","b'IPS LCD capacitive touchscreen, 16M colors'","b'8.1 inches, 203.2 cm2'","b'1536 x 2048 pixels, 4:3 ratio (~316 ppi density)'",b'Android 9.0 (Pie)',"b'microSD, up to 256 GB'","b'256 GB, 8 GB RAM'",b'24 MP',b'2160p@30fps',,b'1080p@30fps',b'Yes',b'No',"b'Cover display: 6 inches, 1080 x 2160 pixels'","b'Wi-Fi 802.11 a/b/g/n, Wi-Fi Direct, hotspot'","b'5.0, A2DP, LE'","b'Yes, with A-GPS'",b'FM radio',b'Type-C 1.0 reversible connector',"b'Accelerometer, gyro, proximity, compass'","b'Non-removable Li-Po 10,000 mAh battery'",b'Dark red',,b'Qualcomm SDM855 Snapdragon 855 (7 nm)',b'Octa-core (1x2.84 GHz Kryo 485 & 3x2.42 GHz Kryo 485 & 4x1.8 GHz Kryo 485)',b'Adreno 640',"b'48 MP, f/1.8, (wide), 1/2"", 0.8\xc2\xb5m, PDAF 12 MP'","b'Dual-LED flash, HDR, panorama'",,,,,b'About 900 EUR',,b'Fast battery charging 18W',,,,,,,,,,,,,,,,,,,,,,,,,,,,b'5G NSA / Sub6 / mmWave'
b'energizer',b'Energizer Power Max P18K Pop',b'https://cdn2.gsmarena.com/vv/bigpic/energizer-power-max-p18k-pop-100.jpg',b'GSM / HSPA / LTE',b'GSM 850 / 900 / 1800 / 1900 - SIM 1 & SIM 2',b'HSDPA 850 / 900 / 1900 / 2100',"b'LTE band 1(2100), 3(1800), 5(850), 7(2600), 8(900), 20(800)'","b'HSPA, LTE-A'","b'2019, February'",b'Cancelled',b'\xe2\x81\x93 30-40 mm thickness',b'-',"b'Hybrid Dual SIM (Nano-SIM, dual stand-by)'","b'IPS LCD capacitive touchscreen, 16M colors'","b'6.2 inches, 95.9 cm2 (~83.8% screen-to-body ratio)'","b'1080 x 2280 pixels, 19:9 ratio (~407 ppi density)'",b'Android 9.0 (Pie)',"b'microSD, up to 128 GB (uses SIM 2 slot)'","b'128 GB, 6 GB RAM'",,b'1080p@30fps',,b'1080p@30fps',b'Yes',b'No',b'Active noise cancellation with dedicated mic',"b'Wi-Fi 802.11 a/b/g/n/ac, dual-band, hotspot'","b'5.0, A2DP, LE'","b'Yes, with A-GPS, GLONASS'",b'FM radio',"b'2.0, Type-C 1.0 reversible connector, USB On-The-Go'","b'Fingerprint (side-mounted), accelerometer, gyro, proximity, compass'","b'Non-removable Li-Po 18,000 mAh battery'","b'Black, Blue'",,b'Mediatek Helio P70 (12nm)',b'Octa-core (4x2.0 GHz Cortex-A73 & 4x2.0 GHz Cortex-A53)',b'Mali-G72 MP3',"b'16 MP 2 MP, depth sensor'","b'Dual-LED dual-tone flash, panorama, HDR'",,,,,,,b'Fast battery charging 18W USB Power Delivery 2.0 Power Bank/Reverse charging',,,,,,,,,,,,,,,,,,,,,,,,,,,"b'12 MP, PDAF 5 MP 2 MP, depth sensor'",
b'energizer',b'Energizer Ultimate U620S Pop',b'https://cdn2.gsmarena.com/vv/bigpic/energizer-ultimate-u620s-pop.jpg',b'GSM / HSPA / LTE',b'GSM 850 / 900 / 1800 / 1900 - SIM 1 & SIM 2',b'HSDPA 850 / 900 / 2100',"b'LTE band 1(2100), 3(1800), 5(850), 7(2600), 8(900), 20(800), 28(700), 38(2600), 39(1900), 40(2300), 41(2500)'","b'HSPA, LTE-A'","b'2019, January'","b'Coming soon. Exp. release 2019, July'",b'153.2 x 74.9 x 10.3 mm (6.03 x 2.95 x 0.41 in)',b'-',"b'Hybrid Dual SIM (Nano-SIM, dual stand-by)'","b'IPS LCD capacitive touchscreen, 16M colors'","b'6.2 inches, 95.9 cm2 (~83.6% screen-to-body ratio)'","b'1080 x 2280 pixels, 19:9 ratio (~407 ppi density)'",b'Android 9.0 (Pie)',"b'microSD, up to 128 GB (uses SIM 2 slot)'","b'128 GB, 6 GB RAM'",,b'1080p@30fps',,b'1080p',b'Yes',b'No',b'Active noise cancellation with dedicated mic',"b'Wi-Fi 802.11 a/b/g/n/ac, dual-band, Wi-Fi Direct, hotspot'","b'5.0, A2DP, LE'","b'Yes, with A-GPS, GLONASS'",b'FM radio',"b'2.0, Type-C 1.0 reversible connector, USB On-The-Go'","b'Fingerprint (side-mounted), accelerometer, gyro, proximity, compass'",b'Non-removable Li-Ion 3200 mAh battery',"b'Black, Red, Green'",,b'Mediatek Helio P70',b'Octa-core (4x2.1 GHz Cortex-A73 & 4x2.0 GHz Cortex-A53)',b'Mali-G72 MP3',"b'Motorized pop-up 16 MP Motorized pop-up 2 MP, depth sensor'","b'Dual-LED dual-tone flash, panorama, HDR'",,,,,,,b'Fast battery charging 18W',,,,,,,,,,,,,,,,,,,,,,,,,,,"b'12 MP, PDAF 5 MP 2 MP, depth sensor'",
b'energizer',b'Energizer Ultimate U650S',b'https://cdn2.gsmarena.com/vv/bigpic/energizer-ultimate-u650s.jpg',b'GSM / HSPA / LTE',b'GSM 850 / 900 / 1800 / 1900 - SIM 1 & SIM 2',b'HSDPA 850 / 900 / 2100',"b'LTE band 1(2100), 3(1800), 5(850), 7(2600), 8(900), 20(800), 40(2300)'","b'HSPA, LTE-A'","b'2019, January'","b'Coming soon. Exp. release 2019, October'",b'162.5 x 76.5 x 8.2 mm (6.40 x 3.01 x 0.32 in)',b'-',"b'Hybrid Dual SIM (Nano-SIM, dual stand-by)'","b'IPS LCD capacitive touchscreen, 16M colors'","b'6.5 inches, 107.2 cm2 (~86.3% screen-to-body ratio)'","b'720 x 1480 pixels, 18.5:9 ratio (~253 ppi density)'",b'Android 9.0 (Pie)',"b'microSD, up to 256 GB (uses SIM 2 slot)'","b'128 GB, 4 GB RAM'",b'16 MP',b'1080p@30fps',,b'1080p',b'Yes',b'No',b'Active noise cancellation with dedicated mic',"b'Wi-Fi 802.11 a/b/g/n/ac, dual-band, Wi-Fi Direct, hotspot'","b'5.0, A2DP, LE'","b'Yes, with A-GPS, GLONASS'",b'FM radio',"b'2.0, Type-C 1.0 reversible connector, USB On-The-Go'","b'Fingerprint (rear-mounted), accelerometer, gyro, proximity, compass'",b'Non-removable Li-Ion 3500 mAh battery',b'Yes',,b'Mediatek MT6762 Helio P22 (12 nm)',b'Octa-core 2.0 GHz Cortex-A53',b'PowerVR GE8320',"b'16 MP, PDAF 2 MP, depth sensor'","b'Dual-LED dual-tone flash, panorama, HDR'",,,,,,,b'Fast battery charging 10W',,,,,,,,,,,,,,,,,,,,,,,,,,,,
b'energizer',b'Energizer Ultimate U630S Pop',b'https://cdn2.gsmarena.com/vv/bigpic/energizer-ultimate-u630s-pop.jpg',b'GSM / HSPA / LTE',b'GSM 850 / 900 / 1800 / 1900 - SIM 1 & SIM 2',b'HSDPA 850 / 900 / 1900 / 2100',"b'LTE band 1(2100), 3(1800), 5(850), 7(2600), 8(900), 20(800), 40(2300), 41(2500)'","b'HSPA, LTE-A'","b'2019, January'","b'Available. Released 2019, June'",b'157.9 x 78.9 x 9.6 mm (6.22 x 3.11 x 0.38 in)',b'-',"b'Hybrid Dual SIM (Nano-SIM, dual stand-by)'","b'IPS LCD capacitive touchscreen, 16M colors'","b'6.3 inches, 100.7 cm2 (~80.9% screen-to-body ratio)'","b'720 x 1480 pixels, 18.5:9 ratio (~261 ppi density)'",b'Android 9.0 (Pie)',"b'microSD, up to 128 GB (uses SIM 2 slot)'","b'64 GB, 4 GB RAM'",,b'1080p@30fps',,b'1080p',b'Yes',b'No',b'Active noise cancellation with dedicated mic',"b'Wi-Fi 802.11 b/g/n, Wi-Fi Direct, hotspot'","b'5.0, A2DP, LE'","b'Yes, with A-GPS, GLONASS'",b'FM radio',"b'2.0, Type-C 1.0 reversible connector, USB On-The-Go'","b'Fingerprint (rear-mounted), accelerometer, gyro, proximity, compass'",b'Non-removable Li-Ion 3500 mAh battery',b'Black',,b'Mediatek MT6762 Helio P22 (12 nm)',b'Octa-core 2.0 GHz Cortex-A53',b'PowerVR GE8320',"b'16 MP, PDAF 2 MP, depth sensor'","b'LED flash, panorama, HDR'",,,,,,,b'Fast battery charging 10W',,,,,,,,,,,,,,,,,,,,,,,,,"b'Motorized pop-up 16 MP Motorized pop-up 2 MP, depth sensor'",,,
b'energizer',b'Energizer Ultimate U620S',b'https://cdn2.gsmarena.com/vv/bigpic/energizer-ultimate-u620s.jpg',b'GSM / HSPA / LTE',b'GSM 850 / 900 / 1800 / 1900 - SIM 1 & SIM 2',b'HSDPA 850 / 900 / 1900 / 2100',"b'LTE band 1(2100), 3(1800), 5(850), 7(2600), 8(900), 20(800), 38(2600), 40(2300), 41(2500)'","b'HSPA, LTE-A'","b'2019, January'","b'Available. Released 2019, June'",b'155.8 x 75.5 x 8.3 mm (6.13 x 2.97 x 0.33 in)',b'-',"b'Hybrid Dual SIM (Nano-SIM, dual stand-by)'","b'IPS LCD capacitive touchscreen, 16M colors'","b'6.2 inches, 97.6 cm2 (~82.9% screen-to-body ratio)'","b'720 x 1520 pixels, 18.5:9 ratio (~265 ppi density)'",b'Android 9.0 (Pie)',"b'microSD, up to 128 GB (uses SIM 2 slot)'","b'64 GB, 4 GB RAM'",b'16 MP',b'1080p@30fps',,b'1080p',b'Yes',b'Yes',b'Active noise cancellation with dedicated mic',"b'Wi-Fi 802.11 a/b/g/n/ac, dual-band, Wi-Fi Direct, hotspot'","b'5.0, A2DP, LE'","b'Yes, with A-GPS, GLONASS'",b'FM radio',"b'2.0, Type-C 1.0 reversible connector, USB On-The-Go'","b'Fingerprint (side-mounted), accelerometer, gyro, proximity, compass'",b'Removable Li-Po 4000 mAh battery',"b'Aurora Red, Aurora Blue'",,b'Mediatek MT6765 Helio P35 (12nm)',b'Octa-core (4x2.3 GHz Cortex-A53 & 4x1.8 GHz Cortex-A53)',b'PowerVR GE8320',,"b'Dual-LED dual-tone flash, panorama, HDR'",,,,,,,b'Fast battery charging 10W',,,,,,,,,,,,,,,,,,,,,,,,,,,"b'16 MP, PDAF 2 MP VGA, depth sensor'",
b'energizer',b'Energizer Ultimate U570S',b'https://cdn2.gsmarena.com/vv/bigpic/energizer-ultimate-u570s.jpg',b'GSM / HSPA / LTE',b'GSM 850 / 900 / 1800 / 1900 - SIM 1 & SIM 2',b'HSDPA 850 / 900 / 1900 / 2100',"b'LTE band 1(2100), 3(1800), 5(850), 7(2600), 8(900), 20(800), 38(2600), 40(2300), 41(2500)'","b'HSPA, LTE-A'","b'2019, January'","b'Available. Released Exp. release 2019, Q3'",b'148.8 x 70.5 x 8.6 mm (5.86 x 2.78 x 0.34 in)',b'-',"b'Hybrid Dual SIM (Nano-SIM, dual stand-by)'","b'IPS LCD capacitive touchscreen, 16M colors'","b'5.7 inches, 81.1 cm2 (~77.3% screen-to-body ratio)'","b'720 x 1520 pixels, 19:9 ratio (~295 ppi density)'",b'Android 9.0 (Pie)',"b'microSD, up to 128 GB (uses SIM 2 slot)'","b'32 GB, 4 GB RAM'",b'16 MP',b'1080p@30fps',,b'1080p',b'Yes',b'Yes',b'Active noise cancellation with dedicated mic',"b'Wi-Fi 802.11 b/g/n, Wi-Fi Direct, hotspot'","b'5.0, A2DP, LE'","b'Yes, with A-GPS'",b'FM radio',"b'microUSB 2.0, USB On-The-Go'","b'Fingerprint (side-mounted), accelerometer, gyro, proximity, compass'",b'Removable Li-Ion 3000 mAh battery',"b'Aurora Red, Blue, Yellow'",,b'Mediatek MT6761 Helio A22 (12 nm)',b'Quad-core 2.0 GHz Cortex-A53',b'PowerVR GE8320',"b'16 MP, PDAF 2 MP, depth sensor'","b'Dual-LED dual-tone flash, panorama, HDR'",,,,,,,,,,,,,,,,,,,,,,,,,,,,,,,,,,,
b'energizer',b'Energizer Hardcase H591S',b'https://cdn2.gsmarena.com/vv/bigpic/energizer-hardcase-h591s.jpg',b'GSM / HSPA / LTE',b'GSM 850 / 900 / 1800 / 1900 - SIM 1 & SIM 2',b'HSDPA 850 / 900 / 1700(AWS) / 1900 / 2100',"b'LTE band 1(2100), 2(1900), 3(1800), 4(1700/2100), 5(850), 7(2600), 8(900), 12(700), 17(700), 19(800), 20(800), 34(2000), 38(2600), 39(1900), 40(2300), 41(2500)'","b'HSPA, LTE-A'","b'2019, February'","b'Available. Released 2019, Q3'",b'164.2 x 79.4 x 12.2 mm (6.46 x 3.13 x 0.48 in)',b'260 g (9.17 oz)',"b'Hybrid Dual SIM (Nano-SIM, dual stand-by)'","b'TFT capacitive touchscreen, 16M colors'","b'5.99 inches, 98.9 cm2 (~75.9% screen-to-body ratio)'","b'1080 x 1920 pixels, 16:9 ratio (~368 ppi density)'",b'Android 8.1 (Oreo)',"b'microSD, up to 32 GB (uses SIM 2 slot)'","b'64 GB, 6 GB RAM'",,b'1080p@30fps',,b'',b'Yes',b'Yes',b'IP68 dust/water proof (up to 1.5m for 30 mins)',"b'Wi-Fi 802.11 a/b/g/n, Wi-Fi Direct, hotspot'","b'4.2, A2DP, LE'","b'Yes, with A-GPS'",b'No',"b'2.0, Type-C 1.0 reversible connector, USB On-The-Go'","b'Fingerprint (rear-mounted), accelerometer, gyro, proximity, compass'",b'Non-removable Li-Ion 5800 mAh battery',b'Black',b'Corning Gorilla Glass 3',b'Mediatek MT6763 Helio P23 (16 nm)',b'Octa-core 2.0 GHz Cortex-A53',b'Mali-G71 MP2',"b'16 MP, AF VGA, depth sensor'",b'Dual-LED flash',b'LED flash',b'Yes',,,,,b'Fast battery charging 10W',,,,,,,,,,,,,,,,,,,,,,,,,"b'8 MP VGA, depth sensor'",,,
b'energizer',b'Energizer Hardcase H570S',b'https://cdn2.gsmarena.com/vv/bigpic/energizer-hardcase-h570s-not-scan.jpg',b'GSM / HSPA / LTE',b'GSM 850 / 900 / 1800 / 1900 - SIM 1 & SIM 2',b'HSDPA 850 / 900 / 1700(AWS) / 1900 / 2100',"b'LTE band 1(2100), 2(1900), 3(1800), 4(1700/2100), 5(850), 7(2600), 8(900), 12(700), 17(700), 20(800), 28(700), 38(2600), 40(2300), 41(2500)'","b'HSPA 42.2/11.5 Mbps, LTE Cat4 150/50 Mbps'","b'2019, February'","b'Available. Released Exp. release 2019, Q3'",b'',b'-',"b'Hybrid Dual SIM (Nano-SIM, dual stand-by)'","b'LTPS IPS LCD capacitive touchscreen, 16M colors'","b'5.7 inches, 83.8 cm2'","b'720 x 1440 pixels, 18:9 ratio (~282 ppi density)'",b'Android 9.0 (Pie)',"b'microSD, up to 32 GB (uses SIM 2 slot)'","b'16 GB, 2 GB RAM'",b'8 MP',b'1080p@30fps',,b'',b'Yes',b'Yes',b'IP68 dust/water proof (up to 1.5m for 30 mins)',"b'Wi-Fi 802.11 b/g/n, Wi-Fi Direct, hotspot'","b'4.2, A2DP, LE'","b'Yes, with A-GPS, GLONASS'",b'No',"b'2.0, Type-C 1.0 reversible connector'","b'Fingerprint (rear-mounted), accelerometer, proximity'",b'Non-removable Li-Ion 6500 mAh battery',b'Black',b'Corning Gorilla Glass 3',b'Mediatek MT6739 (28 nm)',b'Quad-core 1.5 GHz Cortex-A53',b'PowerVR GE8100',"b'13 MP, AF VGA, depth sensor'",b'LED flash',,,,,,,b'Fast battery charging 10W',,,,,,,,,,,,,,,,,,,,,,,,,,,,
b'energizer',b'Energizer Hardcase H501S',b'https://cdn2.gsmarena.com/vv/bigpic/energizer-hardcase-h501s.jpg',b'GSM / HSPA / LTE',b'GSM 850 / 900 / 1800 / 1900 - SIM 1 & SIM 2',b'HSDPA 900 / 2100',"b'LTE band 1(2100), 3(1800), 7(2600), 20(800)'","b'HSPA 7.2/5.76 Mbps, LTE Cat4 150/50 Mbps'","b'2019, February'","b'Available. Released 2019, Q3'",b'149.4 x 69.9 x 12 mm (5.88 x 2.75 x 0.47 in)',b'-',"b'Hybrid Dual SIM (Nano-SIM, dual stand-by)'","b'IPS LCD capacitive touchscreen, 16M colors'","b'5.0 inches, 64.5 cm2 (~61.8% screen-to-body ratio)'","b'480 x 960 pixels, 18:9 ratio (~215 ppi density)'",b'Android 9.0 (Pie)',"b'microSD, up to 64 GB (uses SIM 2 slot)'","b'16 GB, 2 GB RAM'",b'5 MP',b'480p@30fps',,b'',b'Yes',b'Yes',b'IP68 dust/water proof (up to 1.5m for 30 mins)',"b'Wi-Fi 802.11 a/b/g/n, hotspot'","b'4.0, A2DP, LE'","b'Yes, with A-GPS, GLONASS'",b'No',b'microUSB 2.0',"b'Fingerprint (rear-mounted), accelerometer, gyro, proximity'",b'Non-removable Li-Ion 2500 mAh battery',b'Black',b'Panda Glass',b'Mediatek MT6739 (28 nm)',b'Quad-core 1.5 GHz Cortex-A53',b'PowerVR GE8100',"b'16 MP, AF 2 MP, depth sensor'",b'LED flash',,,,,,,,,,,,,,,,,,,,,,,,,,,,,,,,,,,
b'energizer',b'Energizer Hardcase H280S',b'https://cdn2.gsmarena.com/vv/bigpic/energizer-hardcase-h280s.jpg',b'GSM / HSPA / LTE',b'GSM 850 / 900 / 1800 / 1900 - SIM 1 & SIM 2',b'HSDPA 900 / 2100',"b'LTE band 1(2100), 3(1800), 7(2600), 20(800)'","b'HSPA, LTE'","b'2019, February'","b'Available. Released Exp. release 2019, Q3'",b'142 x 64 x 16.5 mm (5.59 x 2.52 x 0.65 in)',b'256 g (9.03 oz)',b'Dual SIM',"b'TFT, 256K colors'","b'2.8 inches, 24.3 cm2 (~26.7% screen-to-body ratio)'","b'240 x 320 pixels, 4:3 ratio (~143 ppi density)'",b'KaiOS',"b'microSD, up to 64 GB'",,b'5 MP',b'Yes',,b'',b'Yes',b'Yes',b'IP68 dust/water proof (up to 1.2m for 30 mins)',"b'Wi-Fi 802.11 b/g/n, hotspot'",b'Yes',"b'Yes, with A-GPS, GLONASS'",b'FM radio',b'microUSB 2.0',b'',b'2 MP',b'Black',,b'Spreadtrum SC9820E',b'Dual-core (2x1.2 GHz)',,,b'LED flash',,,,b'Li-Ion 2000 mAh battery',,,,,,,,,,,,,,,,,,,,,,,,,,,,,,,
b'energizer',b'Energizer Hardcase H241',b'https://cdn2.gsmarena.com/vv/bigpic/energizer-hardcase-h241s.jpg',b'GSM / HSPA',b'GSM 850 / 900 / 1800 / 1900 - SIM 1 & SIM 2',b'HSDPA 900 / 2100',,b'HSPA',"b'2019, February'","b'Available. Released Exp. release 2019, Q3'",b'128.5 x 56.5 x 16.5 mm (5.06 x 2.22 x 0.65 in)',b'-',b'Dual SIM (Mini-SIM)',"b'TFT, 256K colors'","b'2.4 inches, 17.8 cm2 (~24.6% screen-to-body ratio)'","b'240 x 320 pixels, 4:3 ratio (~167 ppi density)'",b'KaiOS',"b'microSD, up to 64 GB'","b'128 MB, 64 MB RAM'",b'2 MP',b'Yes',b'0.3 MP',b'',b'Yes',b'Yes',b'IP68 dust/water proof (up to 1.2m for 30 mins)',"b'Wi-Fi 802.11 b/g/n, hotspot'",b'Yes',b'No',b'FM radio',b'microUSB 2.0',b'',"b'Downloadable applications Facebook, Gmail, Whatsapp, etc.'",b'Black',,b'Mediatek MT6276\xd0\x90',,,,b'LED flash',,,,b'Li-Ion 2500 mAh battery',,,,,,,,,,,,,,,,,,,,,,,,,,,,,,,
b'energizer',b'Energizer Hardcase H242',b'https://cdn2.gsmarena.com/vv/bigpic/energizer-hardcase-h242.jpg',b'GSM / HSPA',b'GSM 850 / 900 / 1800 / 1900 - SIM 1 & SIM 2',b'HSDPA 850 / 900 / 1900 / 2100',,b'HSPA',"b'2019, February'","b'Available. Released Exp. release 2019, Q3'",b'125.3 x 54 x 14.5 mm (4.93 x 2.13 x 0.57 in)',b'-',b'Dual SIM (Mini-SIM)',"b'TFT, 16M colors'","b'2.4 inches, 17.8 cm2 (~26.4% screen-to-body ratio)'","b'240 x 320 pixels, 4:3 ratio (~167 ppi density)'",b'KaiOS',"b'microSD, up to 32 GB'","b'512 MB, 256 MB RAM'",b'0.3 MP',b'Yes',b'0.3 MP',b'',b'Yes',b'Yes',b'IP68 dust/water proof (up to 1.2m for 30 mins)',"b'Wi-Fi 802.11 b/g/n, hotspot'",b'2.1',"b'Yes, with A-GPS'",b'FM radio',b'microUSB 2.0',b'',b'Secondary external display',b'Black',,b'Spreadtrum SC7731E',b'Quad-core 1.3 GHz Cortex-A53',b'Mali-820',,b'LED flash',,,,b'Li-Ion 1500 mAh battery',,,,,,,,,,,,,,,,,,,,,,,,,,,,,,,
b'energizer',b'Energizer Hardcase H242S',b'https://cdn2.gsmarena.com/vv/bigpic/energizer-hardcase-h242s.jpg',b'GSM / HSPA / LTE',b'GSM 850 / 900 / 1800 / 1900 - SIM 1 & SIM 2',b'HSDPA 850 / 900 / 1900 / 2100',"b'LTE band 3(1800), 7(2600), 20(800)'","b'HSPA, LTE'","b'2019, February'","b'Available. Released Exp. release 2019, Q3'",b'125.3 x 54 x 14.5 mm (4.93 x 2.13 x 0.57 in)',b'-',b'Dual SIM (Mini-SIM)',"b'TFT, 16M colors'","b'2.4 inches, 17.8 cm2 (~26.4% screen-to-body ratio)'","b'240 x 320 pixels, 4:3 ratio (~167 ppi density)'",b'KaiOS',"b'microSD, up to 32 GB'","b'512 MB, 256 MB RAM'",b'0.3 MP',b'Yes',b'0.3 MP',b'',b'Yes',b'Yes',b'IP68 dust/water proof (up to 1.2m for 30 mins)',"b'Wi-Fi 802.11 b/g/n, hotspot'",b'2.1',"b'Yes, with A-GPS'",b'FM radio',b'microUSB 2.0',b'',b'Secondary external display',b'Black',,b'Spreadtrum SC7731E',b'Quad-core 1.3 GHz Cortex-A53',b'Mali-820',,b'LED flash',,,,b'Li-Ion 1500 mAh battery',,,,,,,,,,,,,,,,,,,,,,,,,,,,,,,
b'energizer',b'Energizer Energy E551S',b'https://cdn2.gsmarena.com/vv/bigpic/energizer-energy-e551s.jpg',b'GSM / HSPA / LTE',b'GSM 850 / 900 / 1800 / 1900 - SIM 1 & SIM 2',b'HSDPA 900 / 2100',"b'LTE band 1(2100), 3(1800), 7(2600), 8(900), 20(800), 28(700)'","b'HSPA 42.2/11.5 Mbps, LTE Cat4 150/50 Mbps'","b'2019, February'","b'Coming soon. Exp. release 2019, September'",b'-',b'-',"b'Hybrid Dual SIM (Micro-SIM/Nano-SIM, dual stand-by)'","b'TFT capacitive touchscreen, 16M colors'","b'5.5 inches, 83.4 cm2'","b'480 x 854 pixels, 16:9 ratio (~178 ppi density)'",b'Android 8.0 Oreo (Go edition)',"b'microSD, up to 64 GB (uses SIM 2 slot)'","b'8 GB, 1 GB RAM'",b'8 MP',b'720p@30fps',b'5 MP',b'',b'Yes',b'Yes',b'Li-Ion 2500 mAh battery',"b'Wi-Fi 802.11 b/g/n, hotspot'","b'4.0, A2DP, LE'","b'Yes, with A-GPS'",b'FM radio',b'microUSB 2.0',b'Accelerometer',,b'Black',,b'Mediatek MT6737M (28 nm)',b'Quad-core 1.3 GHz Cortex-A53',b'Mali-T720MP2',,b'LED flash',,,,,,,,,,,,,,,,,,,,,,,,,,,,,,,,,,,
b'energizer',b'Energizer Energy E401',b'https://cdn2.gsmarena.com/vv/bigpic/energizer-energy-e401s.jpg',b'GSM / HSPA',b'GSM 850 / 900 / 1800 / 1900 - SIM 1 & SIM 2',b'HSDPA 850 / 900 / 1900 / 2100',,b'HSPA 42.2/11.5 Mbps',"b'2019, February'","b'Available. Released 2019, June'",b'-',b'-',"b'Dual SIM (Micro-SIM, dual stand-by)'","b'TFT capacitive touchscreen, 16M colors'","b'4.0 inches, 44.1 cm2'","b'480 x 854 pixels, 16:9 ratio (~245 ppi density)'",b'Android 8.0 Oreo (Go edition)',"b'microSD, up to 32 GB (uses SIM 2 slot)'","b'8 GB, 1 GB RAM'",b'5 MP',b'720p@30fps',b'2 MP',b'',b'Yes',b'Yes',b'Li-Ion 2000 mAh battery',"b'Wi-Fi 802.11 b/g/n, hotspot'","b'4.0, A2DP, LE'","b'Yes, with A-GPS'",b'FM radio',b'microUSB 2.0',b'Accelerometer',,b'Black',,b'Mediatek MT6580M (28 nm)',b'Quad-core 1.3 GHz Cortex-A7',b'Mali-400MP2',,b'LED flash',,,,,,,,,,,,,,,,,,,,,,,,,,,,,,,,,,,
b'energizer',b'Energizer Energy E241s',b'https://cdn2.gsmarena.com/vv/bigpic/energizer-energy-e241s.jpg',b'GSM / HSPA / LTE',b'GSM 850 / 900 / 1800 / 1900 - SIM 1 & SIM 2',b'HSDPA 900 / 2100',"b'LTE band 3(1800), 7(2600), 20(800)'","b'HSPA, LTE Cat4 150/50 Mbps'","b'2019, February'","b'Available. Released 2019, May'",b'125.3 x 54 x 14.5 mm (4.93 x 2.13 x 0.57 in)',b'95 g (3.35 oz)',b'Dual SIM (Mini-SIM)',"b'TFT, 256K colors'","b'2.4 inches, 17.8 cm2 (~26.4% screen-to-body ratio)'","b'240 x 320 pixels, 4:3 ratio (~167 ppi density)'",b'KaiOS',"b'microSD, up to 32 GB'","b'512 MB, 256 MB RAM'",b'0.3 MP',b'Yes',b'0.3 MP',b'',b'Yes',b'Yes',"b'Downloadable applications Facebook, Gmail, Whatsapp, etc.'","b'Wi-Fi 802.11 b/g/n, hotspot'","b'2.1, EDR'","b'Yes, with A-GPS'",b'FM radio',b'microUSB 2.0',b'',b'Li-Ion 1900 mAh battery',"b'Black, Carbon black, Gray, White, Orange, Bordo Red'",,b'Spreadtrum SC9820E',b'Dual-core (2x1.3 GHz Cortex-A7)',,,b'LED flash',,,,,,,,,,,,,,,,,,,,,,,,,,,,,,,,,,,
b'energizer',b'Energizer Energy E241',b'https://cdn2.gsmarena.com/vv/bigpic/energizer-energy-e241.jpg',b'GSM / HSPA',b'GSM 850 / 900 / 1800 / 1900 - SIM 1 & SIM 2',b'HSDPA 900 / 2100',,b'HSPA',"b'2019, February'","b'Available. Released 2019, May'",b'125.3 x 54 x 14.5 mm (4.93 x 2.13 x 0.57 in)',b'72 g (2.54 oz)',b'Dual SIM (Mini-SIM)',"b'TFT, 256K colors'","b'2.4 inches, 17.8 cm2 (~26.4% screen-to-body ratio)'","b'240 x 320 pixels, 4:3 ratio (~167 ppi density)'",b'KaiOS',"b'microSD, up to 32 GB'","b'512 MB, 256 MB RAM'",b'0.3 MP',b'Yes',b'0.3 MP',b'',b'Yes',b'Yes',"b'Downloadable applications Facebook, Gmail, Whatsapp, etc.'","b'Wi-Fi 802.11 b/g/n, hotspot'","b'2.1, EDR'","b'Yes, with A-GPS'",b'FM radio',b'microUSB 2.0',b'',b'Li-Ion 1000 mAh battery',"b'Black, Carbon black, Gray, White, Orange, Carbon Red'",,b'Spreadtrum SC7731E',b'Quad-core 1.3 GHz Cortex-A53',b'Mali-820',,b'LED flash',,,,,,,,,,,,,,,,,,,,,,,,,,,,,,,,,,,
b'energizer',b'Energizer Energy E220s',b'https://cdn2.gsmarena.com/vv/bigpic/energizer-energy-e220s.jpg',b'GSM / HSPA / LTE',b'GSM 850 / 900 / 1800 / 1900 - SIM 1 & SIM 2',b'HSDPA 900 / 2100',"b'LTE band 1(2100), 3(1800), 7(2600), 8(900), 20(800)'",b'HSPA',"b'2019, February'","b'Coming soon. Exp. release 2019, July'",b'119 x 59 x 16.5 mm (4.69 x 2.32 x 0.65 in)',b'112 g (3.95 oz)',"b'Dual SIM (Micro-SIM, dual stand-by)'","b'TFT, 16M colors'","b'2.2 inches, 15.0 cm2 (~21.3% screen-to-body ratio)'","b'240 x 320 pixels, 4:3 ratio (~182 ppi density)'",b'KaiOS',"b'microSD, up to 32 GB'","b'512 MB, 256 MB RAM'",b'0.3 MP',b'Yes',,,b'Yes',b'Yes',b'No',"b'Wi-Fi 802.11 b/g/n, hotspot'",b'2.1',b'No',b'FM radio',b'microUSB 2.0',b'',b'Li-Ion 1000 mAh battery',"b'Black, Dark blue'",,b'Spreadtrum SC9820E',b'Dual-core (2x1.3 GHz Cortex-A7)',,,,,,,,,,,,,,,,,,,,,,,,,,,,,,,,,,,,,,
b'energizer',b'Energizer Energy E220',b'https://cdn2.gsmarena.com/vv/bigpic/energizer-energy-e220.jpg',b'GSM / HSPA',b'GSM 850 / 900 / 1800 / 1900 - SIM 1 & SIM 2',b'HSDPA 900 / 2100',,b'HSPA',"b'2019, February'","b'Coming soon. Exp. release 2019, July'",b'119 x 59 x 16.5 mm (4.69 x 2.32 x 0.65 in)',b'112 g (3.95 oz)',"b'Dual SIM (Micro-SIM, dual stand-by)'","b'TFT, 16M colors'","b'2.2 inches, 15.0 cm2 (~21.3% screen-to-body ratio)'","b'240 x 320 pixels, 4:3 ratio (~182 ppi density)'",b'KaiOS',"b'microSD, up to 32 GB'","b'512 MB, 256 MB RAM'",b'0.3 MP',b'Yes',,,b'Yes',b'Yes',b'No',"b'Wi-Fi 802.11 b/g/n, hotspot'",b'2.1',b'No',b'FM radio',b'microUSB 2.0',b'',b'Li-Ion 1000 mAh battery',"b'Black, Dark blue'",,b'Mediatek MT6572 (28 nm)',b'Dual-core 1.3 GHz Cortex-A7',b'Mali-400',,,,,,,,,,,,,,,,,,,,,,,,,,,,,,,,,,,,,
b'energizer',b'Energizer Power Max P490S',b'https://cdn2.gsmarena.com/vv/bigpic/energizer-power-max-p490s.jpg',b'GSM / HSPA / LTE',b'GSM 850 / 900 / 1800 / 1900 - SIM 1 & SIM 2',b'HSDPA 900 / 2100',"b'LTE band 1(2100), 3(1800), 7(2600), 8(900), 20(800), 28(700), 38(2600), 40(2300)'","b'HSPA 42.2/5.76 Mbps, LTE Cat4 150/50 Mbps'","b'2018, June'","b'Available. Released 2018, August'",b'139 x 65.8 x 12 mm (5.47 x 2.59 x 0.47 in)',b'139 g (4.90 oz)',"b'Dual SIM (Nano-SIM, dual stand-by)'","b'TFT capacitive touchscreen, 16M colors'","b'4.95 inches, 63.2 cm2 (~69.1% screen-to-body ratio)'","b'480 x 960 pixels, 18:9 ratio (~217 ppi density)'",b'Android 8.1 (Oreo)',"b'microSD, up to 32 GB (dedicated slot)'","b'16 GB, 2 GB RAM'",,b'1080p@30fps',,b'',b'Yes',b'Yes',b'Non-removable Li-Ion 4000 mAh battery',"b'Wi-Fi 802.11 b/g/n, hotspot'","b'4.0, A2DP, LE'","b'Yes, with A-GPS'",b'FM radio',b'microUSB 2.0',"b'Fingerprint (rear-mounted), accelerometer, proximity'",,b'Black',,b'Mediatek MT6739WA (28 nm)',b'Quad-core 1.3 GHz Cortex-A53',b'Mali-T720MP2',"b'8 MP, AF VGA, depth sensor'","b'Dual-LED dual-tone flash, panorama'",b'LED flash',,,,b'About 130 EUR',,,b'Up to 400 h (3G)',b'Up to 16 h (3G)',,,,,,,,,,,,,,,,,,,,,,,"b'5 MP VGA, depth sensor'",,,
b'energizer',b'Energizer Power Max P490',b'https://cdn2.gsmarena.com/vv/bigpic/energizer-power-max-p490.jpg',b'GSM / HSPA',b'GSM 850 / 900 / 1800 / 1900 - SIM 1 & SIM 2',b'HSDPA 850 / 900 / 1900 / 2100',,b'HSPA 42.2/5.76 Mbps',"b'2018, June'","b'Available. Released 2018, August'",b'139 x 65.8 x 12 mm (5.47 x 2.59 x 0.47 in)',b'139 g (4.90 oz)',"b'Dual SIM (Nano-SIM, dual stand-by)'","b'TFT capacitive touchscreen, 16M colors'","b'4.95 inches, 63.2 cm2 (~69.1% screen-to-body ratio)'","b'480 x 960 pixels, 18:9 ratio (~217 ppi density)'",b'Android 8.0 (Oreo Go)',"b'microSD, up to 32 GB (dedicated slot)'","b'8 GB, 1 GB RAM'",,b'720p@30fps',,b'',b'Yes',b'Yes',b'Non-removable Li-Ion 4000 mAh battery',"b'Wi-Fi 802.11 b/g/n, hotspot'","b'4.0, A2DP, LE'","b'Yes, with A-GPS'",b'FM radio',b'microUSB 2.0',"b'Fingerprint (rear-mounted), accelerometer, proximity'",,b'Black',,b'Mediatek MT6580M (28 nm)',b'Quad-core 1.3 GHz Cortex-A7',b'Mali-400 MP2',"b'8 MP, AF VGA, depth sensor'",b'Dual-LED dual-tone flash',b'LED flash',,,,b'About 90 EUR',,,b'Up to 400 h (3G)',b'Up to 10 h (3G)',,,,,,,,,,,,,,,,,,,,,,,"b'5 MP VGA, depth sensor'",,,
b'energizer',b'Energizer Hardcase H500S',b'https://cdn2.gsmarena.com/vv/bigpic/energizer-hardcase-h500s.jpg',b'GSM / HSPA / LTE',b'GSM 850 / 900 / 1800 / 1900 - SIM 1 & SIM 2',b'HSDPA 900 / 2100',"b'LTE band 1(2100), 3(1800), 7(2600), 8(900), 20(800), 40(2300)'","b'HSPA 42.2/11.5 Mbps, LTE Cat4 150/50 Mbps'","b'2018, February'","b'Available. Released 2018, February'",b'145.4 x 75 x 10.3 mm (5.72 x 2.95 x 0.41 in)',b'142.5 g (5.04 oz)',"b'Hybrid Dual SIM (Nano-SIM, dual stand-by)'","b'TFT capacitive touchscreen, 16M colors'","b'5.0 inches, 68.9 cm2 (~63.2% screen-to-body ratio)'","b'720 x 1280 pixels, 16:9 ratio (~294 ppi density)'",b'Android 7.0 (Nougat)',"b'microSD, up to 64 GB (uses SIM 2 slot)'","b'16 GB, 2 GB RAM'","b'13 MP, AF'",b'720p@30fps',b'5 MP',b'',b'Yes',b'Yes',b'IP68 dust/water proof (up to 1.5m for 30 mins)',"b'Wi-Fi 802.11 b/g/n, hotspot'","b'4.0, A2DP, LE'","b'Yes, with A-GPS'",b'FM radio',b'microUSB 2.0',"b'Accelerometer, proximity'",b'Non-removable Li-Ion 3000 mAh battery',b'Black',b'Corning Gorilla Glass 3',b'Mediatek MT6737 (28 nm)',b'Quad-core 1.3 GHz Cortex-A53',b'Mali-T720',,b'LED flash',,,,,b'About 230 EUR',,,b'Up to 300 h (3G)',b'Up to 13 h (3G)',,,,,,,,,,,,,,,,b'0.44 W/kg (head) \xc2\xa0 \xc2\xa0 1.65 W/kg (body)',,,,,,,,,,
b'energizer',b'Energizer Energy E500S',b'https://cdn2.gsmarena.com/vv/bigpic/energizer-energy-e500s.jpg',b'GSM / HSPA / LTE',b'GSM 850 / 900 / 1800 / 1900 - SIM 1 & SIM 2',b'HSDPA 850 / 900 / 1900 / 2100',"b'LTE band 1(2100), 3(1800), 7(2600), 8(900), 20(800), 28(700)'","b'HSPA 42.2/11.5 Mbps, LTE Cat4 150/50 Mbps'","b'Exp. announcement 2018, August'","b'Available. Released 2018, August'",b'139.8 x 71.5 x 8.6 mm (5.50 x 2.81 x 0.34 in)',b'127 g (4.48 oz)',"b'Hybrid Dual SIM (Micro-SIM/Nano-SIM, dual stand-by)'","b'TFT capacitive touchscreen, 16M colors'","b'5.0 inches, 68.9 cm2 (~68.9% screen-to-body ratio)'","b'480 x 854 pixels, 16:9 ratio (~196 ppi density)'",b'Android 8.0 (Oreo)',"b'microSD, up to 64 GB (uses SIM 2 slot)'","b'8 GB, 1 GB RAM'",b'8 MP',b'720p@30fps',b'5 MP',b'',b'Yes',b'Yes',b'Removable Li-Ion 2000 mAh battery',"b'Wi-Fi 802.11 b/g/n, hotspot'","b'4.0, A2DP, LE'","b'Yes, with A-GPS'",b'FM radio',b'microUSB 2.0',b'Accelerometer',,b'Black',,b'Mediatek MT6737M (28 nm)',b'Quad-core 1.1 GHz Cortex-A53',b'Mali-T720MP2',,b'LED flash',,,,,b'About 100 EUR',,,b'Up to 200 h (3G)',b'Up to 12 h (3G)',,,,,,,,,,,,,,,,,,,,,,,,,,
b'energizer',b'Energizer Energy E500',b'https://cdn2.gsmarena.com/vv/bigpic/energizer-energy-e500.jpg',b'GSM / HSPA',b'GSM 850 / 900 / 1800 / 1900 - SIM 1 & SIM 2',b'HSDPA 850 / 900 / 1900 / 2100',,b'HSPA 42.2/11.5 Mbps',"b'Exp. announcement 2018, August'","b'Available. Released 2018, August'",b'139.8 x 71.5 x 8.6 mm (5.50 x 2.81 x 0.34 in)',b'127 g (4.48 oz)',"b'Hybrid Dual SIM (Micro-SIM/Nano-SIM, dual stand-by)'","b'TFT capacitive touchscreen, 16M colors'","b'5.0 inches, 68.9 cm2 (~68.9% screen-to-body ratio)'","b'480 x 854 pixels, 16:9 ratio (~196 ppi density)'",b'Android Go',"b'microSD, up to 32 GB (uses shared SIM slot)'","b'8 GB, 1 GB RAM'",b'5 MP',b'480p@30fps',b'2 MP',b'',b'Yes',b'Yes',b'Removable Li-Ion 2000 mAh battery',"b'Wi-Fi 802.11 b/g/n, hotspot'","b'4.0, A2DP, LE'","b'Yes, with A-GPS'",b'FM radio',b'microUSB 2.0',b'Accelerometer',,b'Black',,b'Mediatek MT6580M (28 nm)',b'Quad-core 1.3 GHz Cortex-A7',b'Mali-400MP2',,b'LED flash',,,,,b'About 70 EUR',,,b'Up to 200 h (3G)',b'Up to 12 h (3G)',,,,,,,,,,,,,,,,,,,,,,,,,,
b'energizer',b'Energizer Energy E11',b'https://cdn2.gsmarena.com/vv/bigpic/energizer-energy-e10-.jpg',b'GSM',b'GSM 850 / 900 / 1800 / 1900 - SIM 1 & SIM 2',,,,"b'2018, July'","b'Available. Released 2018, July'",b'114 x 48 x 25.9 mm (4.49 x 1.89 x 1.02 in)',b'90 g (3.17 oz)',"b'Hybrid Dual SIM (Mini-SIM, dual stand-by)'","b'TFT, 256K colors'","b'1.8 inches, 10.2 cm2 (~18.6% screen-to-body ratio)'",b'128 x 160 pixels (~114 ppi density)',,"b'microSD, up to 16 GB'","b'4 MB, 4 MB RAM'",b'VGA',b'No',b'VGA',b'',b'Yes',b'Yes',b'Flashlight',b'No',b'2.0',b'No',b'FM radio',b'microUSB 2.0',b'',b'Removable Li-Ion 1800 mAh battery',b'Black',,b'Mediatek MT6261D',,,,,,,,,b'About 20 EUR',,,b'Up to 216 h (3G)',b'Up to 12.5 h (3G)',b'Class 12',b'No',,,b'Yes',b'Yes',"b'SMS, MMS'",b'No',b'No',,,,,,,b'1.03 W/kg (head) \xc2\xa0 \xc2\xa0 1.26 W/kg (body)',,,,,,,,,,
b'energizer',b'Energizer Energy E10+',b'https://cdn2.gsmarena.com/vv/bigpic/energizer-energy-e10-.jpg',b'GSM',b'GSM 850 / 900 / 1800 / 1900 - SIM 1 & SIM 2',,,,"b'2018, July'","b'Available. Released 2018, July'",b'110 x 47 x 14.3 mm (4.33 x 1.85 x 0.56 in)',b'69 g (2.43 oz)',"b'Dual SIM (Mini-SIM, dual stand-by)'","b'TFT, 256K colors'","b'1.8 inches, 10.2 cm2 (~19.7% screen-to-body ratio)'",b'128 x 160 pixels (~114 ppi density)',,"b'microSD, up to 16 GB'","b'4 MB, 4 MB RAM'",b'VGA',b'No',b'VGA',b'',b'Yes',b'Yes',b'Flashlight',b'No',b'3.0',b'No',b'FM radio',b'microUSB 2.0',b'',b'Removable Li-Ion 1000 mAh battery',b'Black',,b'Mediatek MT6261D',,,,,,,,,b'About 10 EUR',,,b'Up to 125 h (3G)',b'Up to 7 h (3G)',b'Class 12',b'No',,,b'Yes',b'Yes',b'SMS',b'No',b'No',,,,,,,b'0.60 W/kg (head) \xc2\xa0 \xc2\xa0 0.95 W/kg (body)',,,,,,,,,,
b'energizer',b'Energizer Power Max P20',b'https://cdn2.gsmarena.com/vv/bigpic/energizer-power-max-p20.jpg',b'GSM',b'GSM 850 / 900 / 1800 / 1900 - SIM 1 & SIM 2',,,,"b'2018, May'","b'Available. Released 2018, August'",b'136.5 x 55 x 17.5 mm (5.37 x 2.17 x 0.69 in)',b'130 g (4.59 oz)',"b'Hybrid Dual SIM (Nano-SIM, dual stand-by)'","b'TFT, 256K colors'","b'2.8 inches, 24.3 cm2 (~32.3% screen-to-body ratio)'","b'240 x 320 pixels, 4:3 ratio (~143 ppi density)'",,"b'microSD, up to 32 GB (uses shared SIM slot)'","b'32 MB, 32 MB RAM'",b'VGA',b'480p',,,b'Yes',b'Yes',b'Flashlight',b'No',"b'4.0, A2DP, LE'",b'No',b'FM radio',"b'microUSB 2.0, USB (Reverse charging out)'",b'',b'No',b'Black',,b'Spreadtrum SC6531E',,,,,,,,b'Li-Ion 4000 mAh battery',b'About 40 EUR',,b'Power Bank/Reverse charging',b'Up to 750 h (3G)',b'Up to 40 h (3G)',b'Yes',b'No',,,b'Yes',b'Yes',"b'SMS, MMS'",b'No',b'No',,,,,,,b'0.61 W/kg (head) \xc2\xa0 \xc2\xa0 0.89 W/kg (body)',,,,,,,,,,
b'energizer',b'Energizer Power Max P16K Pro',b'https://cdn2.gsmarena.com/vv/bigpic/energizer-p600s.jpg',b'GSM / HSPA / LTE',b'GSM 850 / 900 / 1800 / 1900 - SIM 1 & SIM 2',b'HSDPA 850 / 900 / 1900 / 2100',b'LTE (unspecified)',"b'HSPA 42.2/5.76 Mbps, LTE-A (2CA) Cat6 300/50 Mbps'","b'2018, February'",b'Cancelled',b'-',b'350 g (12.35 oz)',b'Nano-SIM',"b'IPS LCD capacitive touchscreen, 16M colors'","b'5.99 inches, 92.6 cm2'","b'1080 x 2160 pixels, 18:9 ratio (~403 ppi density)'",b'Android 8.0 (Oreo)',b'No',"b'128 GB, 6 GB RAM'",,b'2160p@30fps',,b'1080p@30fps',b'Yes',b'To be confirmed',b'Active noise cancellation with dedicated mic',"b'Wi-Fi 802.11 a/b/g/n, Wi-Fi Direct, hotspot'","b'4.2, A2DP, LE'","b'Yes, with A-GPS'",b'FM radio',"b'2.0, Type-C 1.0 reversible connector'","b'Fingerprint (rear-mounted), accelerometer, gyro, proximity, compass'","b'Non-removable Li-Ion 16,000 mAh battery'",b'Black',,b'Mediatek MT6763T Helio P23 (16 nm)',b'Octa-core 2.5 GHz Cortex-A53',b'Mali-G71 MP2',"b'16 MP, PDAF 13 MP'","b'Dual-LED dual-tone flash, panorama, HDR'",,,,,,,b'Fast battery charging 18W USB Power Delivery 2.0 No Power Bank/Reverse charging',,,,,,,,,,,,,,,,,,,,,,,,,"b'13 MP 5 MP, depth sensor'",,,
b'energizer',b'Energizer Hardcase H240S',b'https://cdn2.gsmarena.com/vv/bigpic/energizer-h240s.jpg',b'GSM / HSPA / LTE',b'GSM 850 / 900 / 1800 / 1900 - SIM 1 & SIM 2',b'HSDPA 850 / 900 / 1900 / 2100',"b'LTE band 1(2100), 3(1800), 7(2600), 20(800), 28(700)'","b'HSPA 42.2/11.5 Mbps, LTE Cat4 150/50 Mbps'","b'2018, January'","b'Available. Released 2018, January'",b'132 x 56 x 18.5 mm (5.20 x 2.20 x 0.73 in)',b'256 g (9.03 oz)',"b'Hybrid Dual SIM (Mini-SIM, dual stand-by)'","b'TFT, 256K colors'","b'2.4 inches, 17.8 cm2 (~24.1% screen-to-body ratio)'","b'240 x 320 pixels, 4:3 ratio (~167 ppi density)'",b'Android 6.0 (Marshmallow)',"b'microSD, up to 32 GB (uses shared SIM slot)'","b'8 GB, 1 GB RAM'",b'5 MP',b'Yes',,,b'Yes',b'Yes',b'IP68 dust/water proof (up to 1.5m for 30 mins)',"b'Wi-Fi 802.11 b/g/n, hotspot'","b'4.0, A2DP, LE'","b'Yes, with A-GPS, GLONASS'",b'FM radio',b'microUSB 2.0',b'Accelerometer',b'No',b'Black',,b'Mediatek MT6737M (28 nm)',b'Quad-core 1.1 GHz Cortex-A53',b'Mali-T720MP2',,b'LED flash',,,,b'Removable Li-Ion 2000 mAh battery',b'About 120 EUR',,,b'Up to 230 h (3G)',b'Up to 5 h (3G)',,,,,,,,,,,,,,,,b'0.61 W/kg (head) \xc2\xa0 \xc2\xa0 1.08 W/kg (body)',,,,,,,,,,
b'energizer',b'Energizer Hardcase H550S',b'https://cdn2.gsmarena.com/vv/bigpic/energizer-h550s.jpg',b'GSM / HSPA / LTE',b'GSM 850 / 900 / 1800 / 1900 - SIM 1 & SIM 2',b'HSDPA 900 / 2100',"b'LTE band 1(2100), 3(1800), 7(2600), 8(900), 20(800), 28(700)'","b'HSPA 42.2/11.5 Mbps, LTE-A (2CA) Cat6 300/50 Mbps'","b'2018, January'","b'Available. Released 2018, January'",b'158.8 x 80.7 x 11.1 mm (6.25 x 3.18 x 0.44 in)',b'203 g (7.16 oz)',"b'Hybrid Dual SIM (Nano-SIM, dual stand-by)'","b'LTPS IPS LCD capacitive touchscreen, 16M colors'","b'5.5 inches, 83.4 cm2 (~65.1% screen-to-body ratio)'","b'1080 x 1920 pixels, 16:9 ratio (~401 ppi density)'",b'Android 7.0 (Nougat)',"b'microSD, up to 32 GB (uses shared SIM slot)'","b'32 GB, 3 GB RAM'","b'16 MP, PDAF'",b'1080p@30fps',b'8 MP',b'',b'Yes',b'Yes',b'IP68 dust/water proof (up to 1.5m for 30 mins) MIL-STD-810G compliant',"b'Wi-Fi 802.11 b/g/n, hotspot'","b'4.0, A2DP, LE'","b'Yes, with A-GPS, GLONASS'",b'FM radio',b'Type-C 1.0 reversible connector',"b'Fingerprint (rear-mounted), accelerometer, gyro, proximity, compass'",b'Non-removable Li-Ion 4000 mAh battery',b'Black',b'Corning Gorilla Glass 3',b'Mediatek MT6750 (28 nm)',b'Octa-core (4x1.5 GHz Cortex-A53 & 4x1.0 GHz Cortex-A53)',b'Mali-T860MP2',,"b'LED flash, HDR, panorama'",,b'Yes',,,b'About 450 EUR',,,b'Up to 400 h (3G)',b'Up to 10 h (3G)',,,,,,,,,,,,,,,,b'0.24 W/kg (head) \xc2\xa0 \xc2\xa0 1.79 W/kg (body)',,,,,,,,,,
b'energizer',b'Energizer Power Max P600S',b'https://cdn2.gsmarena.com/vv/bigpic/energizer-p600s.jpg',b'GSM / HSPA / LTE',b'GSM 850 / 900 / 1800 / 1900 - SIM 1 & SIM 2',b'HSDPA 900 / 2100',"b'LTE band 1(2100), 3(1800), 7(2600), 8(900), 20(800), 28(700), 38(2600), 40(2300)'","b'HSPA 42.2/11.5 Mbps, LTE-A (2CA) Cat6 300/50 Mbps'","b'2018, January'","b'Available. Released 2018, January'",b'152.5 x 82 x 9.8 mm (6.00 x 3.23 x 0.39 in)',b'190 g (6.70 oz)',"b'Hybrid Dual SIM (Nano-SIM, dual stand-by)'","b'IPS LCD capacitive touchscreen, 16M colors'","b'5.9 inches, 89.8 cm2 (~71.8% screen-to-body ratio)'","b'1080 x 2160 pixels, 18:9 ratio (~409 ppi density)'",b'Android 7.0 (Nougat)',"b'microSD, up to 256 GB (uses shared SIM slot)'","b'64 GB, 6 GB RAM or 32 GB, 3 GB RAM'",b'8 MP',b'2160p@30fps',,b'',b'Yes',b'Yes',b'Active noise cancellation with dedicated mic',"b'Wi-Fi 802.11 a/b/g/n, Wi-Fi Direct, hotspot'","b'4.1, A2DP, LE'","b'Yes, with A-GPS'",b'FM radio',b'Type-C 1.0 reversible connector',"b'Fingerprint (rear-mounted), accelerometer, gyro, proximity, compass'",b'Non-removable Li-Ion 4500 mAh battery',"b'Black (32/3GB), Blue (64/6GB)'",,b'Mediatek MT6757CD Helio P25 (16 nm)',b'Octa-core (4x2.5 GHz Cortex-A53 & 4x1.4 GHz Cortex-A53)',b'Mali-T880MP2',"b'13 MP, PDAF 5 MP, depth sensor'","b'Dual-LED dual-tone flash, panorama, HDR'",,,,,b'About 360 EUR',,b'Fast battery charging 10W',b'Up to 400 h (3G)',b'Up to 12 h (3G)',,,"b'Front glass, aluminum frame, plastic back'",,,,,,,,,,,,,,,,,,,,,,,
b'energizer',b'Energizer Power Max P550S',b'https://cdn2.gsmarena.com/vv/bigpic/energizer-p550s.jpg',b'GSM / HSPA / LTE',b'GSM 850 / 900 / 1800 / 1900 - SIM 1 & SIM 2',b'HSDPA 900 / 2100',"b'LTE band 3(1800), 7(2600), 20(800)'","b'HSPA 21.1/5.76 Mbps, LTE Cat4 150/50 Mbps'","b'2017, December'","b'Available. Released 2017, December'",b'154.3 x 78.3 x 9.4 mm (6.07 x 3.08 x 0.37 in)',b'203 g (7.16 oz)',"b'Hybrid Dual SIM (Nano-SIM, dual stand-by)'","b'IPS LCD capacitive touchscreen, 16M colors'","b'5.5 inches, 83.4 cm2 (~69.0% screen-to-body ratio)'","b'720 x 1280 pixels, 16:9 ratio (~267 ppi density)'",b'Android 7.0 (Nougat)',"b'microSD, up to 64 GB (uses shared SIM slot)'","b'16 GB, 2 GB RAM'","b'13 MP, AF'",b'720p@30fps',b'5 MP',b'',b'Yes',b'Yes',b'Active noise cancellation with dedicated mic',"b'Wi-Fi 802.11 b/g/n, Wi-Fi Direct, hotspot'","b'4.0, A2DP, LE'","b'Yes, with A-GPS'",b'FM radio',"b'2.0, Type-C 1.0 reversible connector'","b'Fingerprint (rear-mounted), accelerometer, gyro, proximity, compass'",b'Non-removable Li-Ion 5000 mAh battery',b'Black',,b'Mediatek MT6737 (28 nm)',b'Quad-core 1.3 GHz Cortex-A53',b'Mali-T720',,"b'LED flash, panorama, HDR'",,,,,b'About 190 EUR',,b'Fast battery charging 10W',b'Up to 500 h (3G)',b'Up to 5 h (3G)',,,"b'Front glass, metal body'",,,,,,,,,,,,,b'0.16 W/kg (head) \xc2\xa0 \xc2\xa0 1.74 W/kg (body)',,,,,,,,,,
b'energizer',b'Energizer Energy S550',b'https://cdn2.gsmarena.com/vv/bigpic/energizer-energy-s550.jpg',b'GSM / HSPA / LTE',b'GSM 850 / 900 / 1800 / 1900 - SIM 1 & SIM 2',b'HSDPA 900 / 2100',"b'LTE band 1(2100), 3(1800), 7(2600), 20(800)'","b'HSPA 42.2/11.5 Mbps, LTE Cat4 150/50 Mbps'","b'2017, December'","b'Available. Released 2017, December'",b'154.8 x 78.2 x 8.8 mm (6.09 x 3.08 x 0.35 in)',b'180 g (6.35 oz)',"b'Hybrid Dual SIM (Micro-SIM/Nano-SIM, dual stand-by)'","b'IPS LCD capacitive touchscreen, 16M colors'","b'5.5 inches, 83.4 cm2 (~68.9% screen-to-body ratio)'","b'720 x 1280 pixels, 16:9 ratio (~267 ppi density)'",b'Android 6.0 (Marshmallow)',"b'microSD, up to 64 GB (uses shared SIM slot)'","b'8 GB, 1 GB RAM'","b'13 MP, AF'",b'720p@30fps',b'5 MP',b'',b'Yes',b'Yes',b'Non-removable Li-Ion 3000 mAh battery',"b'Wi-Fi 802.11 b/g/n, Wi-Fi Direct, hotspot'","b'4.0, A2DP, LE'","b'Yes, with A-GPS'",b'FM radio',b'microUSB 2.0',"b'Accelerometer, proximity'",,b'Black',,b'Mediatek MT6737 (28 nm)',b'Quad-core 1.3 GHz Cortex-A53',b'Mali-T720',,b'LED flash',,,,,b'About 120 EUR',,,b'Up to 400 h (3G)',b'Up to 10 h (3G)',,,,,,,,,,,,,,,,b'0.28 W/kg (head) \xc2\xa0 \xc2\xa0 1.23 W/kg (body)',,,,,,,,,,
b'energizer',b'Energizer Energy S500E',b'https://cdn2.gsmarena.com/vv/bigpic/energizer-energy-s500e.jpg',b'GSM / HSPA',b'GSM 850 / 900 / 1800 / 1900 - SIM 1 & SIM 2',b'HSDPA 900 / 2100',,b'HSPA 21.1/5.76 Mbps',"b'2017, December'","b'Available. Released 2017, December'",b'145.5 x 74.8 x 8.9 mm (5.73 x 2.94 x 0.35 in)',b'167 g (5.89 oz)',"b'Hybrid Dual SIM (Nano-SIM, dual stand-by)'","b'TN TFT capacitive touchscreen, 16M colors'","b'5.0 inches, 68.9 cm2 (~63.3% screen-to-body ratio)'","b'480 x 854 pixels, 16:9 ratio (~196 ppi density)'",b'Android 6.0 (Marshmallow)',"b'microSD, up to 64 GB (uses shared SIM slot)'","b'8 GB, 1 GB RAM'",b'5 MP',b'480p@30fps',b'2 MP',b'',b'Yes',b'Yes',b'Removable Li-Ion 2000 mAh battery',"b'Wi-Fi 802.11 b/g/n, hotspot'","b'4.0, A2DP, LE'","b'Yes, with A-GPS'",b'FM radio',b'microUSB 2.0',b'Accelerometer',,b'Black',,b'Mediatek MT6580 (28 nm)',b'Quad-core 1.3 GHz Cortex-A7',b'Mali-400MP2',,b'LED flash',,,,,b'About 80 EUR',,,b'Up to 333 h (3G)',b'Up to 8 h (3G)',,,b'Plastic body',,,,,,,,,,,,,b'0.74 W/kg (head) \xc2\xa0 \xc2\xa0 1.43 W/kg (body)',,,,,,,,,,
b'energizer',b'Energizer Energy E520 LTE',b'https://cdn2.gsmarena.com/vv/bigpic/energizer-energy-e520.jpg',b'GSM / HSPA / LTE',b'GSM 850 / 900 / 1800 / 1900 - SIM 1 & SIM 2',b'HSDPA 900 / 2100',"b'LTE band 1(2100), 3(1800), 7(2600), 8(900), 20(800)'","b'HSPA 42.2/11.5 Mbps, LTE Cat4 150/50 Mbps'","b'2017, September'","b'Available. Released 2017, September'",b'150.8 x 76.2 x 11.1 mm (5.94 x 3.00 x 0.44 in)',b'206 g (7.27 oz)',"b'Hybrid Dual SIM (Nano-SIM, dual stand-by)'","b'LTPS IPS LCD capacitive touchscreen, 16M colors'","b'5.2 inches, 74.5 cm2 (~64.9% screen-to-body ratio)'","b'720 x 1280 pixels, 16:9 ratio (~282 ppi density)'",b'Android 6.0 (Marshmallow)',"b'microSD, up to 32 GB (uses shared SIM slot)'","b'16 GB, 2 GB RAM'","b'13 MP, AF'",b'1080p@30fps',b'5 MP',b'',b'Yes',b'Yes',b'IP68 dust/water proof (up to 1.5m for 30 mins) MIL-STD-810G compliant',"b'Wi-Fi 802.11 b/g/n, hotspot'","b'4.0, A2DP, LE'","b'Yes, with A-GPS, GLONASS'",b'FM radio',b'microUSB 2.0',"b'Fingerprint (rear-mounted), accelerometer, proximity, compass'",b'Non-removable Li-Ion 4000 mAh battery',b'Black',b'Corning Gorilla Glass 3',b'Mediatek MT6737 (28 nm)',b'Quad-core 1.3 GHz Cortex-A53',b'Mali-T720',,"b'LED flash, HDR, panorama'",,,,,b'About 330 EUR',,,b'Up to 220 h (3G)',b'Up to 15 h (3G)',,,,,,,,,,,,,,,,b'0.26 W/kg (head) \xc2\xa0 \xc2\xa0 0.60 W/kg (body)',,,,,,,,,,
b'energizer',b'Energizer Energy 400 LTE',b'https://cdn2.gsmarena.com/vv/bigpic/energizer-energy-400.jpg',b'GSM / HSPA / LTE',b'GSM 850 / 900 / 1800 / 1900 - SIM 1 & SIM 2',b'HSDPA 900 / 2100',"b'LTE band 3(1800), 7(2600), 20(800)'","b'HSPA, LTE'","b'2017, Q3'","b'Available. Released 2017, Q3'",b'134 x 72 x 15 mm (5.28 x 2.83 x 0.59 in)',b'204 g (7.20 oz)',"b'Hybrid Dual SIM (Micro-SIM, dual stand-by)'","b'TN TFT capacitive touchscreen, 16M colors'","b'4.0 inches, 45.5 cm2 (~47.2% screen-to-body ratio)'","b'480 x 800 pixels, 5:3 ratio (~233 ppi density)'",b'Android 6.0 (Marshmallow)',"b'microSD, up to 64 GB (uses shared SIM slot)'","b'8 GB, 1 GB RAM'","b'8 MP, AF'",b'Yes',b'1.3 MP',b'',b'Yes',b'Yes',b'IP67 dust/water resistant (up to 1m for 30 mins)',"b'Wi-Fi 802.11 b/g/n, hotspot'","b'4.0, A2DP, LE'","b'Yes, with A-GPS'",b'FM radio',b'microUSB 2.0',b'Accelerometer',b'Li-Ion 2500 mAh battery',b'Black',b'Asahi Dragontrail Glass',b'Mediatek MT6737M (28 nm)',b'Quad-core 1.3 GHz Cortex-A53',b'Mali-T720MP2',,"b'LED flash, HDR'",,,,,b'About 180 EUR',,,b'Up to 420 h (3G)',b'Up to 16 h (3G)',,,,,,,,,,,,,,,,b'0.64 W/kg (head) \xc2\xa0 \xc2\xa0 1.52 W/kg (body)',,,,,,,,,,
b'energizer',b'Energizer Energy 100 (2017)',b'https://cdn2.gsmarena.com/vv/bigpic/energizer-energy-100-2017.jpg',b'GSM',b'GSM 850 / 900 / 1800 / 1900 - SIM 1 & SIM 2',,,,"b'2017, June'","b'Available. Released 2017, June'",b'129 x 63 x 15 mm (5.08 x 2.48 x 0.59 in)',b'112 g (3.95 oz)',"b'Hybrid Dual SIM (Mini-SIM, dual stand-by)'","b'TFT, 65K colors'","b'2.4 inches, 17.8 cm2 (~21.9% screen-to-body ratio)'","b'240 x 320 pixels, 4:3 ratio (~167 ppi density)'",,"b'microSD, up to 32 GB (uses shared SIM slot)'",,b'VGA',b'No',,,b'Yes',b'Yes',b'IP54 splash proof',b'No',"b'2.1, A2DP'",b'No',b'FM radio',b'microUSB 2.0',b'',b'No',b'Black',,,,,,,,,,b'Removable Li-Ion 1500 mAh battery',b'About 50 EUR',,,b'Up to 300 h (3G)',b'Up to 11 h (3G)',b'Yes',b'No',,,b'Yes',b'Yes',b'SMS',b'No',b'Yes',,,,,,,b'0.27 W/kg (head) \xc2\xa0 \xc2\xa0 0.54 W/kg (body)',,,,,,,,,,
b'energizer',b'Energizer Energy E10',b'https://cdn2.gsmarena.com/vv/bigpic/energizer-energy-e10-.jpg',b'GSM',b'GSM 850 / 900 / 1800 / 1900 - SIM 1 & SIM 2',,,,"b'2017, September'","b'Available. Released 2017, September'",b'110 x 47 x 14.3 mm (4.33 x 1.85 x 0.56 in)',b'69 g (2.43 oz)',"b'Hybrid Dual SIM (Mini-SIM, dual stand-by)'","b'TFT, 256K colors'","b'1.8 inches, 10.2 cm2 (~19.7% screen-to-body ratio)'",b'128 x 160 pixels (~114 ppi density)',,"b'microSD, up to 8 GB (uses shared SIM slot)'",,b'VGA',b'No',,,b'Yes',b'Yes',b'No',b'No',b'2.0',b'No',b'FM radio',b'microUSB 2.0',b'',b'Removable Li-Ion 1000 mAh battery',"b'Black, White'",,,,,,,,,,,b'About 10 EUR',,,b'Up to 250 h (3G)',b'Up to 8 h (3G)',b'Yes',b'No',,,b'Yes',b'Yes',b'SMS',b'No',b'No',,,,,,,b'0.60 W/kg (head) \xc2\xa0 \xc2\xa0 0.95 W/kg (body)',,,,,,,,,,
b'energizer',b'Energizer Energy E20',b'https://cdn2.gsmarena.com/vv/bigpic/energizer-energy-e20.jpg',b'GSM / HSPA / LTE',b'GSM 850 / 900 / 1800 / 1900 - SIM 1 & SIM 2',b'HSDPA 900 / 2100',"b'LTE band 1(2100), 3(1800), 7(2600), 8(900), 20(800), 28(700)'","b'HSPA, LTE'","b'2017, November'","b'Available. Released 2017, November'",b'103.2 x 51 x 18.2 mm (4.06 x 2.01 x 0.72 in)',b'92 g (3.25 oz)',"b'Hybrid Dual SIM (Mini-SIM, dual stand-by)'","b'TFT, 256K colors'","b'2.4 inches, 17.8 cm2 (~33.9% screen-to-body ratio)'","b'240 x 320 pixels, 4:3 ratio (~167 ppi density)'",,"b'microSD, up to 16 GB (uses shared SIM slot)'",,b'VGA',b'No',,,b'Yes',b'Yes',b'No',b'No',b'2.0',b'No',b'FM radio',b'microUSB 2.0',b'',b'Removable Li-Ion 1000 mAh battery',b'Black',,,,,,,,,,,b'About 40 EUR',,,,,,,,,b'Yes',b'Yes',b'SMS',b'No',b'No',,,,,,,b'0.07 W/kg (head) \xc2\xa0 \xc2\xa0 0.73 W/kg (body)',,,,,,,,,,
b'energizer',b'Energizer Energy 500',b'https://cdn2.gsmarena.com/vv/bigpic/energizer-500.jpg',b'GSM / HSPA',b'GSM 850 / 900 / 1800 / 1900 - SIM 1 & SIM 2',b'HSDPA 850 / 1900 - EM5EL043',,b'HSPA 21.1/5.76 Mbps',"b'2015, January'","b'Available. Released 2015, June'",b'152.3 x 80.6 x 18.8 mm (6.00 x 3.17 x 0.74 in)',b'284 g (10.02 oz)',"b'Dual SIM (Mini-SIM/ Micro-SIM, dual stand-by)'","b'IPS LCD capacitive touchscreen, 16M colors'","b'5.0 inches, 68.9 cm2 (~56.1% screen-to-body ratio)'","b'720 x 1280 pixels, 16:9 ratio (~294 ppi density)'",b'Android 4.4 (KitKat)',"b'microSD, up to 64 GB'","b'8 GB, 1 GB RAM'","b'13 MP, AF'",b'720p@30fps',b'5 MP',b'',b'Yes',b'Yes',b'HSDPA 900 / 2100 - EM5EL047',"b'Wi-Fi 802.11 a/b/g/n, hotspot'","b'4.0, A2DP, LE'","b'Yes, with A-GPS'",b'Stereo FM radio',b'microUSB 2.0',"b'Accelerometer, gyro, proximity, compass, barometer'",b'IP68 dust/water proof (up to 1.8m for 30 mins)',b'Gray',,b'Mediatek MT6582 (28 nm)',b'Quad-core 1.3 GHz Cortex-A7',b'Mali-400MP2',,"b'LED flash, HDR'",,,,b'Removable Li-Ion 3000 mAh battery',,,,b'Up to 500 h',b'Up to 18 h 40 min',,,,,,,,,,,,,,,,,,,,,,,,,,
b'energizer',b'Energizer Energy 400',b'https://cdn2.gsmarena.com/vv/bigpic/energizer-400.jpg',b'GSM / HSPA',b'GSM 900 / 1900  / 850 - SIM 1 & SIM 2',b'HSDPA 850 / 1900 - EM4EI043',,b'HSPA 21.1/5.76 Mbps',"b'2015, January'","b'Available. Released 2015, June'",b'134.5 x 73.6 x 18.8 mm (5.30 x 2.90 x 0.74 in)',b'367 g (12.95 oz)',b'Mini-SIM',"b'IPS LCD capacitive touchscreen, 16M colors'","b'4.0 inches, 45.5 cm2 (~46.0% screen-to-body ratio)'","b'480 x 800 pixels, 5:3 ratio (~233 ppi density)'",b'Android 4.4 (KitKat)',"b'microSD, up to 64 GB (dedicated slot)'","b'4 GB, 512 MB RAM'","b'8 MP, AF'",b'720p@30fps',b'1.3 MP',b'',b'Yes',b'Yes',b'HSDPA 900 / 2100 - EM4EI047',"b'Wi-Fi 802.11 a/b/g/n, hotspot'","b'4.0, A2DP, LE'","b'Yes, with A-GPS'",b'Stereo FM radio',b'microUSB 2.0',"b'Accelerometer, proximity'",b'IP68 dust/water proof (up to 1.8m for 30 mins)',b'Gray',,b'Mediatek MT6572 (28 nm)',b'Dual-core 1.3 GHz Cortex-A7',b'Mali-400',,"b'LED flash, HDR'",,,,b'Removable Li-Ion 2400 mAh battery',,,,b'Up to 400 h',b'Up to 15 h',,,,,,,,,,,,,,,,,,,,,,,,,,
b'energizer',b'Energizer Energy 240',b'https://cdn2.gsmarena.com/vv/bigpic/energizer-240.jpg',b'GSM / HSPA',b'GSM 850 / 900 / 1800 / 1900 - SIM 1 & SIM 2',b'HSDPA 850 / 1900 - EM24043',,b'HSPA 7.2/0.384 Mbps',"b'2015, January'","b'Available. Released 2015, June'",b'125 x 58.5 x 19 mm (4.92 x 2.30 x 0.75 in)',b'134 g (4.73 oz)',"b'Dual SIM (Mini-SIM, dual stand-by)'","b'TFT, 256K colors'","b'2.4 inches, 17.8 cm2 (~24.4% screen-to-body ratio)'","b'240 x 320 pixels, 4:3 ratio (~167 ppi density)'",,"b'microSD, up to 32 GB'","b'128 MB, 32 MB RAM'",b'3.15 MP',b'Yes',,,b'Yes',b'Yes',b'HSDPA 900 / 2100 - EM24047',b'No',"b'2.1, A2DP'",b'No',b'Stereo FM radio',b'microUSB 2.0',b'',b'IP67 dust/water resistant (up to 1m for 30 mins)',b'Gray',,,,,,,,,,b'Removable Li-Ion 1900 mAh battery',,,,b'Up to 316 h',b'Up to 11 h',,,,,b'Yes',b'Yes',"b'SMS, MMS, Email'",b'Downloadable',b'Yes',,,,,,,,,,,,,,,,,
b'energizer',b'Energizer Energy 200',b'https://cdn2.gsmarena.com/vv/bigpic/energizer-200.jpg',b'GSM',b'GSM 850 / 900 / 1800 / 1900 - SIM 1 & SIM 2 - EM2003',,,,"b'2015, January'","b'Available. Released 2015, June'",b'121.7 x 55.8 x 19.8 mm (4.79 x 2.20 x 0.78 in)',b'122 g (4.30 oz)',"b'Dual SIM (Mini-SIM, dual stand-by)'","b'TFT, 256K colors'","b'2.0 inches, 12.4 cm2 (~18.2% screen-to-body ratio)'","b'240 x 320 pixels, 4:3 ratio (~200 ppi density)'",,"b'microSD, up to 32 GB'","b'8 MB, 8 MB RAM'",b'1.3 MP',b'Yes',,,b'Yes',b'Yes',b'IP67 dust/water resistant (up to 1m for 30 mins)',b'No',"b'2.1, A2DP, EDR'",b'No',b'Stereo FM radio',b'microUSB 2.0',b'',b'No',b'Gray',,,,,,,,,,b'Removable Li-Ion 1450 mAh battery',,,,b'Up to 241 h',b'Up to 9 h',b'Yes',b'No',,,b'Yes',b'Yes',"b'SMS, MMS, Email'",b'Downloadable',b'No',,,,,,,,,,,,,,,,,
b'energizer',b'Energizer Energy 100',b'https://cdn2.gsmarena.com/vv/bigpic/energizer-energy-100-.jpg',b'GSM',b'GSM 850 / 900 / 1800 / 1900 - SIM 1 & SIM 2 - EM2003',,,,"b'2015, November'","b'Available. Released 2016, February'",b'129 x 63 x 15 mm (5.08 x 2.48 x 0.59 in)',b'112 g (3.95 oz)',"b'Dual SIM (Mini-SIM, dual stand-by)'","b'TFT, 256K colors'","b'2.4 inches, 17.8 cm2 (~21.9% screen-to-body ratio)'","b'240 x 320 pixels, 4:3 ratio (~167 ppi density)'",,"b'microSD, up to 32 GB (dedicated slot)'","b'4 MB, 4 MB RAM'",b'VGA',b'Yes',,,b'Yes',b'Yes',b'IP54 splash proof',b'No',b'2.1',b'No',b'Stereo FM radio',b'microUSB 2.0',b'',b'No',b'Black',,,,,,,,,,b'Removable Li-Ion 1500 mAh battery',,,,b'Up to 300 h',b'Up to 11 h',b'Yes',b'No',,,b'Yes',b'Yes',b'SMS',b'No',b'No',,,,,,,,,,,,,,,,,
