Brand,Model Name,Model Image,Technology,2G bands,3G bands,4G bands,Speed,Announced,Status,Dimensions,Weight,SIM,Type,Size,Resolution,OS,Card slot,Internal,Single,Video,Single_1,Video_1,Loudspeaker,3.5mm jack,,WLAN,Bluetooth,GPS,Radio,USB,Sensors,_1,Colors,Protection,Chipset,CPU,GPU,Dual,Features,Features_1,NFC,Models,_1_1,Price,Infrared port,Charging,Stand-by,Talk time,GPRS,EDGE,Build,Music play,Phonebook,Call records,Messaging,Games,Java,SAR EU,Display,Camera,Loudspeaker_1,Audio quality,Battery life,SAR,Keyboard,Browser,Alert types,Clock,Alarm,Languages,Dual_1,Performance,Triple,5G,Quad
b'infinix',b'Infinix Note 6',b'https://cdn2.gsmarena.com/vv/bigpic/infinix-note-6-x610.jpg',b'GSM / HSPA / LTE',b'GSM 850 / 900 / 1800 / 1900 - SIM 1 & SIM 2',b'HSDPA 850 / 900 / 2100',"b'LTE band 1(2100), 3(1800), 5(850), 8(900), 40(2300), 41(2500)'","b'HSPA 42.2/5.76 Mbps, LTE Cat4 150/50 Mbps'","b'2019, June'","b'Available. Released 2019, June'",b'154.2 x 74.5 x 7.7 mm (6.07 x 2.93 x 0.30 in)',b'173 g (6.10 oz)',"b'Dual SIM (Nano-SIM, dual stand-by)'","b'AMOLED capacitive touchscreen, 16M colors'","b'6.01 inches, 93.2 cm2 (~81.1% screen-to-body ratio)'","b'1080 x 2160 pixels, 18:9 ratio (~402 ppi density)'",b'Android 9.0 (Pie)',b'microSD (dedicated slot)',"b'64 GB, 4 GB RAM'",b'16 MP',b'1080p@30fps',,b'1080p@30fps',b'Yes',b'Yes',b'Stylus',"b'Wi-Fi 802.11 a/b/g/n/ac, dual-band, hotspot'","b'5.0, A2DP, LE'","b'Yes, with A-GPS'",b'FM radio',"b'microUSB 2.0, USB On-The-Go'","b'Fingerprint (rear-mounted), accelerometer, gyro, proximity, compass'",b'Non-removable Li-Po 4000 mAh battery',"b'Midnight Black, Mocha Brown, Aqua Blue'",,b'Mediatek MT6765 Helio P35 (12nm)',b'Octa-core (4x2.3 GHz Cortex-A53 & 4x1.8 GHz Cortex-A53)',b'PowerVR GE8320',,"b'Dual-LED flash, panorama, HDR'",b'LED flash',,b'X610',,,,,,,,,,,,,,,,,,,,,,,,,,,,,,,"b'16 MP (wide), PDAF 8 MP (ultrawide) 2 MP, depth sensor'",,
b'infinix',b'Infinix Smart3 Plus',b'https://cdn2.gsmarena.com/vv/bigpic/infinix-smart3-plus.jpg',b'GSM / HSPA / LTE',b'GSM 850 / 900 / 1800 / 1900 - SIM 1 & SIM 2',b'HSDPA 850 / 900 / 2100',"b'LTE band 1(2100), 3(1800), 5(850), 8(900), 38(2600), 40(2300), 41(2500)'","b'HSPA 21.1/5.76 Mbps, LTE Cat4 150/50 Mbps'","b'2019, April'","b'Available. Released 2019, April'",b'157 x 76 x 7.8 mm (6.18 x 2.99 x 0.31 in)',b'148 g (5.22 oz)',"b'Dual SIM (Nano-SIM, dual stand-by)'","b'LTPS IPS LCD capacitive touchscreen, 16M colors'","b'6.21 inches, 96.3 cm2 (~80.7% screen-to-body ratio)'","b'720 x 1520 pixels, 19:9 ratio (~271 ppi density)'",b'Android 9.0 (Pie)',"b'microSD, up to 256 GB (dedicated slot)'","b'32 GB, 2/3 GB RAM'",b'8 MP',b'1080p@30fps',,b'',b'Yes',b'Yes',b'Non-removable Li-Po 3500 mAh battery',"b'Wi-Fi 802.11 a/b/g/n, hotspot'","b'5.0, A2DP, LE'","b'Yes, with A-GPS'",b'FM radio',b'microUSB 2.0',"b'Fingerprint (rear-mounted), accelerometer, proximity, compass'",,"b'Midnight Black, Aqua Blue, Cosmic Purple, Bordeaux Red, Mocha Brown'",,b'Mediatek MT6761 Helio A22 (12 nm)',b'Quad-core 2.0 GHz Cortex-A53',b'PowerVR GE8320',,"b'Dual-LED flash, HDR'",b'HDR',,"b'X267, X267 X627V'",,b'About 7000 INR',,,,,,,,,,,,,,,,,,,,,,,,,,,,,"b'13 MP, f/1.8, PDAF 2 MP QVGA'",,
b'infinix',b'Infinix S4',b'https://cdn2.gsmarena.com/vv/bigpic/infinix-hot-s4.jpg',b'GSM / HSPA / LTE',b'GSM 850 / 900 / 1800 / 1900 - SIM 1 & SIM 2',b'HSDPA 850 / 900 / 2100',"b'LTE band 1(2100), 3(1800), 5(850), 8(900), 38(2600), 40(2300), 41(2500)'","b'HSPA 42.2/5.76 Mbps, LTE Cat4 150/50 Mbps'","b'2019, April'","b'Available. Released 2019, April'",b'156 x 75 x 7.9 mm (6.14 x 2.95 x 0.31 in)',b'154 g (5.43 oz)',"b'Dual SIM (Nano-SIM, dual stand-by)'","b'IPS LCD capacitive touchscreen, 16M colors'","b'6.2 inches, 95.9 cm2 (~82.0% screen-to-body ratio)'","b'720 x 1520 pixels, 19:9 ratio (~271 ppi density)'",b'Android 9.0 (Pie)',"b'microSD, up to 128 GB (dedicated slot)'","b'64 GB, 6 GB RAM or 32 GB, 3 GB RAM'",b'32 MP',b'1080p@30fps',,b'',b'Yes',b'Yes',b'Non-removable Li-Po 4000 mAh battery',"b'Wi-Fi 802.11 a/b/g/n/ac, dual-band, hotspot'","b'5.0, A2DP, LE'","b'Yes, with A-GPS'",b'FM radio',"b'microUSB 2.0, USB On-The-Go'","b'Fingerprint (rear-mounted), accelerometer, gyro, proximity, compass'",,"b'Space gray, nebula blue, twilight purple'",,b'Mediatek MT6762 Helio P22 (12 nm)',b'Octa-core 2.0 GHz Cortex-A53',b'PowerVR GE8320',,"b'Quad-LED flash, panorama, HDR'",,,"b'X626, X626B'",,,,,,,,,,,,,,,,,,,,,,,,,,,,,,,"b'13 MP, PDAF 8 MP 2 MP'",,
b'infinix',b'Infinix Hot 7 Pro',b'https://cdn2.gsmarena.com/vv/bigpic/infinix-hot-7-pro.jpg',b'GSM / HSPA / LTE',b'GSM 850 / 900 / 1800 / 1900 - SIM 1 & SIM 2',b'HSDPA 850 / 900 / 2100',"b'LTE band 1(2100), 3(1800), 5(850), 8(900), 38(2600), 40(2300), 41(2500)'","b'HSPA 42.2/5.76 Mbps, LTE Cat4 150/50 Mbps'","b'2019, March'","b'Available. Released 2019, March'",b'155 x 74.8 x 8 mm (6.10 x 2.94 x 0.31 in)',b'165 g (5.82 oz)',"b'Dual SIM (Nano-SIM, dual stand-by)'","b'IPS LCD capacitive touchscreen, 16M colors'","b'6.2 inches, 95.9 cm2 (~82.8% screen-to-body ratio)'","b'720 x 1520 pixels, 19:9 ratio (~271 ppi density)'",b'Android 9.0 (Pie)',"b'microSD, up to 128 GB'","b'32/64 GB, 2/3/6 GB RAM'","b'13 MP 2 MP, depth sensor'",b'1080p@30fps',,b'',b'Yes',b'Yes',b'Non-removable Li-Po 4000 mAh battery',"b'Wi-Fi 802.11 b/g/n, hotspot'","b'4.2, A2DP, LE'","b'Yes, with A-GPS'",b'FM radio',"b'microUSB 2.0, USB On-The-Go'","b'Fingerprint (rear-mounted), accelerometer, proximity, compass'",,"b'Midnight Black, Mocha Brown, Bordeaux Red, Aqua Blue'",,b'Mediatek MT6757T Helio P25 (16 nm) - 32+2 GBMediatek MT6762 Helio P22 (12 nm) - 32/64+3/6 GB',b'Octa-core (4x2.4 GHz Cortex-A53 & 4x1.6 GHz Cortex-A53)Octa-core 1.8 GHz Cortex-A53',b'Mali-T880MP2PowerVR GE8320',"b'13 MP, AF 2 MP, depth sensor'","b'Dual-LED flash, panorama, HDR'",b'LED flash',,"b'X625, X625B, X625'",,,,,,,,,,,,,,,,,,,,,,,,,,,,,,,,,
b'infinix',b'Infinix Hot 7',b'https://cdn2.gsmarena.com/vv/bigpic/infinix-hot7.jpg',b'GSM / HSPA',b'GSM 850 / 900 / 1800 / 1900 - SIM 1 & SIM 2',b'HSDPA 900 / 1700 / 1900 / 2100',b'N/A',b'HSPA 42.2/5.76 Mbps',"b'2019, January'","b'Available. Released 2019, January'",b'157 x 75.7 x 8 mm (6.18 x 2.98 x 0.31 in)',b'166 g (5.86 oz)',"b'Dual SIM (Micro-SIM, dual stand-by)'","b'IPS LCD capacitive touchscreen, 16M colors'","b'6.2 inches, 99.2 cm2 (~83.5% screen-to-body ratio)'","b'720 x 1440 pixels, 18:9 ratio (~260 ppi density)'",b'Android 8.0 Oreo (Go edition)',"b'microSD, up to 128 GB (dedicated slot)'","b'32 GB, 2 GB RAM or 16 GB, 1 GB RAM'",b'8 MP',b'1080p@30fps',,b'',b'Yes',b'Yes',b'Non-removable Li-Po 4000 mAh battery',"b'Wi-Fi 802.11 b/g/n, hotspot'","b'4.0, A2DP, LE'","b'Yes, with A-GPS'",b'FM radio',b'microUSB 2.0',"b'Fingerprint (rear-mounted), accelerometer, proximity, compass'",,"b'Sandstone Black, Sapphire Blue, Blush Gold, Bordeaux Red'",,b'Mediatek MT6580 (28 nm)',b'Quad-core 1.3 GHz',,"b'13 MP, AF QVGA, depth sensor'","b'LED flash, panorama, HDR'",b'LED flash',,"b'X624B, X624'",,,,,,,,,,,,,,,,,,,,,,,,,,,,,,,,,
b'infinix',b'Infinix Zero 6 Pro',b'https://cdn2.gsmarena.com/vv/bigpic/infinix-zero-6.jpg',b'GSM / HSPA / LTE',b'GSM 850 / 900 / 1800 / 1900 - SIM 1 & SIM 2',b'HSDPA 850 / 900 / 1700(AWS) / 1900 / 2100',"b'LTE band 1(2100), 2(1900), 3(1800), 4(1700/2100), 5(850), 7(2600), 8(900), 20(800), 28(700), 38(2600), 40(2300), 41(2500)'","b'HSPA 42.2/5.76 Mbps, LTE-A Cat6 300/50 Mbps'","b'2019, March'","b'Available. Released 2019, March'",b'156.8 x Unknown x 8 mm',b'178 g (6.28 oz)',"b'Dual SIM (Nano-SIM, dual stand-by)'","b'IPS LCD capacitive touchscreen, 16M colors'",b'6.18 inches',b'FullHD+',b'Android 8.0 (Oreo)',b'microSD (dedicated slot)',"b'128 GB, 6 GB RAM'",b'20 MP',b'1080p@30fps',,b'',b'Yes',b'Yes',b'Non-removable Li-Ion 3650 mAh battery',"b'Wi-Fi 802.11 a/b/g/n/ac, dual-band, Wi-Fi Direct, hotspot'","b'5.0, A2DP, LE'","b'Yes, with A-GPS'",b'FM radio',b'Yes',"b'Fingerprint (rear-mounted), accelerometer, gyro, proximity, compass'",,b'Sapphire Cyan',b'Corning Gorilla Glass 5',b'Qualcomm SDM636 Snapdragon 636 (14 nm)',b'Octa-core 1.8 GHz Kryo 260',b'Adreno 509',"b'12 MP, AF 24 MP, AF'","b'Quad-LED dual-tone flash, HDR, panorama'",,,,,,,,,,,,,,,,,,,,,,,,,,,,,,,,,,,,
b'infinix',b'Infinix Zero 6',b'https://cdn2.gsmarena.com/vv/bigpic/infinix-zero-6.jpg',b'GSM / HSPA / LTE',b'GSM 850 / 900 / 1800 / 1900 - SIM 1 & SIM 2',b'HSDPA 850 / 900 / 1700(AWS) / 1900 / 2100',"b'LTE band 1(2100), 2(1900), 3(1800), 4(1700/2100), 5(850), 7(2600), 8(900), 20(800), 28(700), 38(2600), 40(2300), 41(2500)'","b'HSPA 42.2/5.76 Mbps, LTE-A Cat6 300/50 Mbps'","b'2019, March'","b'Available. Released 2019, March'",b'156.8 x Unknown x 8 mm',b'178 g (6.28 oz)',"b'Dual SIM (Nano-SIM, dual stand-by)'","b'IPS LCD capacitive touchscreen, 16M colors'",b'6.18 inches',b'FullHD+',b'Android 8.0 (Oreo)',b'microSD (dedicated slot)',"b'64 GB, 6 GB RAM'",b'20 MP',b'1080p@30fps',,b'',b'Yes',b'Yes',b'Non-removable Li-Ion 3650 mAh battery',"b'Wi-Fi 802.11 a/b/g/n/ac, dual-band, Wi-Fi Direct, hotspot'","b'5.0, A2DP, LE'","b'Yes, with A-GPS'",b'FM radio',b'Yes',"b'Fingerprint (rear-mounted), accelerometer, gyro, proximity, compass'",,"b'Black, Gold'",b'Corning Gorilla Glass 5',b'Qualcomm SDM636 Snapdragon 636 (14 nm)',b'Octa-core 1.8 GHz Kryo 260',b'Adreno 509',"b'12 MP, AF 24 MP, AF'","b'Quad-LED dual-tone flash, HDR, panorama'",,,,,,,,,,,,,,,,,,,,,,,,,,,,,,,,,,,,
b'infinix',b'Infinix Smart 2 HD',b'https://cdn2.gsmarena.com/vv/bigpic/infinix-smart2-hd-n.jpg',b'GSM / HSPA',b'GSM 850 / 900 / 1800 / 1900 - SIM 1 & SIM 2',b'HSDPA 850 / 900 / 2100',,b'HSPA 21.1/5.76 Mbps',"b'2018, October'","b'Available. Released 2018, October'",b'156.9 x 76.5 x 8.2 mm (6.18 x 3.01 x 0.32 in)',b'165 g (5.82 oz)',"b'Dual SIM (Nano-SIM, dual stand-by)'","b'IPS LCD capacitive touchscreen, 16M colors'","b'6.0 inches, 92.9 cm2 (~77.4% screen-to-body ratio)'","b'720 x 1440 pixels, 18:9 ratio (~268 ppi density)'",b'Android 8.1 (Oreo)',"b'microSD, up to 128 GB'","b'16 GB, 1 GB RAM'","b'8 MP, AF'",b'1080p@30fps',b'8 MP',b'',b'Yes',b'Yes',b'Non-removable Li-Ion 3500 mAh battery',"b'Wi-Fi 802.11 b/g/n, hotspot'","b'4.2, A2DP, LE'","b'Yes, with A-GPS'",b'FM radio',b'microUSB 2.0',"b'Accelerometer, proximity, compass, fingerprint (except Thailand, Colombia)'",,"b'Sandstone Black, Bordeaux Red, Serene Gold'",,b'Mediatek MT6580 (28 nm)',b'Quad-core 1.3 GHz Cortex-A7',,,"b'LED flash, panorama, HDR'",b'LED flash',,b'X609',,,,,,,,,,,,,,,,,,,,,,,,,,,,,,,,,
b'infinix',b'Infinix Hot 6X',b'https://cdn2.gsmarena.com/vv/bigpic/infinix-hot6x-n.jpg',b'GSM / HSPA / LTE',b'GSM 850 / 900 / 1800 / 1900 - SIM 1 & SIM 2',b'HSDPA 850 / 900 / 1700(AWS) / 1900 / 2100',"b'LTE band 1(2100), 2(1900), 3(1800), 4(1700/2100), 5(850), 7(2600), 8(900), 10(1700/2100), 20(800), 28(700), 38(2600), 40(2300), 41(2500)'","b'HSPA 42.2/5.76 Mbps, LTE Cat4 150/50 Mbps'",b'2018',b'Available. Released 2018',b'157 x 75 x 8 mm (6.18 x 2.95 x 0.31 in)',b'168 g (5.93 oz)',"b'Dual SIM (Nano-SIM, dual stand-by)'","b'IPS LCD capacitive touchscreen, 16M colors'","b'6.2 inches, 96.7 cm2 (~82.2% screen-to-body ratio)'",b'720 x 1500 pixels (~268 ppi density)',b'Android 8.1 (Oreo)',"b'microSD, up to 128 GB'","b'32 GB, 3 RAM or 16 GB, 2 GB RAM'",b'8 MP',b'1080p@30fps',,b'',b'Yes',b'Yes',b'Non-removable Li-Po 4000 mAh battery',"b'Wi-Fi 802.11 b/g/n, hotspot'","b'4.2, A2DP, LE'","b'Yes, with A-GPS'",b'FM radio',"b'microUSB 2.0, USB On-The-Go'","b'Fingerprint (rear-mounted), accelerometer, proximity, compass'",,"b'Midnight Black, Champagne Gold, Kent Blue, Bordeaux Red'",,b'Qualcomm MSM8917 Snapdragon 425 (28 nm)',b'Quad-core 1.4 GHz Cortex-A53',b'Adreno 308',"b'13 MP, PDAF 2 MP, depth sensor'","b'Dual-LED flash, panorama, HDR'",b'LED flash',,b'X623',,,,,,,,,,,,,,,,,,,,,,,,,,,,,,,,,
b'infinix',b'Infinix Note 5 Stylus',b'https://cdn2.gsmarena.com/vv/bigpic/infinix-note5-stylus-n.jpg',b'GSM / HSPA / LTE',b'GSM 850 / 900 / 1800 / 1900 - SIM 1 & SIM 2',b'HSDPA 850 / 900 / 2100',"b'LTE band 1(2100), 3(1800), 5(850), 8(900), 38(2600), 40(2300), 41(2500)'","b'HSPA 42.2/5.76 Mbps, LTE Cat4 150/50 Mbps'",b'2018',b'Available. Released 2018',b'158 x 75 x 8.4 mm (6.22 x 2.95 x 0.33 in)',b'173 g (6.10 oz)',"b'Hybrid Dual SIM (Nano-SIM, dual stand-by)'","b'LTPS IPS LCD capacitive touchscreen, 16M colors'","b'6.0 inches, 92.4 cm2 (~78.0% screen-to-body ratio)'","b'1080 x 2160 pixels, 18:9 ratio (~403 ppi density)'",b'Android 8.1 (Oreo); Android One',"b'microSD, up to 128 GB (uses SIM 2 slot)'","b'32/64 GB, 4 GB RAM'","b'16 MP (wide), f/1.8, 1.12\xc2\xb5m, PDAF'","b'2160p@30fps, 1080p@30fps (gyro-EIS), 720p@120fps'","b'16 MP, f/2.0, 1.0\xc2\xb5m'",b'1080p@30fps',b'Yes',b'Yes',b'Stylus',"b'Wi-Fi 802.11 a/b/g/n, hotspot'","b'4.2, A2DP, LE'","b'Yes, with A-GPS'",b'FM radio',"b'microUSB 2.0, USB On-The-Go'","b'Fingerprint (rear-mounted), accelerometer, gyro, proximity, compass'",b'Non-removable Li-Po 4000 mAh battery',"b'Bordeaux Red, Charcoal Blue, Champagne Gold'",,b'Mediatek MT6763T Helio P23 (16 nm)',b'Octa-core 2.0 GHz Cortex-A53',b'Mali-G71 MP2',,"b'Dual-LED dual-tone flash, panorama, HDR'",,,b'X605',,,,b'Fast battery charging 10W',,,,,"b'Front glass, aluminum body'",,,,,,,,,,,,,,,,,,,,,,,,
b'infinix',b'Infinix S3X',b'https://cdn2.gsmarena.com/vv/bigpic/infinix-s3x-n.jpg',b'GSM / HSPA / LTE',b'GSM 850 / 900 / 1800 / 1900 - SIM 1 & SIM 2',b'HSDPA 850 / 900 / 2100',"b'LTE band 1(2100), 3(1800), 5(850), 8(900), 40(2300), 41(2500)'","b'HSPA 42.2/5.76 Mbps, LTE Cat4 150/50 Mbps'",b'2018',b'Available. Released 2018',b'156.7 x 75.3 x 8 mm (6.17 x 2.96 x 0.31 in)',b'150 g (5.29 oz)',"b'Dual SIM (Nano-SIM, dual stand-by)'","b'IPS LCD capacitive touchscreen, 16M colors'","b'6.2 inches, 96.7 cm2 (~82.0% screen-to-body ratio)'",b'720 x 1500 pixels (~268 ppi density)',b'Android 8.1 (Oreo)',"b'microSD, up to 128 GB (dedicated slot)'","b'64 GB, 4 GB RAM or 32 GB, 3 GB RAM'","b'16 MP, 1.4\xc2\xb5m'",b'1080p@30fps',,b'',b'Yes',b'Yes',b'Non-removable Li-Po 4000 mAh battery',"b'Wi-Fi 802.11 b/g/n, hotspot'","b'4.2, A2DP, LE'","b'Yes, with A-GPS'",b'FM radio',"b'microUSB 2.0, USB On-The-Go'","b'Fingerprint (rear-mounted), accelerometer, gyro, proximity, compass'",,"b'Ice Blue, Sandstone Black, Tradewinds Grey'",,b'Qualcomm MSM8937 Snapdragon 430 (28 nm)',b'Octa-core 1.4 GHz Cortex-A53',b'Adreno 505',"b'13 MP, PDAF 2 MP, depth sensor'","b'Dual-LED flash, panorama, HDR'",,,b'X622',,,,b'Fast battery charging 10W',,,,,,,,,,,,,,,,,,,,,,,,,,,,,
b'infinix',b'Infinix Hot 6',b'https://cdn2.gsmarena.com/vv/bigpic/infinix-hot6-n.jpg',b'GSM / HSPA',b'GSM 850 / 900 / 1800 / 1900 - SIM 1 & SIM 2',b'HSDPA 850 / 1700(AWS) / 1900 / 2100',,b'HSPA 42.2/5.76 Mbps',b'2018',b'Available. Released 2018',b'157.7 x 75.4 x 8 mm (6.21 x 2.97 x 0.31 in)',b'145 g (5.11 oz)',"b'Dual SIM (Micro-SIM, dual stand-by)'","b'IPS LCD capacitive touchscreen, 16M colors'","b'6.0 inches, 92.9 cm2 (~78.1% screen-to-body ratio)'","b'720 x 1440 pixels, 18:9 ratio (~268 ppi density)'",b'Android 8.1 (Oreo) - 2 GB modelAndroid 8.1 Oreo (Go edition) - 1 GB model',"b'microSD, up to 128 GB'","b'16 GB, 1/2 GB RAM'","b'13 MP, f/2.0, AF'",b'1080p@30fps',b'8 MP',b'',"b'Yes, with dual speakers'",b'Yes',b'Non-removable Li-Po 4000 mAh battery',"b'Wi-Fi 802.11 b/g/n, hotspot'","b'4.0, A2DP, LE'","b'Yes, with A-GPS'",b'FM radio',"b'microUSB 2.0, USB On-The-Go'","b'Fingerprint (rear-mounted), accelerometer, proximity, compass'",,"b'Bordeaux Red, Magic Gold, Sandstone Black, City Blue'",,,b'Quad-core 1.3 GHz',,,"b'Dual-LED flash, panorama, HDR'",b'LED flash',,"b'X606D, X606C, X606, X606B'",,,,b'Fast battery charging 10W',,,,,,,,,,,,,,,,,,,,,,,,,,,,,
b'infinix',b'Infinix Note 5',b'https://cdn2.gsmarena.com/vv/bigpic/infinix-note5-n.jpg',b'GSM / HSPA / LTE',b'GSM 850 / 900 / 1800 / 1900 - SIM 1 & SIM 2',b'HSDPA 850 / 900 / 2100',"b'LTE band 1(2100), 3(1800), 5(850), 8(900), 40(2300), 41(2500)'","b'HSPA 42.2/11.5 Mbps, LTE Cat4 150/50 Mbps'",b'2018',b'Available. Released 2018',b'158 x 75 x 8.4 mm (6.22 x 2.95 x 0.33 in)',b'173 g (6.10 oz)',"b'Dual SIM (Nano-SIM, dual stand-by)'","b'LTPS IPS LCD capacitive touchscreen, 16M colors'","b'6.0 inches, 92.9 cm2 (~78.4% screen-to-body ratio)'","b'1080 x 2160 pixels, 18:9 ratio (~402 ppi density)'",b'Android 8.1 (Oreo); Android One',"b'microSD, up to 128 GB (dedicated slot)'","b'64 GB, 4 GB RAM or 32 GB, 3 GB RAM'","b'12 MP, f/2.0, 1/2.8"", 1.25\xc2\xb5m, PDAF'",b'1080p@30fps',"b'16 MP, f/2.0, 1.0\xc2\xb5m'",b'',b'Yes',b'Yes',b'Non-removable Li-Po 4500 mAh battery',"b'Wi-Fi 802.11 a/b/g/n, hotspot'","b'4.2, A2DP, LE'","b'Yes, with A-GPS'",b'FM radio',"b'microUSB 2.0, USB On-The-Go'","b'Fingerprint (rear-mounted), accelerometer, gyro, proximity, compass'",,"b'Berlin Gray, Ice Blue, Milan Black'",,b'Mediatek MT6763 Helio P23 (16 nm)',b'Octa-core 2.0 GHz Cortex-A53',b'Mali-G71 MP2',,"b'Dual-LED dual-tone flash, panorama, HDR'",b'LED flash',,"b'X604, X604B'",,,,b'Fast battery charging 10W',,,,,,,,,,,,,,,,,,,,,,,,,,,,,
b'infinix',b'Infinix Smart 2 Pro',b'https://cdn2.gsmarena.com/vv/bigpic/infinix-smart2-pro-n.jpg',b'GSM / HSPA / LTE',b'GSM 850 / 900 / 1800 / 1900 - SIM 1 & SIM 2',b'HSDPA 850 / 900 / 2100',b'LTE (unspecified)',"b'HSPA 42.2/11.5 Mbps, LTE Cat4 150/50 Mbps'",b'2018',b'Available. Released 2018',b'147.5 x 71 x 8.3 mm (5.81 x 2.80 x 0.33 in)',b'138 g (4.87 oz)',"b'Dual SIM (Nano-SIM, dual stand-by)'","b'IPS LCD capacitive touchscreen, 16M colors'","b'5.5 inches, 78.1 cm2 (~74.5% screen-to-body ratio)'","b'720 x 1440 pixels, 18:9 ratio (~293 ppi density)'",b'Android 8.1 (Oreo)',"b'microSD, up to 128 GB'","b'16 GB, 2 GB RAM'",b'8 MP',b'1080p@30fps',,b'',b'Yes',b'Yes',b'Non-removable Li-Ion 3050 mAh battery',"b'Wi-Fi 802.11 a/b/g/n, hotspot'","b'4.2, A2DP, LE'","b'Yes, with A-GPS'",b'FM radio',"b'microUSB 2.0, USB On-The-Go'","b'Fingerprint (rear-mounted), accelerometer, gyro, proximity, compass'",,"b'Sandstone Black, Bordeaux Red, Serene Gold'",,,b'Quad-core 1.5 GHz Cortex-A53',,"b'13 MP, PDAF 2 MP, depth sensor'","b'Dual-LED flash, panorama, HDR'",b'LED flash',,b'X5514D',,,,,,,,,,,,,,,,,,,,,,,,,,,,,,,,,
b'infinix',b'Infinix Smart 2',b'https://cdn2.gsmarena.com/vv/bigpic/infinix-smart2-n.jpg',b'GSM / HSPA / LTE',b'GSM 850 / 900 / 1800 / 1900 - SIM 1 & SIM 2',b'HSDPA 850 / 900 / 2100',b'LTE (unspecified)',"b'HSPA 42.2/11.5 Mbps, LTE Cat4 150/50 Mbps'",b'2018',b'Available. Released 2018',b'148 x 71 x 8.4 mm (5.83 x 2.80 x 0.33 in)',b'138 g (4.87 oz)',"b'Dual SIM (Nano-SIM, dual stand-by)'","b'IPS LCD capacitive touchscreen, 16M colors'","b'5.5 inches, 78.1 cm2 (~74.3% screen-to-body ratio)'","b'720 x 1440 pixels, 18:9 ratio (~293 ppi density)'",b'Android 8.1 (Oreo) or Android 8.1 Oreo (Go edition)',"b'microSD, up to 128 GB'","b'32 GB, 3 GB RAM or 16 GB, 1/2 GB RAM'","b'13 MP, PDAF'",b'1080p@30fps',b'8 MP',b'',b'Yes',b'Yes',b'Non-removable Li-Ion 3050 mAh battery',"b'Wi-Fi 802.11 b/g/n, hotspot'","b'4.2, A2DP, LE'","b'Yes, with A-GPS'",b'FM radio',"b'microUSB 2.0, USB On-The-Go'","b'Accelerometer, proximity; Fingerprint (16GB/1GB only)'",,"b'Sandstone Black, Bordeaux Red, Serene Gold, City Blue'",,,b'Quad-core 1.5 GHz Cortex-A53 or Quad-core 1.3 GHz Cortex-A53',,,"b'Dual-LED flash, panorama, HDR'",b'Dual-LED flash',,"b'X5515, X5515F'",,,,,,,,,,,,,,,,,,,,,,,,,,,,,,,,,
b'infinix',b'Infinix Hot 6 Pro',b'https://cdn2.gsmarena.com/vv/bigpic/infinix-hot6-pro-n.jpg',b'GSM / HSPA / LTE',b'GSM 850 / 900 / 1800 / 1900 - SIM 1 & SIM 2',b'HSDPA 850 / 900 / 2100',"b'LTE band 1(2100), 3(1800), 5(850), 8(900), 40(2300), 41(2500)'","b'HSPA 42.2/5.76 Mbps, LTE Cat4 150/50 Mbps'",b'2018',b'Available. Released 2018',b'160.4 x 76.2 x 8.3 mm (6.31 x 3.00 x 0.33 in)',b'158 g (5.57 oz)',"b'Dual SIM (Nano-SIM, dual stand-by)'","b'IPS LCD capacitive touchscreen, 16M colors'","b'6.0 inches, 92.9 cm2 (~76.0% screen-to-body ratio)'","b'720 x 1440 pixels, 18:9 ratio (~268 ppi density)'",b'Android 8.0 (Oreo)',"b'microSD, up to 128 GB (dedicated slot)'","b'32 GB, 3 GB RAM or 16 GB, 2 GB RAM'","b'5 MP, f/2.0'",b'1080p@30fps',,b'',b'Yes',b'Yes',b'Non-removable Li-Po 4000 mAh battery',"b'Wi-Fi 802.11 b/g/n, hotspot'","b'4.1, A2DP, LE'","b'Yes, with A-GPS'",b'FM radio',"b'microUSB 2.0, USB On-The-Go'","b'Fingerprint (rear-mounted), accelerometer, proximity, compass'",,"b'Bordeaux Red, Magic Gold, Sandstone Black, Blue'",,b'Qualcomm MSM8917 Snapdragon 425 (28 nm)',b'Quad-core 1.4 GHz Cortex-A53',b'Adreno 308',"b'13 MP, f/2.0, PDAF 2 MP, depth sensor'","b'LED flash, panorama, HDR'",b'LED flash',,b'X608',,,,,,,,,,,,,,,,,,,,,,,,,,,,,,,,,
b'infinix',b'Infinix Hot S3',b'https://cdn2.gsmarena.com/vv/bigpic/infinix-hot-s3-n.jpg',b'GSM / HSPA / LTE',b'GSM 850 / 900 / 1800 / 1900 - SIM 1 & SIM 2',b'HSDPA 850 / 900 / 2100',"b'LTE band 1(2100), 3(1800), 5(850), 8(900), 40(2300), 41(2500)'","b'HSPA 42.2/5.76 Mbps, LTE Cat4 150/50 Mbps'",b'2018',b'Available. Released 2018',b'153 x 72.9 x 8.4 mm (6.02 x 2.87 x 0.33 in)',b'150 g (5.29 oz)',"b'Dual SIM (Nano-SIM, dual stand-by)'","b'IPS LCD capacitive touchscreen, 16M colors'","b'5.7 inches, 83.8 cm2 (~75.2% screen-to-body ratio)'","b'720 x 1440 pixels, 18:9 ratio (~282 ppi density)'",b'Android 8.1 (Oreo)',"b'microSD, up to 128 GB (dedicated slot)'","b'32 GB, 3 GB RAM'","b'13 MP, PDAF'",b'1080p@30fps',b'20 MP',b'',b'Yes',b'Yes',b'Non-removable Li-Po 4000 mAh battery',"b'Wi-Fi 802.11 b/g/n, hotspot'","b'4.2, A2DP, LE'","b'Yes, with A-GPS'",b'FM radio',"b'microUSB 2.0, USB On-The-Go'","b'Fingerprint (rear-mounted), accelerometer, proximity, compass'",,"b'Blush Gold, Sandstone Black, Topaz Blue, Bordeaux Red, Brush Gold'",,b'Qualcomm MSM8937 Snapdragon 430 (28 nm)',b'Octa-core 1.4 GHz Cortex-A53',b'Adreno 505',,"b'Dual-LED flash, panorama, HDR'",b'Dual-LED flash',,"b'X573, X573B'",,,,b'Fast battery charging 10W',,,,,,,,,,,,,,,,,,,,,,,,,,,,,
b'infinix',b'Infinix Zero 5 Pro',b'https://cdn2.gsmarena.com/vv/bigpic/infinix-zero5-pro.jpg',b'GSM / HSPA / LTE',b'GSM 850 / 900 / 1800 / 1900 - SIM 1 & SIM 2',b'HSDPA 850 / 900 / 1700(AWS) / 1900 / 2100',"b'LTE band 1(2100), 2(1900), 3(1800), 4(1700/2100), 5(850), 7(2600), 8(900), 20(800), 28(700), 38(2600), 40(2300)'","b'HSPA 42.2/5.76 Mbps, LTE Cat4 150/50 Mbps'",b'2018',b'Available. Released 2018',b'166.4 x 82.4 x 8 mm (6.55 x 3.24 x 0.31 in)',b'197 g (6.95 oz)',"b'Dual SIM (Micro-SIM, dual stand-by)'","b'IPS LCD capacitive touchscreen, 16M colors'","b'5.98 inches, 98.6 cm2 (~71.9% screen-to-body ratio)'","b'1080 x 1920 pixels, 16:9 ratio (~368 ppi density)'",b'Android 7.0 (Nougat)',"b'microSD, up to 128 GB'","b'128 GB, 6 GB RAM'","b'16 MP, f/2.0'",b'1080p@30fps',,b'',b'Yes',b'Yes',b'Non-removable Li-Ion 4350 mAh battery',"b'Wi-Fi 802.11 a/b/g/n, hotspot'","b'4.2, A2DP, LE'","b'Yes, with A-GPS'",b'FM radio',"b'2.0, Type-C 1.0 reversible connector, USB On-The-Go'","b'Fingerprint (rear-mounted), accelerometer, gyro, proximity, compass'",,b'Bronze Gold Black',b'Corning Gorilla Glass 3',b'Mediatek MT6757CD Helio P20 (16 nm)',b'Octa-core (4x2.6 GHz Cortex-A53 & 4x1.4 GHz Cortex-A53)',b'Mali-T880MP2',"b'12 MP (wide), f/2.0, AF 13 MP (telephoto), f/2.6, 2x zoom, AF'","b'Dual-LED flash, panorama, HDR'",b'LED flash',,,,,,,,,,,"b'Front glass, aluminum body'",,,,,,,,,,,,,,,,,,,,,,,,
b'infinix',b'Infinix Zero 5',b'https://cdn2.gsmarena.com/vv/bigpic/infinix-zero5-n.jpg',b'GSM / HSPA / LTE',b'GSM 850 / 900 / 1800 / 1900 - SIM 1 & SIM 2',b'HSDPA 850 / 900 / 1700(AWS) / 1900 / 2100',"b'LTE band 1(2100), 2(1900), 3(1800), 4(1700/2100), 5(850), 7(2600), 8(900), 20(800), 28(700), 38(2600), 40(2300)'","b'HSPA 42.2/5.76 Mbps, LTE Cat4 150/50 Mbps'",b'2018',b'Available. Released 2018',b'166.4 x 82.4 x 8 mm (6.55 x 3.24 x 0.31 in)',b'197 g (6.95 oz)',"b'Dual SIM (Micro-SIM, dual stand-by)'","b'IPS LCD capacitive touchscreen, 16M colors'","b'5.98 inches, 98.6 cm2 (~71.9% screen-to-body ratio)'","b'1080 x 1920 pixels, 16:9 ratio (~368 ppi density)'",b'Android 7.0 (Nougat)',"b'microSD, up to 128 GB'","b'64 GB, 6 GB RAM'","b'16 MP, f/2.0'",b'1080p@30fps',,b'',b'Yes',b'Yes',b'Non-removable Li-Ion 4350 mAh battery',"b'Wi-Fi 802.11 a/b/g/n, hotspot'","b'4.2, A2DP, LE'","b'Yes, with A-GPS'",b'FM radio',"b'2.0, Type-C 1.0 reversible connector, USB On-The-Go'","b'Fingerprint (rear-mounted), accelerometer, gyro, proximity, compass'",,"b'Sandstone Black, Champange Gold, Bordeaux Red'",b'Corning Gorilla Glass 3',b'Mediatek MT6757CD Helio P20 (16 nm)',b'Octa-core (4x2.6 GHz Cortex-A53 & 4x1.4 GHz Cortex-A53)',b'Mali-T880MP2',"b'12 MP (wide), f/2.0, AF 13 MP (telephoto), f/2.6, 2x zoom, AF'","b'Dual-LED flash, panorama, HDR'",b'LED flash',,b'X603',,,,,,,,,,,,,,,,,,,,,,,,,,,,,,,,,
b'infinix',b'Infinix Hot 5 Lite',b'https://cdn2.gsmarena.com/vv/bigpic/infinix-hot5-lite-n.jpg',b'GSM / HSPA',b'GSM 850 / 900 / 1800 / 1900 - SIM 1 & SIM 2',b'HSDPA 2100',,b'HSPA 42.2/11.5 Mbps',b'2017',b'Available. Released 2017',b'154.8 x 77.7 x 8.4 mm (6.09 x 3.06 x 0.33 in)',b'168 g (5.93 oz)',"b'Dual SIM (Micro-SIM, dual stand-by)'","b'IPS LCD capacitive touchscreen, 16M colors'","b'5.5 inches, 83.4 cm2 (~69.3% screen-to-body ratio)'","b'720 x 1280 pixels, 16:9 ratio (~267 ppi density)'",b'Android 7.0 (Nougat)',"b'microSD, up to 32 GB'","b'16 GB, 1 GB RAM'","b'8 MP, AF'",b'720p@30fps',b'5 MP',b'',"b'Yes, with stereo speakers'",b'Yes',b'HSDPA 850 / 1700(AWS) / 1900 / 2100',"b'Wi-Fi 802.11 b/g/n, hotspot'","b'4.0, A2DP, LE'","b'Yes, with A-GPS'",b'FM radio',"b'microUSB 2.0, USB On-The-Go'","b'Accelerometer, proximity, compass'",b'Dirac 3D Stereo Surround sound',"b'Gold, Black, White, Lemon, Red'",,b'Mediatek MT6580M',b'Quad-core 1.3 GHz Cortex-A7',b'Mali-400MP2',,"b'LED flash, panorama, HDR'",b'LED flash',,,b'Non-removable Li-Po 4000 mAh battery',,,,,,,,,,,,,,,,,,,,,,,,,,,,,,,,
b'infinix',b'Infinix Hot 5',b'https://cdn2.gsmarena.com/vv/bigpic/infinix-hot5-n.jpg',b'GSM / HSPA',b'GSM 850 / 900 / 1800 / 1900 - SIM 1 & SIM 2',b'HSDPA 850 / 900 / 2100',,b'HSPA 42.2/11.5 Mbps',b'2017',b'Available. Released 2017',b'154.8 x 77.7 x 8.4 mm (6.09 x 3.06 x 0.33 in)',b'168 g (5.93 oz)',"b'Dual SIM (Micro-SIM, dual stand-by)'","b'IPS LCD capacitive touchscreen, 16M colors'","b'5.5 inches, 83.4 cm2 (~69.3% screen-to-body ratio)'","b'720 x 1280 pixels, 16:9 ratio (~267 ppi density)'",b'Android 7.0 (Nougat)',"b'microSD, up to 32 GB'","b'16 GB, 2 GB RAM'","b'8 MP, AF'",b'720p@30fps',b'5 MP',b'',"b'Yes, with stereo speakers'",b'Yes',b'Dirac 3D Stereo Surround sound',"b'Wi-Fi 802.11 b/g/n, hotspot'","b'4.0, A2DP, LE'","b'Yes, with A-GPS'",b'FM radio',"b'microUSB 2.0, USB On-The-Go'","b'Fingerprint (rear-mounted), accelerometer, proximity, compass'",b'Non-removable Li-Po 4000 mAh battery',"b'Gold, Black, White, Lemon, Red'",,b'Mediatek MT6580M',b'Quad-core 1.3 GHz Cortex-A7',b'Mali-400MP2',,"b'LED flash, panorama, HDR'",b'LED flash',,"b'X559C, X559'",,,,,,,,,,,,,,,,,,,,,,,,,,,,,,,,,
b'infinix',b'Infinix Note 4 Pro',b'https://cdn2.gsmarena.com/vv/bigpic/infinix-note4-pro-n.jpg',b'GSM / HSPA / LTE',b'GSM 850 / 900 / 1800 / 1900 - SIM 1 & SIM 2',b'HSDPA 850 / 900 / 2100',"b'LTE band 1(2100), 3(1800), 5(850), 7(2600), 8(900), 20(800), 38(2600), 40(2300)'","b'HSPA 42.2/11.5 Mbps, LTE Cat4 150/50 Mbps'","b'2017, July'","b'Available. Released 2017, July'",b'159 x 79 x 8.3 mm (6.26 x 3.11 x 0.33 in)',b'200 g (7.05 oz)',"b'Dual SIM (Micro-SIM, dual stand-by)'","b'LTPS IPS LCD capacitive touchscreen, 16M colors'","b'5.7 inches, 89.6 cm2 (~71.3% screen-to-body ratio)'","b'1080 x 1920 pixels, 16:9 ratio (~386 ppi density)'",b'Android 7.0 (Nougat)',"b'microSD, up to 128 GB (dedicated slot)'","b'32 GB, 3 GB RAM or 16 GB, 2 GB RAM'","b'13 MP, AF'",b'1080p@30fps',"b'8 MP, 1.4\xc2\xb5m'",b'',b'Yes',b'Yes',b'Stylus (not integrated)',"b'Wi-Fi 802.11 a/b/g/n, hotspot'","b'4.2, A2DP, LE'","b'Yes, with A-GPS'",b'FM radio',"b'microUSB 2.0, USB On-The-Go'","b'Fingerprint (front-mounted), accelerometer, gyro, proximity, compass'",b'Non-removable Li-Po 4500 mAh battery',"b'Champagne Gold, Sandstone Black, Prussian Blue, Lilac Gray'",,b'Mediatek MT6753 (28 nm)',b'Octa-core 1.3 GHz Cortex-A53',b'Mali-T720MP3',,"b'Dual-LED dual-tone flash, panorama, HDR'",b'LED flash',,b'X571',,,,b'Fast battery charging 25W',,,,,"b'Front glass, aluminum frame'",,,,,,,,,,,,,,,,,,,,,,,,
b'infinix',b'Infinix Note 4',b'https://cdn2.gsmarena.com/vv/bigpic/infinix-note4-n.jpg',b'GSM / HSPA / LTE',b'GSM 850 / 900 / 1800 / 1900 - SIM 1 & SIM 2',b'HSDPA 850 / 900 / 1900 / 2100',"b'LTE band 2(1900), 3(1800), 4(1700/2100), 7(2600), 28(700)'","b'HSPA 42.2/11.5 Mbps, LTE Cat4 150/50 Mbps'",b'2018',b'Available. Released 2018',b'159 x 78.8 x 8.4 mm (6.26 x 3.10 x 0.33 in)',b'198 g (6.98 oz)',"b'Dual SIM (Micro-SIM, dual stand-by)'","b'LTPS IPS LCD capacitive touchscreen, 16M colors'","b'5.7 inches, 89.6 cm2 (~71.5% screen-to-body ratio)'","b'1080 x 1920 pixels, 16:9 ratio (~386 ppi density)'",b'Android 7.0 (Nougat)',"b'microSD, up to 128 GB (dedicated slot)'","b'16 GB, 2 GB RAM'","b'13 MP, AF'",b'1080p@30fps',"b'8 MP, 1.4\xc2\xb5m'",b'',b'Yes',b'Yes',b'Non-removable Li-Po 4300 mAh battery',"b'Wi-Fi 802.11 a/b/g/n, hotspot'","b'4.2, A2DP, LE'","b'Yes, with A-GPS'",b'FM radio',"b'microUSB 2.0, USB On-The-Go'","b'Fingerprint (front-mounted), accelerometer, proximity, compass'",,"b'Champagne Gold, Milan Black, Ice Blue'",,b'Mediatek MT6753 (28 nm)',b'Octa-core 1.3 GHz Cortex-A53',b'Mali-T720MP3',,"b'Dual-LED dual-tone flash, panorama, HDR'",b'LED flash',,"b'X572, X572-LTE'",,,,b'Fast battery charging 2A/9V 18W',,,,,"b'Front glass, aluminum body'",,,,,,,,,,,,,,,,,,,,,,,,
b'infinix',b'Infinix Smart',b'https://cdn2.gsmarena.com/vv/bigpic/infinix-smart-n.jpg',b'GSM / HSPA',b'GSM 850 / 900 / 1800 / 1900 - SIM 1 & SIM 2',b'HSDPA 850 / 900 / 2100',,b'HSPA 42.2/5.76 Mbps',b'2017',b'Available. Released 2017',b'144.9 x 71.9 x 8.4 mm (5.70 x 2.83 x 0.33 in)',b'145 g (5.11 oz)',"b'Dual SIM (Micro-SIM, dual stand-by)'","b'IPS LCD capacitive touchscreen, 16M colors'","b'5.0 inches, 68.9 cm2 (~66.2% screen-to-body ratio)'","b'720 x 1280 pixels, 16:9 ratio (~294 ppi density)'",b'Android 7.0 (Nougat)',"b'microSD, up to 128 GB'","b'16 GB, 1 GB RAM'","b'8 MP, AF'",b'720p@30fps',b'2 MP',b'',"b'Yes, with stereo speakers'",b'Yes',b'HSDPA 900 / 2100',"b'Wi-Fi 802.11 b/g/n, hotspot'","b'4.0, A2DP, LE'","b'Yes, with A-GPS'",b'FM radio',"b'microUSB 2.0, USB On-The-Go'","b'Accelerometer, proximity'",b'HSDPA 850 / 1700(AWS) / 1900 / 2100',"b'Champagne gold, Sandstone Black, Bordeaux red, Mysterious blue, Apple Green'",,b'Mediatek MT6580 (28 nm)',b'Quad-core 1.3 GHz Cortex-A7',b'Mali-400MP2',,"b'LED flash, panorama, HDR'",b'LED flash',,b'X5010',b'Non-removable Li-Ion 3060 mAh battery',,,,,,,,,,,,,,,,,,,,,,,,,,,,,,,,
b'infinix',b'Infinix Zero 4 Plus',b'https://cdn2.gsmarena.com/vv/bigpic/infinix-zero4-plus-n.jpg',b'GSM / HSPA / LTE',b'GSM 850 / 900 / 1800 / 1900 - SIM 1 & SIM 2',b'HSDPA 850 / 900 / 2100',"b'LTE band 1(2100), 3(1800), 5(850), 7(2600), 8(900), 20(800), 38(2600), 40(2300)'","b'HSPA 42.2/5.76 Mbps, LTE Cat4 150/50 Mbps'","b'2017, March'","b'Available. Released 2017, March'",b'160.5 x 83 x 8.3 mm (6.32 x 3.27 x 0.33 in)',b'203 g (7.16 oz)',"b'Dual SIM (Micro-SIM, dual stand-by)'","b'IPS LCD capacitive touchscreen, 16M colors'","b'5.98 inches, 98.6 cm2 (~74.0% screen-to-body ratio)'","b'1080 x 1920 pixels, 16:9 ratio (~368 ppi density)'",b'Android 6.0 (Marshmallow)',"b'microSD, up to 128 GB'","b'64 GB, 4 GB RAM'","b'21 MP, f/2.0, PDAF/Laser AF, OIS'",b'1080p@30fps',"b'13 MP, f/2.2'",b'',b'Yes',b'Yes',b'HSDPA 850 / 1700 / 1900 / 2100',"b'Wi-Fi 802.11 a/b/g/n/ac, Wi-Fi Direct, hotspot'","b'4.2, A2DP, LE'","b'Yes, with A-GPS'",b'FM radio',"b'microUSB 2.0, USB On-The-Go'","b'Fingerprint (rear-mounted), accelerometer, gyro, proximity, compass'","b'LTE band 2(1900), 3(1800), 4(1700/2100), 7(2600), 28(700)'","b'Lilac grey, Champagne, Galaxy Blue, Silver purple'",b'Corning Gorilla Glass 3',b'Mediatek MT6797M Helio X20 (20 nm)',b'Deca-core 2.0 GHz',b'Mali-T880 MP4',,"b'Dual-LED flash, panorama, HDR'",b'LED flash',,b'Zero 4 Plus',b'Non-removable Li-Ion 4000 mAh battery',,,,,,,,,,,,,,,,,,,,,,,,,,,,,,,,
b'infinix',b'Infinix Zero 4',b'https://cdn2.gsmarena.com/vv/bigpic/infinix-zero4-n.jpg',b'GSM / HSPA / LTE',b'GSM 850 / 900 / 1800 / 1900 - SIM 1 & SIM 2',b'HSDPA 850 / 900 / 2100',"b'LTE band 1(2100), 3(1800), 5(850), 7(2600), 8(900), 20(800), 38(2600), 40(2300)'","b'HSPA 42.2/5.76 Mbps, LTE Cat4 150/50 Mbps'","b'2017, March'","b'Available. Released 2017, March'",b'151.5 x 76 x 7.8 mm (5.96 x 2.99 x 0.31 in)',b'167.5 g (5.93 oz)',"b'Dual SIM (Micro-SIM, dual stand-by)'","b'IPS LCD capacitive touchscreen, 16M colors'","b'5.5 inches, 83.4 cm2 (~72.4% screen-to-body ratio)'","b'1080 x 1920 pixels, 16:9 ratio (~401 ppi density)'",b'Android 6.0 (Marshmallow)',"b'microSD, up to 128 GB (dedicated slot)'","b'32 GB, 3 GB RAM'","b'16 MP, f/2.0, PDAF/Laser AF, OIS'",b'1080p@30fps',"b'8 MP, f/2.2'",b'',b'Yes',b'Yes',b'HSDPA 850 / 1700 / 1900 / 2100',"b'Wi-Fi 802.11 b/g/n, Wi-Fi Direct, hotspot'","b'4.0, A2DP, LE'","b'Yes, with A-GPS'",b'FM radio',"b'microUSB 2.0, USB On-The-Go'","b'Fingerprint (rear-mounted), accelerometer, gyro, proximity, compass'","b'LTE band 2(1900), 3(1800), 4(1700/2100), 7(2600), 28(700)'","b'Anthracite Grey, Champagne Gold, Barbie Pink, Filber Brown'",b'Corning Gorilla Glass 3',b'Mediatek MT6753 (28 nm)',b'Octa-core 1.3 GHz Cortex-A53',b'Mali-T720MP3',,"b'Dual-LED flash, panorama, HDR'",b'LED flash',,b'Zero 4',b'Non-removable Li-Ion 3200 mAh battery',,,,,,,,,,,,,,,,,,,,,,,,,,,,,,,,
b'infinix',b'Infinix S2 Pro',b'https://cdn2.gsmarena.com/vv/bigpic/infinix-s2-n.jpg',b'GSM / HSPA / LTE',b'GSM 850 / 900 / 1800 / 1900 - SIM 1 & SIM 2',b'HSDPA 850 / 900 / 2100',"b'LTE band 1(2100), 3(1800), 5(850), 7(2600), 8(900), 20(800), 38(2600), 40(2300)'","b'HSPA 42.2/5.76 Mbps, LTE Cat4 150/50 Mbps'",b'2017',b'Available. Released 2017',b'148.9 x 72.1 x 8.1 mm (5.86 x 2.84 x 0.32 in)',b'147 g (5.19 oz)',"b'Hybrid Dual SIM (Micro-SIM, dual stand-by)'","b'IPS LCD capacitive touchscreen, 16M colors'","b'5.2 inches, 74.5 cm2 (~69.4% screen-to-body ratio)'","b'720 x 1280 pixels, 16:9 ratio (~282 ppi density)'",b'Android 7.0 (Nougat)',"b'microSD, up to 128 GB (dedicated slot)'","b'32 GB, 3 GB RAM (S2 Pro) or 16 GB, 2 GB RAM (S2)'","b'13 MP, PDAF'",b'1080p@30fps',,b'',b'Yes',b'Yes',b'HSDPA 850 / 1700(AWS) / 1900 / 2100',"b'Wi-Fi 802.11 a/b/g/n, hotspot'","b'4.2, A2DP, LE'","b'Yes, with A-GPS'",b'FM radio',"b'microUSB 2.0, USB On-The-Go'","b'Fingerprint (rear-mounted), accelerometer, gyro, proximity, compass'","b'LTE band 2(1900), 3(1800), 4(1700/2100), 7(2600), 28(700)'","b'Midnight Black, Orchid Gray, Coral Blue, Arctic Silver, Maple Gold'",,b'Mediatek MT6753 (28 nm)',b'Octa-core 1.3 GHz Cortex-A53',b'Mali-T720MP3',"b'13 MP 8 MP, 9mm (ultrawide)'","b'Dual-LED flash, panorama, HDR'",b'LED flash',,"b'S2 Pro, S2'",b'Non-removable Li-Po 3000 mAh battery',,,b'Fast battery charging 10W',,,,,,,,,,,,,,,,,,,,,,,,,,,,,
b'infinix',b'Infinix Hot 4 Pro',b'https://cdn2.gsmarena.com/vv/bigpic/infinix-hot4-pro-n.jpg',b'GSM / HSPA / LTE',b'GSM 850 / 900 / 1800 / 1900 - SIM 1 & SIM 2',b'HSDPA 850 / 1700 / 1900 / 2100',"b'LTE band 1(2100), 3(1800), 5(850), 7(2600), 8(900), 20(800), 38(2600), 40(2300)'","b'HSPA 42.2/11.5 Mbps, LTE Cat4 150/50 Mbps'","b'2016, August'","b'Available. Released 2016, August'",b'152.6 x 76.2 x 8.6 mm (6.01 x 3.00 x 0.34 in)',b'175 g (6.17 oz)',"b'Dual SIM (Micro-SIM, dual stand-by)'","b'IPS LCD capacitive touchscreen, 16M colors'","b'5.5 inches, 83.4 cm2 (~71.7% screen-to-body ratio)'","b'720 x 1280 pixels, 16:9 ratio (~267 ppi density)'",b'Android 6.0 (Marshmallow)',"b'microSD, up to 32 GB'","b'16 GB, 2 GB RAM'","b'13 MP, AF'",b'1080p@30fps',b'5 MP',b'',b'Yes',b'Yes',b'Non-removable Li-Po 4000 mAh battery',"b'Wi-Fi 802.11 a/b/g/n, hotspot'","b'4.0, A2DP, LE'","b'Yes, with A-GPS'",b'FM radio',b'microUSB 2.0',"b'Fingerprint (rear-mounted), accelerometer, proximity, compass'",,"b'Anthracite Gray, Champagn Gold, Glossy Silver, Mysterious Blue'",,b'Mediatek MT6737W (28 nm)',b'Quad-core 1.3 GHz Cortex-A7',b'Mali',,"b'LED flash, panorama, HDR'",b'LED flash',,b'HOT 4 Pro',,,,,,,,,,,,,,,,,,,,,,,,,,,,,,,,,
b'infinix',b'Infinix Hot 4',b'https://cdn2.gsmarena.com/vv/bigpic/infinix-hot4-n.jpg',b'GSM / HSPA',b'GSM 850 / 900 / 1800 / 1900 - SIM 1 & SIM 2',b'HSDPA 850 / 1700 / 1900 / 2100',,b'HSPA 42.2/11.5 Mbps',"b'2016, July'","b'Available. Released 2016, July'",b'152.6 x 76.2 x 8.6 mm (6.01 x 3.00 x 0.34 in)',b'175 g (6.17 oz)',"b'Dual SIM (Micro-SIM, dual stand-by)'","b'IPS LCD capacitive touchscreen, 16M colors'","b'5.5 inches, 83.4 cm2 (~71.7% screen-to-body ratio)'","b'720 x 1280 pixels, 16:9 ratio (~267 ppi density)'",b'Android 6.0 (Marshmallow)',"b'microSD, up to 32 GB'","b'16 GB, 1/2 GB RAM'","b'8 MP, AF'",b'1080p@30fps',b'5 MP',b'',b'Yes',b'Yes',b'Non-removable Li-Po 4000 mAh battery',"b'Wi-Fi 802.11 b/g/n, hotspot'","b'4.0, A2DP, LE'","b'Yes, with A-GPS'",b'FM radio',b'microUSB 2.0',"b'Fingerprint (rear-mounted), accelerometer, proximity, compass'",,"b'Luxurious Gold, Sandstone Black, Scarlet Red, Turquoise Dream, Sapphire Blue'",,b'Mediatek MT6580',b'Quad-core 1.3 GHz Cortex-A7',b'Mali-400MP2',,"b'LED flash, panorama, HDR'",b'LED flash',,b'HOT 4',,,,,,,,,,,,,,,,,,,,,,,,,,,,,,,,,
b'infinix',b'Infinix Note 3 Pro',b'https://cdn2.gsmarena.com/vv/bigpic/infinix-note3-pro-n.jpg',b'GSM / HSPA / LTE',b'GSM 850 / 900 / 1800 / 1900 - SIM 1 & SIM 2',b'HSDPA 850 / 900 / 2100',"b'LTE band 1(2100), 3(1800), 5(850), 7(2600), 8(900), 20(800), 38(2600), 40(2300)'","b'HSPA 42.2/11.5 Mbps, LTE Cat4 150/50 Mbps'","b'2016, July'","b'Available. Released 2016, July'",b'162.5 x 82.8 x 8.4 mm (6.40 x 3.26 x 0.33 in)',b'199 g (7.02 oz)',"b'Dual SIM (Micro-SIM, dual stand-by)'","b'LTPS IPS LCD capacitive touchscreen, 16M colors'","b'6.0 inches, 99.2 cm2 (~73.8% screen-to-body ratio)'","b'1080 x 1920 pixels, 16:9 ratio (~367 ppi density)'",b'Android 6.0 (Marshmallow)',b'No',"b'16 GB, 2/3 GB RAM'","b'13 MP, AF'",b'1080p@30fps',b'5 MP',b'',b'Yes',b'Yes',b'Non-removable Li-Ion 4500 mAh battery',"b'Wi-Fi 802.11 a/b/g/n, hotspot'","b'4.0, A2DP, LE'","b'Yes, with A-GPS'",b'FM radio',b'microUSB 2.0',"b'Fingerprint (rear-mounted), accelerometer, proximity, compass'",,"b'Palm gold, Crystal gray, Champagne Gold, Glossy silver'",,b'Mediatek MT6753 (28 nm)',b'Octa-core 1.3 GHz Cortex-A53',b'Mali-T720MP3',,"b'Dual-LED flash, panorama'",b'LED flash',,b'NOTE 3 Pro',,,,,,,,,,,,,,,,,,,,,,,,,,,,,,,,,
b'infinix',b'Infinix Note 3',b'https://cdn2.gsmarena.com/vv/bigpic/infinix-note3-n.jpg',b'GSM / HSPA / LTE',b'GSM 850 / 900 / 1800 / 1900 - SIM 1 & SIM 2',b'HSDPA 850 / 900 / 2100',b'LTE (unspecified)',"b'HSPA 42.2/11.5 Mbps, LTE Cat4 150/50 Mbps'","b'2016, July'","b'Available. Released 2016, July'",b'162.5 x 82.8 x 8.4 mm (6.40 x 3.26 x 0.33 in)',b'199 g (7.02 oz)',"b'Dual SIM (Micro-SIM, dual stand-by)'","b'LTPS IPS LCD capacitive touchscreen, 16M colors'","b'6.0 inches, 99.2 cm2 (~73.8% screen-to-body ratio)'","b'1080 x 1920 pixels, 16:9 ratio (~367 ppi density)'",b'Android 6.0 (Marshmallow)',b'No',"b'16 GB, 2 GB RAM'","b'13 MP, AF'",b'1080p@30fps',b'5 MP',b'',b'Yes',b'Yes',b'Non-removable Li-Ion 4500 mAh battery',"b'Wi-Fi 802.11 a/b/g/n, hotspot'","b'4.0, A2DP, LE'","b'Yes, with A-GPS'",b'FM radio',b'microUSB 2.0',"b'Fingerprint (rear-mounted), accelerometer, proximity, compass'",,"b'Palm gold, Crystal gray, Champagne Gold, Glossy silver'",,b'Mediatek MT6753 (28 nm)',b'Octa-core 1.3 GHz Cortex-A53',b'Mali-T720MP3',,"b'Dual-LED flash, panorama,'",b'LED flash',,b'X601',,,,,,,,,,,,,,,,,,,,,,,,,,,,,,,,,
b'infinix',b'Infinix Hot S',b'https://cdn2.gsmarena.com/vv/bigpic/infinix-hot-s-n.jpg',b'GSM / HSPA / LTE',b'GSM 850 / 900 / 1800 / 1900 - SIM 1 & SIM 2',b'HSDPA 2100',b'LTE (unspecified)',"b'HSPA 42.2/5.76 Mbps, LTE Cat4 150/50 Mbps'","b'2016, June'","b'Available. Released 2016, June'",b'148.8 x 73.2 x 8 mm (5.86 x 2.88 x 0.31 in)',b'140 g (4.94 oz)',"b'Dual SIM (Micro-SIM, dual stand-by)'","b'TFT capacitive touchscreen, 16M colors'","b'5.2 inches, 74.5 cm2 (~68.4% screen-to-body ratio)'","b'720 x 1280 pixels, 16:9 ratio (~282 ppi density)'",b'Android 6.0 (Marshmallow)',"b'microSD, up to 32 GB'","b'16 GB, 2 GB RAM'","b'13 MP, AF'",b'1080p@30fps',b'8 MP',b'',b'Yes',b'Yes',b'Non-removable Li-Ion 3000 mAh battery',"b'Wi-Fi 802.11 b/g/n, hotspot'","b'4.0, A2DP, LE'","b'Yes, with A-GPS'",b'FM radio',b'microUSB 2.0',"b'Fingerprint (rear-mounted), accelerometer, proximity, compass'",,"b'Pink, Gold, Blue, Gray, Black'",,b'Mediatek MT6753 (28 nm)',b'Octa-core 1.3 GHz Cortex-A53',b'Mali-T720MP3',,b'LED flash',,,"b'X521, HOT S'",,,,,,,,,,,,,,,,,,,,,,,,,,,,,,,,,
