Brand,Model Name,Model Image,Technology,2G bands,,GPRS,EDGE,Announced,Status,Dimensions,Weight,SIM,Type,Size,Resolution,Card slot,Phonebook,Call records,Internal,_1,Loudspeaker,Alert types,3.5mm jack,WLAN,Bluetooth,GPS,Radio,USB,Sensors,Messaging,Browser,Games,Java,_1_1,Stand-by,Talk time,Colors,Single,Video,Infrared port,3G bands,Speed,Features,Keyboard,OS,CPU,Languages,Single_1,Video_1,Chipset,Clock,Alarm
b'siemens',b'Siemens AL21',b'https://cdn2.gsmarena.com/vv/bigpic/siemens-al21.gif',b'GSM',b'GSM 900 / 1800 / 1900',b'GSM 850 / 1800 / 1900 - US version',b'Class 8',b'No',"b'2005, November'",b'Discontinued',b'86.8 x 45.8 x 19.2 mm (3.42 x 1.80 x 0.76 in)',b'78 g (2.75 oz)',b'Mini-SIM',"b'TFT, 65K colors'",b'',"b'130 x 130 pixels, 1:1 ratio'",b'No',b'Yes',"b'10 dialed, 10 received, 10 missed calls'",b'1.5 MB',b'No',b'Yes',b'Vibration; Polyphonic(32) ringtones',b'No',b'No',b'No',b'No',b'No',b'Proprietary',b'',"b'SMS, EMS, MMS'",b'WAP 1.2.1',b'Yes + downloadable',"b'Yes, MIDP 1.0'",b'Removable Li-Ion 600 mAh battery',b'Up to 220 h',b'Up to 5 h',"b'Red Temptation, Black Magic'",,,,,,,,,,,,,,,
b'siemens',b'Siemens A31',b'https://cdn2.gsmarena.com/vv/bigpic/siemens-a31.gif',b'GSM',b'GSM 900 / 1800',b'GSM 850 / 1900 - US version',b'Class 8',b'No',"b'2005, November'",b'Discontinued',"b'102 x 46 x 17.6 mm, 75 cc (4.02 x 1.81 x 0.69 in)'",b'85 g (3.00 oz)',b'Mini-SIM',"b'CSTN, 65K colors'",b'',"b'128 x 128 pixels, 1:1 ratio'",b'No',b'Yes',"b'10 dialed, 10 received, 10 missed calls'",b'1.5 MB',b'No',b'Yes',b'Vibration; Polyphonic(32) ringtones',b'No',b'No',b'No',b'No',b'No',b'No',b'',"b'SMS, EMS, MMS'",b'WAP 1.2.1',b'Yes + downloadable',"b'Yes, MIDP 1.0'",b'Removable Li-Ion 820 mAh battery',b'Up to 270 h',b'Up to 5 h',"b'Anthracite, Ruby Red'",,,,,,,,,,,,,,,
b'siemens',b'Siemens AF51',b'https://cdn2.gsmarena.com/vv/bigpic/siemens-af51.gif',b'GSM',b'GSM 900 / 1800 / 1900',"b'Second external 65K colors display, CSTN (96 x 64 pixels)'",b'Class 8',b'No',"b'2005, November'",b'Discontinued',b'79 x 41 x 19.6 mm (3.11 x 1.61 x 0.77 in)',b'80 g (2.82 oz)',b'Mini-SIM',"b'CSTN, 65K colors'",b'',"b'130 x 130 pixels, 1:1 ratio'",b'No',b'Yes',"b'10 dialed, 10 received, 10 missed calls'",,b'No',b'Yes',b'Vibration; Polyphonic(32) ringtones',b'No',b'No',b'No',b'No',b'No',b'',b'',"b'SMS, MMS'",b'WAP 1.2.1',b'Yes + downloadable',"b'Yes, MIDP 1.0'",b'Removable Li-Ion 620 mAh battery',b'Up to 220 h',b'Up to 5 h',"b'Panther Black, Dolphin Grey'",,,,,,,,,,,,,,,
b'siemens',b'Siemens ME75',b'https://cdn2.gsmarena.com/vv/bigpic/siemens-me75.gif',b'GSM',b'GSM 900 / 1800 / 1900',"b'Dust, shock and splash resistant'",b'Class 10',b'No',"b'2005, October'",b'Discontinued',b'105 x 46 x 18 mm (4.13 x 1.81 x 0.71 in)',b'95 g (3.35 oz)',b'Mini-SIM',"b'TFT, 65K colors'",b'',"b'132 x 176 pixels, 4:3 ratio'",b'No',"b'1000 x 20 fields, Photo call'","b'100 dialed, 100 received, 100 missed calls'",b'10 MB',b'No',b'Yes',b'Vibration; Downloadable polyphonic ringtones',b'No',b'No',b'No',b'No',b'No',b'Proprietary',b'',"b'SMS, MMS, Email, Instant Messaging'",b'WAP 2.0/xHTML',b'Yes + downloadable',b'Yes',b'Removable Li-Ion 1000 mAh battery',b'Up to 450 h',b'Up to 8 h',"b'Amazon Green, Atlas Grey'",b'VGA',b'Yes',b'Yes',,,,,,,,,,,,
b'siemens',b'Siemens AP75',b'https://cdn2.gsmarena.com/vv/bigpic/siemens-ap75.gif',b'GSM',b'GSM 900 / 1800 / 1900',b'5-way navigation key',b'Class 10',b'No',"b'2005, October'",b'Discontinued',b'102 x 44 x 18 mm (4.02 x 1.73 x 0.71 in)',b'86 g (3.03 oz)',b'Mini-SIM',"b'CSTN, 65K colors'",b'',"b'128 x 128 pixels, 1:1 ratio'",b'No',b'Yes',"b'10 dialed, 10 received, 10 missed calls'",,b'500 KB free memory',b'Yes',b'Vibration; Downloadable polyphonic ringtones',b'No',b'No',b'Yes',b'No',b'No',b'Proprietary',b'',"b'SMS, EMS, MMS'",b'WAP 2.0/xHTML',b'Yes',b'No',b'Removable Li-Ion 860 mAh battery',b'Up to 161 h',b'Up to 5 h 40 min',b'Cosmic Grey',b'CIF',b'No',,,,,,,,,,,,,
b'siemens',b'Siemens AX72',b'https://cdn2.gsmarena.com/vv/bigpic/siemens-ax72.gif',b'GSM',b'GSM 900 / 1800 / 1900',b'5-way navigation key',b'Class 8',b'No',"b'2005, October'",b'Discontinued',b'105.6 x 46.8 x 17.5 mm (4.16 x 1.84 x 0.69 in)',b'79 g (2.79 oz)',b'Mini-SIM',"b'CSTN, 65K colors'",b'',"b'128 x 128 pixels, 1:1 ratio'",b'No',b'Yes',"b'10 dialed, 10 received, 10 missed calls'",,b'1.5 MB free memory',b'Yes',b'Vibration; Downloadable polyphonic ringtones',b'No',b'No',b'No',b'No',b'No',b'Proprietary',b'',"b'SMS, EMS, MMS'",b'WAP 1.2.1',b'Yes',"b'Yes, MIDP 1.0'",b'Removable Li-Ion 600 mAh battery',b'Up to 220 h',b'Up to 5 h',b'Basalt Black',,,,,,,,,,,,,,,
b'siemens',b'Siemens SG75',b'https://cdn2.gsmarena.com/vv/bigpic/siemens-sg75.gif',b'GSM / UMTS',b'GSM 900 / 1800 / 1900',b'CIF videocall camera',,,"b'2005, Sep'",b'Cancelled',"b'98 x 49.5 x 23 mm, 104 cc (3.86 x 1.95 x 0.91 in)'",b'123 g (4.34 oz)',b'Mini-SIM',"b'TFD, 256K colors'","b'2.0 inches, 30 x 40 mm, 12.6 cm2 (~26.0% screen-to-body ratio)'",b'176 x 220 pixels (~141 ppi density)',b'RS-MMC',b'Yes',"b'10 dialed, 10 received, 10 missed calls'",b'70 MB',b'Video telephony MP3 player Predictive text input Organizer',b'No',"b'Vibration; Downloadable polyphonic, MP3 ringtones'",b'No',b'No',b'Yes',b'No',b'No',b'Proprietary',b'',"b'SMS, MMS, EMail, Instant Messaging'",b'WAP 2.0/xHTML',b'Yes + downloadable',"b'Yes, MIDP 2.0'",b'Removable Li-Po 920 mAh battery',b'Up to 325 h',b'Up to 3 h 20 min',b'Metallic White',b'1.3 MP',b'Yes',,b'UMTS 2100',"b'Yes, 384 kbps'",,,,,,,,,,
b'siemens',b'Siemens SFG75',b'https://cdn2.gsmarena.com/vv/bigpic/siemens-sfg75.gif',b'GSM / UMTS',b'GSM 900 / 1800',"b'Second CSTN display (96 x 96 pixels), 65K colors Wallpapers Downloadable pictures'",,,"b'2005, Sep'",b'Discontinued',"b'90 x 45 x 24 mm, 97 cc (3.54 x 1.77 x 0.94 in)'",b'110 g (3.88 oz)',b'Mini-SIM',"b'TFT, 256K colors'","b'2.0 inches, 30 x 40 mm, 12.6 cm2 (~31.1% screen-to-body ratio)'",b'176 x 220 pixels (~141 ppi density)',b'miniSD',"b'Yes, Photo call'","b'10 dialed, 10 received, 10 missed calls'",b'32 MB',b'CIF videocall camera',b'No',"b'Vibration; Downloadable polyphonic, MP3 ringtones'",b'No',b'No',b'Yes',b'No',b'No',b'Proprietary',b'',"b'SMS, MMS, Email'",b'WAP 2.0/xHTML',b'Yes',"b'Yes, MIDP 2.0'",b'Removable Li-Ion 840 mAh battery',b'Up to 250 h',b'Up to 3 h',b'Silver Black',b'1.3 MP',b'Yes',b'Yes',b'UMTS 2100',"b'Yes, 384 kbps'",b'LED flash',,,,,,,,,
b'siemens',b'Siemens CC75',b'https://cdn2.gsmarena.com/vv/bigpic/siemens-cc75.gif',b'GSM',b'GSM 900 / 1800 / 1900',b'5-way navigation key',b'Class 10',b'No',"b'2005, August'",b'Cancelled',"b'111 x 44 x 12.6 mm, 65 cc (4.37 x 1.73 x 0.50 in)'",b'80 g (2.82 oz)',b'Mini-SIM',"b'TFT, 65K colors'",b'',b'128 x 160 pixels',b'No',b'Yes',"b'10 dialed, 10 received, 10 missed calls'",b'3 MB',b'No',b'No',b'Vibration; Downloadable polyphonic ringtones',b'No',b'No',b'No',b'No',b'No',b'Proprietary',b'',"b'SMS, MMS'",b'WAP 2.0/xHTML',b'Yes + downloadable',b'No',b'Removable Li-Ion 800 mAh battery (EBA-720)',b'Up to 270 h',b'Up to 3 h 30 min',b'Aluminium Silver',,,b'Yes',,,,,,,,,,,,
b'siemens',b'Siemens CF110',b'https://cdn2.gsmarena.com/vv/bigpic/siemens-cf110.gif',b'GSM',b'GSM 900 / 1800 / 1900',b'No',b'Class 8',b'No',"b'2005, August'",b'Discontinued',"b'83 x 45 x 18 mm, 68 cc (3.27 x 1.77 x 0.71 in)'",b'76.5 g (2.68 oz)',b'Mini-SIM',"b'TFT, 65K colors'",b'',"b'130 x 130 pixels, 1:1 ratio'",b'No',b'Yes',"b'10 dialed, 10 received, 10 missed calls'",b'1.5 MB',b'Predictive text input Organizer',b'Yes',b'Vibration; Downloadable polyphonic ringtones',b'No',b'No',b'No',b'No',b'No',b'Proprietary',b'',"b'SMS, EMS, MMS'",b'WAP 2.0/xHTML',b'Yes + downloadable',"b'Yes, MIDP 1.0'",b'Removable Li-Ion 600 mAh battery (EBA-160)',b'Up to 220 h',b'Up to 5 h',"b'Moonlight Silver, Midnight Blue'",,,,,,,,,,,,,,,
b'siemens',b'Siemens C72',b'https://cdn2.gsmarena.com/vv/bigpic/siemens-c72.gif',b'GSM',b'GSM 900 / 1800 / 1900',b'Download assistant for logos',b'Class 10',b'No',"b'2005, August'",b'Discontinued',b'105 x 47 x 18 mm (4.13 x 1.85 x 0.71 in)',b'86 g (3.03 oz)',b'Mini-SIM',"b'CSTN, 65K colors'",b'',"b'128 x 128 pixels, 1:1 ratio'",b'No',b'Yes',"b'100 received, 100 dialed and 100 missed calls'",,b'No',b'No',b'Vibration; Downloadable polyphonic ringtones',b'No',b'No',b'No',b'No',b'No',b'Proprietary',b'',"b'SMS, EMS, MMS, Email, Instant Messaging'",b'WAP 2.0/xHTML',b'2',"b'Yes, MIDP 2.0'",b'Removable Li-Ion 750 mAh battery',b'Up to 300 h',b'Up to 5 h',b'Liquid Silver',b'VGA',b'Yes',b'Yes',,,,,,,,,,,,
b'siemens',b'Siemens S75',b'https://cdn2.gsmarena.com/vv/bigpic/siemens-s75.gif',b'GSM',b'GSM 900 / 1800 / 1900',b'100 short messages',b'Class 10',b'Yes',"b'2005, Q2'",b'Discontinued',"b'103 x 47 x 18.5 mm, 84 cc (4.06 x 1.85 x 0.73 in)'",b'99 g (3.49 oz)',b'Mini-SIM',"b'TFT, 256K colors'","b'1.9 inches, 28 x 38 mm, 11.2 cm2 (~23.1% screen-to-body ratio)'","b'132 x 176 pixels, 4:3 ratio (~116 ppi density)'","b'RS-MMC, up to 1 GB, 128 MB included'","b'1000 x 43 fields, Photo call'","b'100 dialed, 100 received, 100 missed calls'",b'20 MB',b'No',b'No',"b'Vibration; Downloadable polyphonic, MP3, AAC ringtones'",b'No',b'No',b'1.2',b'No',b'No',b'Proprietary',b'',"b'SMS, MMS, EMail, Instant Messaging'",b'WAP 2.0/xHTML',b'Yes + downloadable',"b'Yes, MIDP 2.0'",b'Removable Li-Ion 820 mAh battery',b'Up to 300 h',b'Up to 5 h',"b'Piano Black, Zirconia'",b'1.3 MP',b'Yes',b'Yes',,,b'LED flash',,,,,,,,,
b'siemens',b'Siemens SL75',b'https://cdn2.gsmarena.com/vv/bigpic/siemens-sl75.gif',b'GSM',b'GSM 900 / 1800 / 1900',b'No',b'Class 10',b'Yes',"b'2005, Q2'",b'Discontinued',"b'92 x 48 x 23 mm, 78 cc (3.62 x 1.89 x 0.91 in)'",b'99 g (3.49 oz)',b'Mini-SIM',"b'TFT, 256K colors'",b'',"b'132 x 176 pixels, 4:3 ratio'",b'No',"b'1000 x 23 fields, Photo call'","b'100 dialed, 100 received, 100 missed calls'",b'52 MB',b'MP3/AAC/MP4 player Predictive text input Organizer Voice memo',b'No',"b'Vibration; Downloadable polyphonic, MP3, AAC ringtones'",b'No',b'No',b'1.2',b'No',b'No',b'Proprietary',b'',"b'SMS, MMS, Email, Instant Messaging'",b'WAP 2.0/xHTML',"b'SeaBattle, Wappo 2, Golf + downloadable'","b'Yes, MIDP 2.0'",b'Removable Li-Ion 700 mAh battery',b'Up to 300 h',b'Up to 5 h',"b'Pure Silver, Polar White, Onyx Black'",b'1.3 MP',b'Yes',,,,b'LED flash',,,,,,,,,
b'siemens',b'Siemens C75',b'https://cdn2.gsmarena.com/vv/bigpic/siemens-c75.gif',b'GSM',b'GSM 900 / 1800 / 1900',b'5-way joystick Download assistant for logos',b'Class 10',b'No',"b'2005, May'",b'Discontinued',b'103 x 44 x 17 mm (4.06 x 1.73 x 0.67 in)',b'85 g (3.00 oz)',b'Mini-SIM',"b'TFT, 65K colors'",b'',"b'132 x 176 pixels, 9 lines, 4:3 ratio'",b'No',"b'1000 x 20 fields, Photo call'","b'100 received, 100 dialed and 100 missed calls'",b'10 MB',b'100 short messages',b'Yes',b'Vibration; Downloadable polyphonic ringtones',b'No',b'No',b'No',b'No',b'No',b'Proprietary',b'',"b'SMS, EMS, MMS, Email, Instant Messaging'",b'WAP 2.0/xHTML',b'Yes',b'Yes',b'Removable Li-Ion 750 mAh battery',b'Up to 300 h',b'Up to 5 h 30 min',b'Palladium and Light Silver',b'VGA',b'Yes',b'Yes',,,,,,,,,,,,
b'siemens',b'Siemens SP65',b'https://cdn2.gsmarena.com/vv/bigpic/sisp65.gif',b'GSM',b'GSM 900 / 1800 / 1900',b'Download assistant for logos',b'Class 10',b'No',"b'2005, March'",b'Discontinued',"b'109 x 48 x 18 mm, 85 cc (4.29 x 1.89 x 0.71 in)'",b'98 g (3.46 oz)',b'Mini-SIM',"b'TFT, 65K colors'","b'2.1 inches, 32 x 42 mm, 13.7 cm2 (~26.1% screen-to-body ratio)'","b'132 x 176 pixels, 9 lines, 4:3 ratio (~105 ppi density)'",b'RS-MMC',b'1000 x 20 fields',"b'100 dialed, 100 received, 100 missed calls'",,b'No',b'Yes',b'Vibration; Downloadable polyphonic ringtones',b'No',b'No',b'1.2',b'No',b'No',b'Proprietary',b'',"b'SMS, EMS, MMS, Email, Instant messaging'",b'WAP 2.0/xHTML',b'Yes + downloadable',"b'Yes, MIDP 2.0'",b'Removable Li-Ion 750 mAh battery',b'Up to 250 h',b'Up to 5 h',"b'Steel black, Bordeaux'",,,b'Yes',,,,,,,,,,,,
b'siemens',b'Siemens SXG75',b'https://cdn2.gsmarena.com/vv/bigpic/siemens-sxg75.gif',b'GSM / UMTS',b'GSM 900 / 1800 / 1900',b'64 MB free memory',,,"b'2005, Q1'",b'Discontinued',"b'111.5 x 53 x 20 mm, 108 cc (4.39 x 2.09 x 0.79 in)'",b'134 g (4.73 oz)',b'Mini-SIM',"b'TFT, 256K colors'","b'2.2 inches, 33 x 45 mm, 15.0 cm2 (~25.4% screen-to-body ratio)'","b'240 x 320 pixels, 4:3 ratio (~182 ppi density)'",b'RS-MMC',b'250 entries',"b'10 dialed, 10 received, 10 missed calls'",b'128 MB',b'CIF videocall camera',b'Yes',"b'Vibration; Downloadable polyphonic ringtones, composer'",b'No',b'No',b'1.1',b'Yes',"b'Stereo FM radio, RDS'",b'Proprietary',b'',"b'SMS, MMS, EMail, Instant Messaging'",b'WAP 2.0/xHTML',b'Yes + downloadable',"b'Yes, MIDP 2.0'",b'Removable Li-Ion 1000 mAh battery',b'Up to 400 h',b'Up to 6 h',"b'Metallic White, Metallic Black'",b'2 MP',b'Yes',b'Yes',b'UMTS 2100',"b'Yes, 384 kbps'",,,,,,,,,,
b'siemens',b'Siemens M75',b'https://cdn2.gsmarena.com/vv/bigpic/siemens-m75.gif',b'GSM',b'GSM 900 / 1800 / 1900',"b'Dust, shock and splash resistant Metal frame'",b'Class 10',b'No',"b'2005, Q1'",b'Discontinued',"b'110.5 x 51.5 x 20.8 mm, 104 cc (4.35 x 2.03 x 0.82 in)'",b'110 g (3.88 oz)',b'Mini-SIM',"b'TFT, 256K colors'","b'1.9 inches, 28 x 38 mm, 11.2 cm2 (~19.6% screen-to-body ratio)'","b'132 x 176 pixels, 4:3 ratio (~116 ppi density)'","b'RS-MMC, 32 MB included'","b'1000 x 20 fields, Photo call'","b'10 dialed, 10 received, 10 missed calls'",b'14 MB',b'No',b'No',"b'Vibration; Downloadable polyphonic, MP3, AAC ringtones'",b'No',b'No',b'1.2',b'No',b'No',b'Proprietary',b'',"b'SMS, MMS, EMail'",b'WAP 2.0/xHTML',b'Yes + downloadable',"b'Yes, MIDP 2.0'",b'Removable Li-Ion 750 mAh battery',b'Up to 250 h',b'Up to 5 h',"b'Safari Green, Volcano Black'",b'1.3 MP',b'Yes',b'Yes',,,,,,,,,,,,
b'siemens',b'Siemens CX75',b'https://cdn2.gsmarena.com/vv/bigpic/siemens-cx75.gif',b'GSM',b'GSM 900 / 1800 / 1900',b'No',b'Class 10',b'No',"b'2005, Q1'",b'Discontinued',"b'112 x 48 x 19 mm, 90 cc (4.41 x 1.89 x 0.75 in)'",b'98 g (3.46 oz)',b'Mini-SIM',"b'TFT, 256K colors'","b'1.9 inches, 28 x 38 mm, 11.2 cm2 (~20.8% screen-to-body ratio)'","b'132 x 176 pixels, 4:3 ratio (~116 ppi density)'",b'RS-MMC',"b'1000 x 20 fields, Photo call'","b'10 dialed, 10 received, 10 missed calls'",b'14 MB',b'Push and Talk MP3/AAC player Predictive text input Organizer SyncML',b'Yes',"b'Vibration; Downloadable polyphonic, MP3 ringtones'",b'No',b'No',b'1.2',b'No',b'No',b'Proprietary',b'',"b'SMS, MMS, EMail, Instant Messaging'",b'WAP 2.0/xHTML',b'Yes + downloadable',"b'Yes, MIDP 2.0'",b'Removable Li-Ion 750 mAh battery',b'Up to 250 h',b'Up to 5 h',"b'Titan grey, Sand silver'",b'1.3 MP',b'QCIF',b'Yes',,,,,,,,,,,,
b'siemens',b'Siemens CF75',b'https://cdn2.gsmarena.com/vv/bigpic/siemens-cf75.gif',b'GSM',b'GSM 900 / 1800 / 1900',"b'Second external 4K colors display, CSTN (96 x 64 pixels) 5-way navigation key'",b'Class 10',b'Yes',"b'2005, Q1'",b'Discontinued',"b'94 x 47 x 22 mm, 80 cc (3.70 x 1.85 x 0.87 in)'",b'91 g (3.21 oz)',b'Mini-SIM',"b'CSTN, 65K colors'",b'',b'128 x 160 pixels',b'No',"b'1000 x 20 fields, Photo call'","b'10 dialed, 10 received, 10 missed calls'",b'10 MB',b'No',b'Yes',b'Vibration; Downloadable polyphonic ringtones',b'No',b'No',b'No',b'No',b'No',b'Proprietary',b'',"b'SMS, EMS, MMS, EMail'",b'WAP 2.0/xHTML',b'Yes + downloadable',"b'Yes, MIDP 2.0'",b'Removable Li-Ion 600 mAh battery',b'Up to 250 h',b'Up to 2 h 30 min',"b'Ocean blue, Pearl black'",b'VGA',b'Yes',b'Yes',,,,,,,,,,,,
b'siemens',b'Siemens CL75',b'https://cdn2.gsmarena.com/vv/bigpic/siemens-cl75.gif',b'GSM',b'GSM 900 / 1800 / 1900',"b'Second external 65K colors display, CSTN (96 x 64 pixels)'",b'Class 10',b'No',"b'2005, Q1'",b'Discontinued',"b'87 x 44 x 23 mm, 74 cc (3.43 x 1.73 x 0.91 in)'",b'90 g (3.17 oz)',b'Mini-SIM',"b'TFT, 256K colors'",b'',b'128 x 160 pixels',b'No',"b'500 x 20 fields, Photo call'","b'10 dialed, 10 received, 10 missed calls'",b'11 MB',b'100 short messages',b'No',b'Vibration; Downloadable polyphonic ringtones',b'No',b'No',b'No',b'No',b'No',b'Proprietary',b'',"b'SMS, EMS, MMS, Instant Messaging'",b'WAP 2.0/xHTML',"b'2- Angels&Clouds;, C\xc2\x92est La Vie + downloadable'","b'Yes, MIDP 1.0'",b'Removable Li-Ion 780 mAh battery',b'Up to 220 h',b'Up to 3 h',"b'Silk Flower Red,  Pin Striped Black'",b'VGA',b'Yes',b'Yes',,,,,,,,,,,,
b'siemens',b'Siemens AX75',b'https://cdn2.gsmarena.com/vv/bigpic/siemens-ax75.gif',b'GSM',b'GSM 900 / 1800 / 1900',b'GSM 850 / 1800 / 1900 - US version',b'Class 8',b'No',"b'2005, Q1'",b'Discontinued',"b'106 x 47 x 18 mm, 75 cc (4.17 x 1.85 x 0.71 in)'",b'76 g (2.68 oz)',b'Mini-SIM',"b'CSTN, 65K colors'",b'',"b'128 x 128 pixels, 7 lines, 1:1 ratio'",b'No',b'500 x 12 fields',"b'10 dialed, 10 received, 10 missed calls'",b'1.5 MB',b'4-way navigation key Softkeys',b'Yes',b'Vibration; Downloadable polyphonic ringtones',b'No',b'No',b'No',b'No',b'No',b'Proprietary',b'',"b'SMS, EMS, MMS'",b'WAP 1.2.1',b'Yes + downloadable',"b'Yes, MIDP 1.0'",b'Removable Li-Ion 600 mAh battery',b'Up to 220 h',b'Up to 5 h',"b'2 - Ice Blue, Cream Stone'",,,b'Yes',,,,,,,,,,,,
b'siemens',b'Siemens A75',b'https://cdn2.gsmarena.com/vv/bigpic/siemens-a75.gif',b'GSM',b'GSM 900 / 1800 / 1900',b'GSM 850 / 1800 / 1900 - US version',b'Class 8',b'No',"b'2005, Q1'",b'Discontinued',b'101 x 44 x 20 mm (3.98 x 1.73 x 0.79 in)',b'78 g (2.75 oz)',b'Mini-SIM',"b'CSTN, 4096 colors'",b'',b'101 x 80 pixels',b'No',"b'100 numbers, 4 groups'","b'10 dialed, 10 received, 10 missed calls'",,b'4-way navigation key Screensaver',b'Yes',b'Polyphonic(32) ringtones',b'No',b'No',b'No',b'No',b'No',b'',b'',"b'SMS, EMS'",b'WAP 1.2.1',b'2 - Stack Attack Junior and Magic Picture',b'No',b'Removable Li-Ion 650 mAh battery',b'Up to 250 h',b'Up to 5 h',"b'2 - Atlantic Blue, Polar Silver'",,,,,,,,,,,,,,,
b'siemens',b'Siemens A70',b'https://cdn2.gsmarena.com/vv/bigpic/siemens-a70.gif',b'GSM',b'GSM 900 / 1800 / 1900',b'GSM 850 / 1800 / 1900 - US version',b'',b'No',"b'2005, Q1'",b'Discontinued',b'101 x 45 x 20 mm (3.98 x 1.77 x 0.79 in)',b'78 g (2.75 oz)',b'Mini-SIM',b'Monochrome graphic',b'',b'101 x 64 pixels',b'No',b'250 entries (SIM)',"b'10 dialed, 10 received, 10 missed calls'",,b'Softkeys',b'No',b'Vibration; Polyphonic(32) ringtones',b'No',b'No',b'No',b'No',b'No',b'',b'',"b'SMS, EMS'",b'',b'2 -  Balloon Shooter and Stack Attack',b'No',b'Removable Li-Ion 650 mAh battery',b'Up to 250 h',b'Up to 5 h',"b'2 - Pebble, Palladium'",,,,,,,,,,,,,,,
b'siemens',b'Siemens SF65',b'https://cdn2.gsmarena.com/vv/bigpic/sisf65.gif',b'GSM',b'GSM 900 / 1800',b'Swivel and rotate 180 deg Screensavers and wallpapers Downloadable logos',b'Class 10',b'No',"b'2004, Q3'",b'Discontinued',"b'91 x 44 x 23 mm, 86 cc (3.58 x 1.73 x 0.91 in)'",b'97 g (3.42 oz)',b'Mini-SIM',"b'TFT, 65K colors'",b'',b'128 x 160 pixels',b'No',"b'500 x 9 files, Photo call'","b'30 received, dialed and missed calls'",b'20 MB',b'No',b'Yes',b'Vibration; Downloadable polyphonic ringtones',b'No',b'No',b'No',b'No',b'No',b'Proprietary',b'',"b'SMS, EMS, MMS, EMail'",b'WAP 1.2.1',b'Yes + downloadable',"b'Yes, MIDP 2.0'",b'Removable Li-Ion 660 mAh battery',b'Up to 400 h',b'Up to 4 h',"b'2 - Polar white, Onyx black'",b'1.3 MP',b'No',b'Yes',,,b'LED flash',,,,,,,,,
b'siemens',b'Siemens CX70 Emoty',b'https://cdn2.gsmarena.com/vv/bigpic/sicx70em.gif',b'GSM',b'GSM 900 / 1800 / 1900',"b'5-way joystick Downloadable logos Integrated stroke, press and shake sensors control 3 preinstalled Emoty characters'",b'Class 10',b'No',"b'2004, Q3'",b'Discontinued',b'115 x 56 x 24 mm (4.53 x 2.20 x 0.94 in)',b'116 g (4.09 oz)',b'Mini-SIM',"b'TFT, 65K colors'",b'',"b'132 x 176 pixels, 9 lines, 4:3 ratio'",b'No',"b'14 fields, in shared memory, Photo call'","b'100 dialed, 100 received, 100 missed calls'",b'9.5 MB',b'No',b'Yes',b'Vibration; Downloadable polyphonic ringtones',b'No',b'No',b'No',b'No',b'No',b'Proprietary',b'',"b'SMS, MMS, Email'",b'WAP 2.0/xHTML',b'Yes + downloadable',b'Yes',b'Removable Li-Ion 750 mAh battery',b'Up to 300 h',b'Up to 5 h 30 min',b'Bluewater',b'VGA',b'Yes',b'Yes',,,,,,,,,,,,
b'siemens',b'Siemens CX70',b'https://cdn2.gsmarena.com/vv/bigpic/sicx70.gif',b'GSM',b'GSM 900 / 1800 / 1900',b'5-way joystick Downloadable logos',b'Class 10',b'No',"b'2004, Q3'",b'Discontinued',b'108 x 46 x 18 mm (4.25 x 1.81 x 0.71 in)',b'90 g (3.17 oz)',b'Mini-SIM',"b'TFT, 65K colors'",b'',"b'132 x 176 pixels, 9 lines, 4:3 ratio'",b'No',"b'14 fields, in shared memory, Photo call'","b'100 dialed, 100 received, 100 missed calls'",b'9.5 MB',b'No',b'Yes',b'Vibration; Downloadable polyphonic ringtones',b'No',b'No',b'No',b'No',b'No',b'Proprietary',b'',"b'SMS, MMS, Email'",b'WAP 2.0/xHTML',b'Yes + downloadable',b'Yes',b'Removable Li-Ion 750 mAh battery',b'Up to 250 h',b'Up to 5 h',b'',b'VGA',b'Yes',b'Yes',,,,,,,,,,,,
b'siemens',b'Siemens SX66',b'https://cdn2.gsmarena.com/vv/bigpic/sisx66.gif',b'GSM',b'GSM 850 / 900 / 1800 / 1900',b'Downloadable logos',b'Class 10',b'No',"b'2004, Q4'",b'Discontinued',b'125 x 71 x 18 mm (4.92 x 2.80 x 0.71 in)',b'210 g (7.41 oz)',b'Mini-SIM',"b'TFT resistive touchscreen, 65K colors'","b'3.5 inches, 53 x 71 mm, 37.9 cm2 (~42.7% screen-to-body ratio)'","b'240 x 320 pixels, 4:3 ratio (~114 ppi density)'",b'SDIO/MMC',,,b'128 MB RAM',b'No',b'Yes',"b'Vibration; Downloadable polyphonic, MP3 ringtones'",b'No',b'Wi-Fi 802.11b',b'Yes',b'No',b'No',b'Proprietary',b'',,b'HTML (PocketIE)',,,b'Removable Li-Ion battery',b'Up to 200 h',b'Up to 4 h',b'Silver',,,b'Yes',,,,b'QWERTY',b'Microsoft Windows Mobile 2003 SE PocketPC',b'Intel Xscale PXA272 520 MHz',,,,,,
b'siemens',b'Siemens SK65',b'https://cdn2.gsmarena.com/vv/bigpic/sisk65.gif',b'GSM',b'GSM 900 / 1800 / 1900',b'Downloadable pictures',b'Class 10',b'No',"b'2004, Q3'",b'Discontinued',"b'120 x 47 x 22 mm, 115 cc (4.72 x 1.85 x 0.87 in)'",b'144 g (5.08 oz)',b'Mini-SIM',"b'TFT, 65K colors'",b'',"b'132 x 176 pixels, 4:3 ratio'",b'No',b'2000',"b'100 dialed, 100 received, 100 missed calls'",b'64 MB',b'30 MB available to user',b'Yes',b'Vibration; Downloadable polyphonic ringtones',b'No',b'No',b'1.2',b'No',b'No',b'Proprietary',b'',"b'SMS, MMS, Email'",b'WAP 2.0/xHTML',"b'3 - Chess master, Golf and Sea Battle + downloadable'","b'Yes, MIDP 2.0'",b'Removable Li-Ion 750 mAh battery (EBA-660)',b'Up to 250 h',b'Up to 5 h',b'Black Silver',,,b'Yes',,,,b'QWERTY',,,,,,,,
b'siemens',b'Siemens A65',b'https://cdn2.gsmarena.com/vv/bigpic/sia65.gif',b'GSM',b'GSM 900 / 1800 / 1900',b'Download assistant for logos',b'Class 8',b'No',"b'2004, July'",b'Discontinued',"b'101 x 45 x 19 mm, 72 cc (3.98 x 1.77 x 0.75 in)'",b'75 g (2.65 oz)',b'Mini-SIM',"b'CSTN, 4096 colors'",b'',b'101 x 80 pixels',b'No',b'50 entries',"b'10 dialed, 10 received, 10 missed calls'",b'1.5 MB',b'No',b'No',b'Vibration; Downloadable polyphonic ringtones',b'No',b'No',b'No',b'No',b'No',b'',b'',"b'SMS, EMS, MMS'",b'WAP 1.2.1',"b'Stack Attack Jr, Wappo, Magic Picture  + downloadable'","b'Yes, MIDP 2.0'",b'Removable Li-Ion 700 mAh battery (EBA-510)',b'Up to 260 h',b'Up to 2 h',b'Sparkling Silver and Mystery Silver',,,,,,,,,,,,,,,
b'siemens',b'Siemens A62',b'https://cdn2.gsmarena.com/vv/bigpic/sia62.gif',b'GSM',b'GSM 900 / 1800 / 1900',b'4-way navi key Download assistant for logos',b'Class 8',b'No',"b'2004, Q4'",b'Discontinued',"b'101 x 45 x 19 mm, 72 cc (3.98 x 1.77 x 0.75 in)'",b'76 g (2.68 oz)',b'Mini-SIM',"b'CSTN, 4096 colors'",b'',b'101 x 80 pixels',b'No',b'50 entries',"b'10 dialed, 10 received, 10 missed calls'",,b'No',b'No',b'Vibration; Downloadable polyphonic ringtones',b'No',b'No',b'No',b'No',b'No',b'',b'',"b'SMS, EMS'",b'WAP 1.2.1',"b'MagicPicture, Stack Attack  + downloadable'",b'No',b'Removable Li-Ion 700 mAh battery',b'Up to 250 h',b'Up to 5 h',b'Denim Blue and Mystic Purple',,,,,,,,,,,,,,,
b'siemens',b'Siemens A51',b'https://cdn2.gsmarena.com/vv/bigpic/sia51.gif',b'GSM',b'GSM 900 / 1800',b'Screensavers',b'',b'No',"b'2004, Q4'",b'Discontinued',"b'103 x 46 x 21 mm, 75 cc (4.06 x 1.81 x 0.83 in)'",b'84 g (2.96 oz)',b'Mini-SIM',b'Monochrome graphic',b'',"b'101 x 64 pixels, 5 lines'",b'No',b'50 entries',"b'10 dialed, 10 received, 10 missed calls'",,b'No',b'No',b'Downloadable polyphonic ringtones',b'No',b'No',b'No',b'No',b'No',b'',b'',"b'SMS, EMS'",b'WAP 1.2.1',b'Stack Attack and Wacko',b'No',b'Removable Li-Ion 700 mAh battery',b'Up to 250 h',b'Up to 5 h',b'Urban Grey',,,,,,,,,,,,,,,
b'siemens',b'Siemens SL65',b'https://cdn2.gsmarena.com/vv/bigpic/sisl65.gif',b'GSM',b'GSM 900 / 1800 / 1900',b'5-way navi key Downloadable logos',b'Class 10',b'No',"b'2004, June'",b'Discontinued',"b'90 x 47.6 x 21 mm, 78 cc (3.54 x 1.87 x 0.83 in)'",b'99 g (3.49 oz)',b'Mini-SIM',"b'TFT, 65K colors'","b'1.8 inches, 10.5 cm2 (~24.4% screen-to-body ratio)'","b'130 x 130 pixels, 7 lines, 1:1 ratio (~102 ppi density)'",b'No',b'Yes',"b'100 dialed, 100 received, 100 missed calls'",b'11 MB',b'No',b'Yes',b'Vibration; Downloadable polyphonic ringtones',b'No',b'No',b'No',b'No',b'No',b'Proprietary',b'',"b'SMS, MMS, Email, Instant Messaging'",b'WAP 2.0/xHTML',"b'Yes - Golf, Rally + downloadable'","b'Yes, MIDP 2.0'",b'Removable Li-Ion 700 mAh battery (EBA-650)',b'Up to 230',b'Up to 4h 3 min',"b'2 - Ivory, Ebony'",b'VGA',b'Yes',b'Yes',,,,,,,,,,,,
b'siemens',b'Siemens CFX65',b'https://cdn2.gsmarena.com/vv/bigpic/sicfx65.gif',b'GSM',b'GSM 900 / 1800',b'Second external display B/W (96 x 64 pixels) Downloadable logos',b'Class 10',b'No',"b'2004, June'",b'Discontinued',"b'85 x 48 x 23 mm, 78 cc (3.35 x 1.89 x 0.91 in)'",b'88 g (3.10 oz)',b'Mini-SIM',"b'CSTN, 65K colors'",b'',b'128 x 160 pixels',b'No',"b'250 x 14 fields, Photo call'","b'100 dialed, 100 received, 100 missed calls'",b'4 MB',b'No',b'Yes',b'Vibration; Downloadable polyphonic ringtones',b'No',b'No',b'No',b'No',b'No',b'Proprietary',b'',"b'SMS, EMS, MMS, Email(receive only)'",b'WAP 2.0/xHTML',b'Yes + downloadable',"b'Yes, MIDP 2.0'",b'Removable Li-Ion 600 mAh battery (EBA-670)',b'Up to 200 h',b'Up to 3 h 20 min',"b'2 - Chameleon, Blue Pearl'",b'VGA',b'No',b'Yes',,,b'LED flash',,,,,,,,,
b'siemens',b'Siemens S65',b'https://cdn2.gsmarena.com/vv/bigpic/sis65.gif',b'GSM',b'GSM 900 / 1800 / 1900',b'Download assistant for logos',b'Class 10',b'No',"b'2004, March'",b'Discontinued',"b'109 x 48 x 18 mm, 85 cc (4.29 x 1.89 x 0.71 in)'",b'98 g (3.46 oz)',b'Mini-SIM',"b'TFT, 65K colors'","b'2.1 inches, 32 x 42 mm, 13.7 cm2 (~26.1% screen-to-body ratio)'","b'132 x 176 pixels, 9 lines, 4:3 ratio (~105 ppi density)'","b'RS-MMC, 32 MB included'",b'1000 x 20 fields',"b'100 dialed, 100 received, 100 missed calls'",b'11 MB',b'No',b'Yes',b'Vibration; Downloadable polyphonic ringtones',b'No',b'No',b'1.2',b'No',b'No',b'Proprietary',b'',"b'SMS, EMS, MMS, Email, Instant messaging'",b'WAP 2.0/xHTML',b'Yes + downloadable',"b'Yes, MIDP 2.0'",b'Removable Li-Ion 750 mAh battery (EBA-660)',b'Up to 250 h',b'Up to 5 h',b'Steel Black',b'1.3 MP',b'Yes',b'Yes',,,,,,,,,,,,
b'siemens',b'Siemens M65',b'https://cdn2.gsmarena.com/vv/bigpic/sim65.gif',b'GSM',b'GSM 900 / 1800 / 1900',"b'Dust, shock and splash resistant Metal frame'",b'Class 10',b'No',"b'2004, March'",b'Discontinued',"b'109 x 49 x 19 mm, 89 cc (4.29 x 1.93 x 0.75 in)'",b'104 g (3.67 oz)',b'Mini-SIM',"b'TFT, 65K colors'",b'',"b'132 x 176 pixels, 9 lines, 4:3 ratio'",b'No',"b'14 fields, in shared memory'","b'100 received, 100 dialed and 100 missed calls'",b'11 MB',b'No',b'Yes',b'Vibration; Downloadable polyphonic ringtones',b'No',b'No',b'No',b'No',b'No',b'Proprietary',b'',"b'SMS, EMS, MMS, Email'",b'WAP 2.0/xHTML',"b'Turrican, Team Point Blank, Stack Attack Advanced'","b'Yes, MIDP 2.0'",b'Removable Li-Ion 750 mAh battery (EBA-660)',b'Up to 300 h',b'Up to 5 h',b'Cool Gray',b'VGA',b'Yes',b'Yes',,,,,,,,,,,,
b'siemens',b'Siemens C65',b'https://cdn2.gsmarena.com/vv/bigpic/sic65.gif',b'GSM',b'GSM 900 / 1800 / 1900',b'GSM 850 / 1800 / 1900 - Siemens C66',b'Class 10',b'No',"b'2004, March'",b'Discontinued',"b'105 x 45 x 16 mm, 76 cc (4.13 x 1.77 x 0.63 in)'",b'86 g (3.03 oz)',b'Mini-SIM',"b'CSTN, 65K colors'",b'',"b'130 x 130 pixels, 1:1 ratio'",b'No',"b'14 fields, in shared memory'","b'100 dialed, 100 received, 100 missed calls'",b'10 MB',b'Download assistant for logos',b'Yes',b'Vibration; Downloadable polyphonic ringtones',b'No',b'No',b'No',b'No',b'No',b'Proprietary',b'',"b'SMS, EMS, MMS'",b'WAP 2.0/xHTML',b'Photopet + downloadable',"b'Yes, MIDP 2.0'",b'Removable Li-Ion 600 mAh battery (EBA-670)',b'Up to 250 h',b'Up to 6 h',b'Blue Shadow',b'CIF',b'No',b'Yes',,,,,,,,,,,,
b'siemens',b'Siemens CXT65',b'https://cdn2.gsmarena.com/vv/bigpic/sicxt65.gif',b'GSM',b'GSM 900 / 1800 / 1900',b'5-way joystick Downloadable logos',b'Class 10',b'No',b'2004',b'Discontinued',b'108 x 46 x 18 mm (4.25 x 1.81 x 0.71 in)',b'90 g (3.17 oz)',b'Mini-SIM',"b'TFT, 65K colors'",b'',"b'132 x 176 pixels, 9 lines, 4:3 ratio'",b'No',"b'14 fields, in shared memory, Photo call'","b'10 dialed, 10 received, 10 missed calls'",b'11 MB',b'No',b'Yes',b'Vibration; Downloadable polyphonic ringtones',b'No',b'No',b'No',b'No',b'No',b'Proprietary',b'',"b'SMS, MMS, Email'",b'WAP 2.0/xHTML',b'Yes + downloadable',"b'Yes, MIDP 2.0'",b'Removable Li-Ion 750 mAh battery',b'Up to 250 h',b'Up to 5 h',b'Cool Silver',b'VGA',b'Yes',b'Yes',,,,,,,,,,,,
b'siemens',b'Siemens CX65',b'https://cdn2.gsmarena.com/vv/bigpic/sicx65.gif',b'GSM',b'GSM 900 / 1800 / 1900',b'GSM 850 / 1800 / 1900 - Siemens CX66',b'Class 10',b'No',"b'2004, February'",b'Discontinued',b'108 x 46 x 18 mm (4.25 x 1.81 x 0.71 in)',b'90 g (3.17 oz)',b'Mini-SIM',"b'TFT, 65K colors'","b'2.1 inches, 13.7 cm2 (~27.5% screen-to-body ratio)'","b'132 x 176 pixels, 9 lines, 4:3 ratio (~105 ppi density)'",b'No',"b'14 fields, in mem, PhotoCall'","b'100 received, 100 dialed and 100 missed calls'",b'11 MB',b'5-way joystick Download assistant for logos',b'Yes',b'Vibration; Downloadable polyphonic ringtones',b'No',b'No',b'No',b'No',b'No',b'Proprietary',b'',"b'SMS, MMS, Email'",b'WAP 2.0/xHTML',b'Yes',b'Yes',b'Removable Li-Ion 750 mAh battery (EBA-660)',b'Up to 250 h',b'Up to 5 h',b'Cool Silver',b'VGA',b'Yes',b'Yes',,,,,,,,,,,,
b'siemens',b'Siemens CF62',b'https://cdn2.gsmarena.com/vv/bigpic/sicf62.gif',b'GSM',b'GSM 900 / 1800 / 1900',b'GSM 850 / 1800 / 1900 - Siemens CF63',b'Class 10',b'No',"b'2004, February'",b'Discontinued',"b'82 x 45 x 22 mm, 78 cc (3.23 x 1.77 x 0.87 in)'",b'85 g (3.00 oz)',b'Mini-SIM',"b'CSTN, 65K colors'",b'',"b'130 x 130 pixels, 1:1 ratio'",b'No',b'500 x 15 fields',"b'10 dialed, 20 received, 20 missed calls'",,b'Second external monochrome display (blue illuminated) 4-way navi key Screensavers',b'Yes',b'Vibration; Downloadable polyphonic ringtones',b'No',b'No',b'No',b'No',b'No',b'',b'',"b'SMS, EMS, MMS'",b'WAP 1.2.1',b'Yes + downloadable',b'Yes',b'Removable Li-Ion 600 mAh battery (EBA-670)',b'Up to 220 h',b'Up to 5 h',"b'2 - Cool Grey, Cool Cashmere'",,,,,,,,,,,,,,,
b'siemens',b'Siemens A57',b'https://cdn2.gsmarena.com/vv/bigpic/sia57.gif',b'GSM',b'GSM 900 / 1800',"b'Softkeys Downloadable logos, animations'",b'No',b'No',"b'2004, Q2'",b'Discontinued',"b'103 x 46 x 21.5 mm, 75 cc (4.06 x 1.81 x 0.85 in)'",b'84 g (2.96 oz)',b'Mini-SIM',b'Monochrome graphic',b'',"b'101 x 64 pixels, 5 lines'",b'No',"b'50 entries, 4 groups, Picture call'","b'10 dialed, 10 received, 10 missed calls'",,b'25 short messages',b'No',b'Vibration; Downloadable polyphonic ringtones',b'No',b'No',b'No',b'No',b'No',b'',b'',"b'SMS, EMS'",b'WAP 1.2.1',"b'4 - Stack Attack, Balloon Shooter, Move the Box, Wacko'",b'No',b'Removable Li-Ion 700 mAh battery (EBA-510)',b'Up to 250 h',b'Up to 2 h',"b'Cassis, Pebble'",,,,,,,,,,,,,,,
b'siemens',b'Siemens PenPhone',b'https://cdn2.gsmarena.com/vv/bigpic/sipen.gif',b'GSM',b'GSM 900 / 1800 / 1900',b'5-way navi key',b'',b'No',"b'2004, Q1'",b'Cancelled',b'140 x 25 x 19 mm (5.51 x 0.98 x 0.75 in)',b'-',b'Mini-SIM',b'LCD',b'',b'',b'No',b'',b'',,b'No',b'No',b'Monophonic ringtones',b'No',b'No',b'No',b'No',b'No',b'',b'',b'SMS',b'',b'',b'No',b'Removable battery',,,b'',,,,,,,,,,,,,,,
b'siemens',b'Siemens ST60',b'https://cdn2.gsmarena.com/vv/bigpic/sist60.gif',b'GSM',b'GSM 900 / 1800',b'5-way navi key',b'Class 10',b'No',"b'2004, Q1'",b'Discontinued',"b'99 x 49 x 22 mm, 76 cc (3.90 x 1.93 x 0.87 in)'",b'87 g (3.07 oz)',b'Mini-SIM',"b'TFT, 65K colors'",b'',"b'120 x 160 pixels, 4:3 ratio'",b'No',"b'250 entries, Photo call'","b'10 dialed, 20 received, 20 missed calls'",b'5 MB',b'No',b'Yes',"b'Vibration; Downloadable polyphonic ringtones, composer'",b'No',b'No',b'No',b'No',b'No',b'',b'',"b'SMS, EMS, MMS, Email'",b'WAP 2.0/xHTML',b'Tetris + Java games',b'Yes',b'Removable Li-Ion 750 mAh battery (EBA-595)',b'Up to 140 h',b'Up to 4 h 30 min',b'',b'VGA',b'Yes',,,,,,,,,,,,,
b'siemens',b'Siemens CL55',b'https://cdn2.gsmarena.com/vv/bigpic/sicl55.gif',b'GSM',b'GSM 900 / 1800',b'Dual screen display Navi key Downloadable logos',b'Class 8',b'No',"b'2003, Q4'",b'Discontinued',b'83 x 41 x 22 mm (3.27 x 1.61 x 0.87 in)',b'79 g (2.79 oz)',b'Mini-SIM',"b'TFT, 65K colors'",b'',b'128 x 160 pixels',b'No',"b'100 x 5 fields, 5 contact groups'","b'10 dialed, 10 received, 10 missed calls'",,b'No',b'No',b'Vibration; Downloadable polyphonic ringtones',b'No',b'No',b'No',b'No',b'No',b'',b'',"b'SMS, MMS'",b'WAP 1.2.1',b'Yes',b'No',b'Removable Li-Ion battery',,,"b'3 - Silver, Red, Blue'",,,,,,,,,,,,,,,
b'siemens',b'Siemens Xelibri 8',b'https://cdn2.gsmarena.com/vv/bigpic/sixel8.gif',b'GSM',b'GSM 900 / 1800',b'Screensaver',b'No',b'No',"b'2003, Q4'",b'Discontinued',b'91 x 56 x 23 mm (3.58 x 2.20 x 0.91 in)',b'67 g (2.36 oz)',b'Mini-SIM',"b'CSTN, 4096 colors'",b'',b'101 x 80 pixels',b'No',b'Yes',b'Yes',,b'No',b'No',b'Vibration; Downloadable polyphonic ringtones',b'No',b'No',b'No',b'No',b'FM radio',b'',b'',"b'SMS, EMS'",b'',b'No',b'No',b'Removable Li-Ion battery',b'Up to 290 h',b'Up to 4 h',b'Diamond pink and Silver glam',,,,,,,,,,,,,,,
b'siemens',b'Siemens Xelibri 7',b'https://cdn2.gsmarena.com/vv/bigpic/sixel7.gif',b'GSM',b'GSM 900 / 1800',b'Screensaver',b'No',b'No',"b'2003, Q4'",b'Discontinued',b'105 x 46 x 26 mm (4.13 x 1.81 x 1.02 in)',b'83 g (2.93 oz)',b'Mini-SIM',"b'CSTN, 4096 colors'",b'',b'101 x 80 pixels',b'No',b'Yes',b'Yes',,b'No',b'No',b'Vibration; Downloadable polyphonic ringtones',b'No',b'No',b'No',b'No',b'No',b'',b'',"b'SMS, EMS'",b'',b'Yes',b'No',b'Removable Li-Ion battery',b'Up to 290 h',b'Up to 4 h',b'Copper Polished and Midnight Blue',,,,,,,,,,,,,,,
b'siemens',b'Siemens Xelibri 6',b'https://cdn2.gsmarena.com/vv/bigpic/sixel6.gif',b'GSM',b'GSM 900 / 1800',b'Round keypad design Two integrated mirrors flat and magnifying Screensaver',b'No',b'No',"b'2003, Q4'",b'Discontinued',"b'84 x 75 x 26 mm, 101 cc (3.31 x 2.95 x 1.02 in)'",b'89 g (3.14 oz)',b'Mini-SIM',"b'FSTN, 4096 colors'",b'',b'101 x 80 pixels',b'No',b'Yes',b'Yes',,b'No',b'No',b'Vibration; Downloadable polyphonic ringtones',b'No',b'No',b'No',b'No',b'No',b'',b'',"b'SMS, EMS'",b'',b'Downloadable',b'No',b'Removable Li-Ion battery',b'Up to 290 h',b'Up to 4 h',b'Platinum Blush and Sheer Bronze',,,,,,,,,,b'Major European and Asian languages',,,,,
b'siemens',b'Siemens Xelibri 5',b'https://cdn2.gsmarena.com/vv/bigpic/sixel5.gif',b'GSM',b'GSM 900 / 1800',b'Screensaver',b'No',b'No',"b'2003, Q4'",b'Discontinued',"b'87 x 52 x 17 mm, 58 cc (3.43 x 2.05 x 0.67 in)'",b'74 g (2.61 oz)',b'Mini-SIM',"b'FSTN, 4096 colors'",b'',"b'101 x 80 pixels, 5 lines'",b'No',b'Yes',b'Yes',,b'No',b'No',b'Vibration; Downloadable polyphonic ringtones',b'No',b'No',b'No',b'No',b'No',b'',b'',"b'SMS, EMS'",b'',b'2',b'No',b'Removable Li-Ion battery',b'Up to 390 h',b'Up to 5 h 40 min',b'Ultra Blue and Mercury',,,,,,,,,,,,,,,
b'siemens',b'Siemens U15',b'https://cdn2.gsmarena.com/vv/bigpic/siu15.gif',b'GSM / UMTS',b'GSM 900 / 1800 / 1900',b'Screensavers',,,"b'2003, Q4'",b'Discontinued',"b'136 x 53 x 24 mm, 140 cc (5.35 x 2.09 x 0.94 in)'",b'140 g (4.94 oz)',b'Mini-SIM',"b'TFT, 65K colors'",b'',b'176 x 220 pixels',b'No',b'500 entries',b'Yes',,b'64 MB flash memory included',b'No',b'Vibration; Downloadable polyphonic ringtones',b'No',b'No',b'Yes',b'No',b'No',b'Proprietary',b'',"b'SMS, EMS, MMS, Email'",b'WAP 2.0/xHTML',b'Satin green',b'Yes',b'Removable Li-Po 800 mAh battery (EBA-010)',b'Up to 250 h',b'Up to 1h 50 min',b'',b'2 cameras VGA',b'Yes',b'Yes',b'UMTS 2100',"b'Yes, 384 kbps'",,,,,,b'Yes',b'',,,
b'siemens',b'Siemens C62',b'https://cdn2.gsmarena.com/vv/bigpic/sic62.gif',b'GSM',b'GSM 900 / 1800 / 1900',b'Navi key',b'Class 8',b'No',"b'2003, Q4'",b'Discontinued',"b'101 x 44 x 20 mm, 82 cc (3.98 x 1.73 x 0.79 in)'",b'85 g (3.00 oz)',b'Mini-SIM',"b'CSTN, 4096 colors'",b'',"b'128 x 128 pixels, 7 lines, 1:1 ratio'",b'No',"b'50 x 4 fields, 4 contact groups'","b'10 dialed, 10 received, 10 missed calls'",b'1.6 MB',b'600 KB memory free 100 short messages 100 calendar events Message templates 30 sec voice memo',b'Yes',b'Vibration; Downloadable polyphonic ringtones',b'No',b'No',b'No',b'No',b'No',b'',b'',"b'SMS, EMS, MMS, Email'",b'WAP 1.2.1',"b'2 - Achevo, Falling'",b'No',b'Removable Li-Ion 630 mAh battery (EBA-610)',b'Up to 250 h',b'Up to 4 h 30 min',"b'3 -  Eagle White, Pidgeon Blue and Cherry Red'",,,,,,,,,,,,,,,
b'siemens',b'Siemens A60',b'https://cdn2.gsmarena.com/vv/bigpic/sia60.gif',b'GSM',b'GSM 900 / 1800 / 1900',b'Navi key Screensaver',b'Class 8',b'No',"b'2003, Q4'",b'Discontinued',"b'110 x 47 x 23 mm, 91 cc (4.33 x 1.85 x 0.91 in)'",b'85 g (3.00 oz)',b'Mini-SIM',"b'CSTN, 4096 colors'",b'',"b'101 x 80 pixels, 7 lines'",b'No',"b'100 x 2 fields, contact groups'","b'10 dialed, 10 received, 10 missed calls'",b'550 KB',b'No',b'Yes',b'Vibration; Downloadable polyphonic ringtones',b'No',b'No',b'No',b'No',b'No',b'',b'',"b'SMS, EMS'",b'WAP 1.2.1',"b'2 - StackAttack , Mosaic'",b'No',b'Removable Li-Ion 700 mAh battery (EBA-510)',b'Up to 260 h',b'Up to 2 h',b'Stone',,,,,,,,,,,,,,,
b'siemens',b'Siemens SX1',b'https://cdn2.gsmarena.com/vv/bigpic/sisx1.gif',b'GSM',b'GSM 900 / 1800 / 1900',b'Unique keypad arrangement',b'Class 10',b'No',"b'2003, Q3'",b'Discontinued',"b'109 x 56 x 19 mm, 110 cc (4.29 x 2.20 x 0.75 in)'",b'116 g (4.09 oz)',b'Mini-SIM',"b'TFD, 65K colors'","b'2.2 inches, 35 x 44 mm, 15.2 cm2 (~25.0% screen-to-body ratio)'",b'176 x 220 pixels (~128 ppi density)',b'MMC',,,b'16 MB',b'4 MB available',b'No',b'Vibration; Downloadable polyphonic ringtones',b'No',b'No',b'1.1',b'No',b'FM radio',b'Proprietary',b'',,b'WAP 2.0/xHTML',,,b'Removable Li-Ion 1000 mAh battery (EBA-540)',b'Up to 300 h',b'Up to 4 h',b'Ice blue',b'VGA',b'Yes',b'Yes',,,,,"b'Symbian 6.1, Series 60 v1.0 UI'",b'120 MHz ARM9',,,,b'TI OMAP 310',b'Yes',b'Yes'
b'siemens',b'Siemens ST55',b'https://cdn2.gsmarena.com/vv/bigpic/sist55.gif',b'GSM',b'GSM 900 / 1800',b'5-way navi key',b'Class 10',b'No',"b'2003, Q3'",b'Discontinued',b'99 x 47 x 22 mm (3.90 x 1.85 x 0.87 in)',b'87 g (3.07 oz)',b'Mini-SIM',"b'TFT, 65K colors'",b'',"b'120 x 160 pixels, 7 lines, 4:3 ratio'",b'No',b'255 x 15 entries',"b'10 dialed, 20 received, 20 missed calls'",,b'1.2 MB for photos 1.3 MB for MMS 1.1 MB for email messages 100 short messages',b'Yes',b'Vibration; Downloadable polyphonic ringtones',b'No',b'No',b'No',b'No',b'No',b'',b'',"b'SMS, EMS, MMS, Email'",b'WAP 2.0/xHTML',"b'3 - Wacko, Toggle, Tetris + Java'",b'No',b'Removable Li-Ion 750 mAh battery (EBA-595)',b'Up to 140 h',b'Up to 4 h 30 min',b'',b'VGA',b'No',,,,,,,,,,,,b'Yes',b'Yes'
b'siemens',b'Siemens MC60',b'https://cdn2.gsmarena.com/vv/bigpic/simc60.gif',b'GSM',b'GSM 900 / 1800 / 1900',b'Navi key',b'Class 8',b'No',"b'2003, Q3'",b'Discontinued',"b'110 x 46 x 21 mm, 88 cc (4.33 x 1.81 x 0.83 in)'",b'86 g (3.03 oz)',b'Mini-SIM',"b'CSTN, 4096 colors'",b'',"b'101 x 80 pixels, 7 lines'",b'No',"b'50 x 14 fields, 5 contact groups'","b'10 dialed, 10 received, 10 missed calls'",b'1 MB',b'10 voice dial commands 20 voice dial numbers  500 calendar items',b'Yes',"b'Vibration; Downloadable polyphonic ringtones, composer'",b'No',b'No',b'No',b'No',b'No',b'',b'',"b'SMS, EMS, MMS, Email'",b'WAP 1.2.1',b'Yes',b'Yes',b'Removable Li-Ion 700 mAh battery (EBA-510)',b'Up to 250 h',b'Up to 6 h',"b'3 - Aquamarine, Titanium and Grenadine'",b'CIF',b'No',,,,,,,,,,,,b'Yes',b'Yes'
b'siemens',b'Siemens C60',b'https://cdn2.gsmarena.com/vv/bigpic/sic60.gif',b'GSM',b'GSM 900 / 1800 / 1900',b'Navi key',b'Class 8',b'No',"b'2003, Q3'",b'Discontinued',b'110 x 47 x 23 mm (4.33 x 1.85 x 0.91 in)',b'85 g (3.00 oz)',b'Mini-SIM',"b'CSTN, 4096 colors'",b'',"b'101 x 80 pixels, 5 lines'",b'No',"b'100 entries, contact groups'","b'10 dialed, 10 received, 10 missed calls'",b'1.86 MB',b'No',b'Yes',b'Vibration; Downloadable polyphonic ringtones',b'No',b'No',b'No',b'No',b'No',b'',b'',"b'SMS, MMS'",b'WAP 1.2.1',"b'2 - StackAttack 2, Move the Box'",b'Yes',b'Removable Li-Ion 700 mAh battery (EBA-510)',b'Up to 250 h',b'Up to 6 h',"b'3 - Sky, Petrol and Grey'",,,,,,,,,,,,,,b'Yes',b'Yes'
b'siemens',b'Siemens Xelibri 1',b'https://cdn2.gsmarena.com/vv/bigpic/sixel1.gif',b'GSM',b'GSM 900 / 1800',b'Screensaver Downloadable pictures',b'No',b'No',"b'2003, Q2'",b'Discontinued',"b'101 x 46 x 19 mm, 72 cc (3.98 x 1.81 x 0.75 in)'",b'73 g (2.57 oz)',b'Mini-SIM',b'Monochrome graphic',b'',b'101 x 64 pixels',b'No',b'100',"b'10 dialed, 10 received, 10 missed calls'",,b'Predefined short messages',b'No',b'Vibration; Downloadable polyphonic ringtones',b'No',b'No',b'No',b'No',b'No',b'',b'',"b'SMS, EMS'",b'',b'No',b'No',b'Removable Li-Ion 610 mAh battery',b'Up to 200 h',b'Up to 4 h',b'',,,,,,,,,,,,,,,
b'siemens',b'Siemens Xelibri 2',b'https://cdn2.gsmarena.com/vv/bigpic/sixel2.gif',b'GSM',b'GSM 900 / 1800',b'Screensaver Downloadable pictures',b'No',b'No',"b'2003, Q2'",b'Discontinued',"b'99 x 56 x 20 mm, 78 cc (3.90 x 2.20 x 0.79 in)'",b'73 g (2.57 oz)',b'Mini-SIM',b'Monochrome graphic',b'',"b'101 x 65 pixels, 5 lines'",b'No',b'100',"b'10 dialed, 10 received, 10 missed calls'",,b'Predefined short messages',b'No',b'Vibration; Downloadable polyphonic ringtones',b'No',b'No',b'No',b'No',b'No',b'',b'',"b'SMS, EMS'",b'',b'No',b'No',b'Removable Li-Ion 650 mAh battery',b'Up to 200 h',b'Up to 4 h',b'',,,,,,,,,,,,,,,
b'siemens',b'Siemens Xelibri 3',b'https://cdn2.gsmarena.com/vv/bigpic/sixel3.gif',b'GSM',b'GSM 900 / 1800',b'Screensaver Downloadable pictures Digit dial with Navi key',b'No',b'No',"b'2003, Q2'",b'Discontinued',"b'74 x 43 x 20 mm, 48 cc (2.91 x 1.69 x 0.79 in)'",b'55 g (1.94 oz)',b'Mini-SIM',b'Monochrome graphic',b'',"b'101 x 56 pixels, 5 lines, 17:9 ratio'",b'No',b'100',"b'10 dialed, 10 received, 10 missed calls'",,b'Predefined short messages',b'No',b'Vibration; Downloadable monophonic ringtones',b'No',b'No',b'No',b'No',b'No',b'',b'',"b'SMS, EMS'",b'',b'No',b'No',b'Removable Li-Ion 620 mAh battery',b'Up to 300 h',b'Up to 4 h',b'',,,,,,,,,,,,,,,
b'siemens',b'Siemens Xelibri 4',b'https://cdn2.gsmarena.com/vv/bigpic/sixel4.gif',b'GSM',b'GSM 900 / 1800',b'Screensaver Downloadable pictures',b'No',b'No',"b'2003, Q2'",b'Discontinued',"b'99 x 53 x 19 mm, 70 cc (3.90 x 2.09 x 0.75 in)'",b'71 g (2.50 oz)',b'Mini-SIM',b'Monochrome graphic',b'',"b'101 x 65 pixels, 5 lines'",b'No',b'100',"b'10 dialed, 10 received, 10 missed calls'",,b'Predefined short messages',b'No',b'Vibration; Downloadable polyphonic ringtones',b'No',b'No',b'No',b'No',b'No',b'',b'',"b'SMS, EMS'",b'',b'No',b'No',b'Removable Li-Ion 650 mAh battery',b'Up to 200 h',b'Up to 4 h',b'',,,,,,,,,,,,,,,
b'siemens',b'Siemens U10',b'https://cdn2.gsmarena.com/vv/bigpic/siu10.gif',b'GSM / UMTS',b'GSM 900 / 1800 / 1900',b'No',,,b'2003',b'Discontinued',"b'154 x 55 x 29 mm, 173 cc (6.06 x 2.17 x 1.14 in)'",b'184 g (6.49 oz)',b'Mini-SIM',"b'TFT, 4096 colors'",b'',b'176 x 220 pixels',"b'MMC/SD, 32 MB SD included'",b'500',b'Yes',b'2 MB',b'MP3/MP4 player Predictive text input Organizer Voice memo Voice dial',b'Yes',b'Vibration; Downloadable monophonic ringtones',b'No',b'No',b'Yes',b'No',b'No',b'Proprietary',b'',"b'SMS, EMS, MMS, Email'",b'WAP 2.0/xHTML',b'Yes',b'Yes',b'Removable Li-Po 800 mAh battery (EBA-010)',b'Up to 120 h',b'Up to 1 h 20 min',b'Titanium',b'VGA',b'No',b'Yes',b'UMTS 2100',"b'Yes, 384 kbps'",,,,,,,,,,
b'siemens',b'Siemens A52',b'https://cdn2.gsmarena.com/vv/bigpic/sia52.gif',b'GSM',b'GSM 900 / 1800',"b'Softkeys Downloadable logos, screensavers'",b'No',b'No',"b'2003, Q3'",b'Discontinued',"b'104 x 46 x 21 mm, 75 cc (4.09 x 1.81 x 0.83 in)'",b'84 g (2.96 oz)',b'Mini-SIM',b'Monochrome graphic',b'',"b'101 x 64 pixels, 5 lines'",b'No',b'50',"b'10 dialed, 10 received, 10 missed calls'",,b'No',b'Yes',b'Vibration; Downloadable polyphonic ringtones',b'No',b'No',b'No',b'No',b'No',b'',b'',"b'SMS, EMS'",b'',"b'2 - StackAttack, Balloon Shooter'",b'No',b'Removable Li-Ion 700 mAh battery (EBA-510)',b'Up to 250 h',b'Up to 6 h',"b'Beige, Black'",,,,,,,,,,,,,,b'Yes',b'Yes'
b'siemens',b'Siemens M55',b'https://cdn2.gsmarena.com/vv/bigpic/sim55.gif',b'GSM',b'GSM 900 / 1800 / 1900',b'Navi key',b'Class 8',b'No',"b'2003, Q2'",b'Discontinued',b'101 x 46 x 21 mm (3.98 x 1.81 x 0.83 in)',b'83 g (2.93 oz)',b'Mini-SIM',"b'CSTN, 4096 colors'",b'',"b'101 x 80 pixels, 7 lines'",b'No',"b'500 x 14 fields, 5 c'","b'10 dialed, 10 received, 10 missed calls'",b'1.8 MB',b'20 voice dial numbers 10 voice dial commands 500 calendar items',b'Yes',"b'Vibration; Downloadable polyphonic ringtones, composer'",b'No',b'No',b'No',b'No',b'No',b'',b'',"b'SMS, MMS, Email'",b'WAP 1.2.1',"b'2 - Wappo, Extreme'",b'Yes',b'Removable Li-Ion 700 mAh battery (EBA-510)',b'Up to 250 h',b'Up to 6 h',b'',,,,,,,,,,,,,,b'Yes',b'Yes'
b'siemens',b'Siemens A55',b'https://cdn2.gsmarena.com/vv/bigpic/sia55.gif',b'GSM',b'GSM 900 / 1800',b'GSM 900 / 1900 - Siemens A56',b'No',b'No',"b'2003, Q1'",b'Discontinued',"b'101 x 44 x 21 mm, 84 cc (3.98 x 1.73 x 0.83 in)'",b'84 g (2.96 oz)',b'Mini-SIM',b'Monochrome graphic',b'',"b'101 x 64 pixels, 5 lines'",b'No',"b'50 entries, 4 contact groups'","b'10 dialed, 10 received, 10 missed calls'",b'120 KB',b'Softkeys Downloadable logos and screensaver',b'Yes',b'Vibration; Downloadable polyphonic ringtones',b'No',b'No',b'No',b'No',b'No',b'',b'',"b'SMS, EMS'",b'WAP 1.2.1',"b'4 - StackAttack, Balloon Shooter, Wacko, Move the Box'",b'No',b'Removable Li-Ion 700 mAh battery (EBA-510)',b'Up to 250 h',b'Up to 2 h',b'4',,,,,,,,,,,,,,b'Yes',b'Yes'
b'siemens',b'Siemens SL55',b'https://cdn2.gsmarena.com/vv/bigpic/sisl55.gif',b'GSM',b'GSM 900 / 1800 / 1900',b'GSM 850 / 1900 - Siemens SL56',b'Class 8',b'No',"b'2003, Q2'",b'Discontinued',"b'82 x 45 x 22 mm, 63 cc (3.23 x 1.77 x 0.87 in)'",b'79 g (2.79 oz)',b'Mini-SIM',"b'CSTN, 4096 colors'",b'',b'101 x 80 pixels',b'No',b'500 x 14 fields',"b'10 dialed, 10 received, 10 missed calls'",b'1.6 MB',"b'Navi key Retractable keyboard, like in Siemens SL10'",b'No',"b'Vibration; Downloadable polyphonic ringtones, composer'",b'No',b'No',b'No',b'No',b'No',b'',b'',"b'SMS, EMS, MMS, Email'",b'WAP 1.2.1',b'Yes',b'Yes',b'Removable Li-Po 500 mAh battery (EBA-520)',b'Up to 210 h',b'Up to 5 h',b'',,,b'Yes',,,,,,,,,,,b'Yes',b'Yes'
b'siemens',b'Siemens S55',b'https://cdn2.gsmarena.com/vv/bigpic/sis55.gif',b'GSM',b'GSM 900 / 1800 / 1900',b'Navi key',b'Class 10',b'No',b'2002',b'Discontinued',"b'101 x 42 x 18 mm, 69 cc (3.98 x 1.65 x 0.71 in)'",b'85 g (3.00 oz)',b'Mini-SIM',"b'CSTN, 256 colors'",b'',"b'101 x 80 pixels, 7 lines'",b'No',"b'500 x 14 entries, 9 contact groups, Photo call'","b'10 dialed, 10 received, 10 missed calls'",b'400 KB',b'No',b'No',b'Vibration; Downloadable polyphonic ringtones',b'No',b'No',b'1.1',b'No',b'No',b'',b'',"b'SMS, MMS, Email'",b'WAP 1.2.1',b'Yes',b'Yes',b'Removable Li-Ion 700 mAh battery (EBA-510)',b'Up to 12 days',b'Up to 6 h',b'',,,b'Yes',,,,,,,,,,,b'Yes',b'Yes'
b'siemens',b'Siemens CL50',b'https://cdn2.gsmarena.com/vv/bigpic/sicl50.gif',b'GSM',b'GSM 900 / 1800',b'Dual screen display Navi key',b'No',b'No',"b'2002, Aug'",b'Discontinued',"b'73 x 39 x 22 mm, 59 cc (2.87 x 1.54 x 0.87 in)'",b'73 g (2.57 oz)',b'Mini-SIM',b'Monochrome graphic',b'',"b'112 x 64 pixels, 16:9 ratio'",b'No',b'',"b'10 dialed, 10 received, 10 missed calls'",,b'No',b'No',b'Downloadable monophonic ringtones',b'No',b'No',b'No',b'No',b'No',b'',b'',"b'SMS, EMS'",b'WAP 1.2.1',b'Yes',b'No',b'Removable Li-Ion 600 mAh battery',b'220 h',b'5 h',"b'2 - Champagne, Pearl white'",,,,,,,,,,,,,,b'Yes',b'Yes'
b'siemens',b'Siemens C55',b'https://cdn2.gsmarena.com/vv/bigpic/sic55.gif',b'GSM',b'GSM 900 / 1800',b'Navi key',b'Class 8',b'No',"b'2002, Sep'",b'Discontinued',"b'101 x 44 x 21 mm, 69 cc (3.98 x 1.73 x 0.83 in)'",b'80 g (2.82 oz)',b'Mini-SIM',b'Monochrome graphic',b'',"b'101 x 64 pixels, 5 lines'",b'No',b'yes',"b'10 dialed, 10 received, 10 missed calls'",,b'No',b'No',"b'Vibration; Downloadable polyphonic, recorded ringtones'",b'No',b'No',b'No',b'No',b'No',b'',b'',"b'SMS, EMS, Instant Messaging'",b'WAP 1.2.1',"b'2 - The Prince of Persia, Galaxy Hero'",b'Yes',b'Removable Li-Ion 700 mAh battery (EBA-510)',b'250 h',b'6 h',"b'3 - aqua, champagne, bordeaux'",,,,,,,,,,b'20',,,,b'Yes',b'Yes'
b'siemens',b'Siemens A50',b'https://cdn2.gsmarena.com/vv/bigpic/sia50.gif',b'GSM',b'GSM 900 / 1800',"b'Softkeys Downloadable logos, screensavers'",b'No',b'No',"b'2002, Oct'",b'Discontinued',"b'109 x 46 x 23 mm, 84 cc (4.29 x 1.81 x 0.91 in)'",b'95 g (3.35 oz)',b'Mini-SIM',b'Monochrome graphic',b'',"b'101 x 64 pixels, 5 lines'",b'No',b'50',"b'10 dialed, 10 received, 10 missed calls'",,b'No',b'No',b'Vibration; Downloadable monophonic ringtones',b'No',b'No',b'No',b'No',b'No',b'',b'',"b'SMS, EMS'",b'WAP 1.2.1',b'2',b'No',b'Removable NiMH battery',b'250 h',b'5 h',"b'2 blueberry, vanilla'",,,,,,,,,,,,,,b'Yes',b'Yes'
b'siemens',b'Siemens M50',b'https://cdn2.gsmarena.com/vv/bigpic/sim50.gif',b'GSM',b'GSM 900 / 1800',b'Orange or blue backlight Navi key',b'Class 8',b'No',"b'2002, June'",b'Discontinued',"b'109 x 46 x 23 mm, 82 cc (4.29 x 1.81 x 0.91 in)'",b'97 g (3.42 oz)',b'Mini-SIM',b'Monochrome graphic',b'',"b'101 x 64 pixels, 5 lines'",b'No',b'50',"b'10 dialed, 10 received, 10 missed calls'",,b'No',b'No',b'Vibration; Downloadable monophonic ringtones',b'No',b'No',b'No',b'No',b'No',b'',b'',"b'SMS, EMS'",b'WAP 1.2.1',b'Downloadable',b'Yes',b'Removable Li-Ion battery',b'260 h',b'6 h',"b'2 - chromium blue, chromium orange'",,,,,,,,,,b'20',,,,b'Yes',b'Yes'
b'siemens',b'Siemens S45i',b'https://cdn2.gsmarena.com/vv/bigpic/sis45i.gif',b'GSM',b'GSM 900 / 1800',b'Navi key',b'Class 8',b'No',b'May 2002',b'Discontinued',"b'109 x 46 x 20 mm, 69 cc (4.29 x 1.81 x 0.79 in)'",b'93 g (3.28 oz)',b'Mini-SIM',b'Monochrome graphic',b'',"b'101 x 80 pixels, 7 lines'",b'No',b'500 x 14 entries',"b'10 dialed, 10 received, 10 missed calls'",,b'No',b'No',"b'Vibration; Monophonic ringtones, composer'",b'No',b'No',b'No',b'No',b'No',b'',b'',"b'SMS, Email'",b'WAP 1.2',b'Downloadable',b'No',b'Removable Li-Ion battery',,,b'2 - Titan Silver and Royal Champagne',,,b'Yes',,,,,,,b'20',,,,b'Yes',b'Yes'
b'siemens',b'Siemens SX45',b'https://cdn2.gsmarena.com/vv/bigpic/six45.gif',b'GSM',b'GSM 900 / 1800',b'57.6 mm x 76.8 mm 0.24 mm pixel pitch',b'No',b'No',b'2001',b'Discontinued',"b'134 x 87 x 26 mm, 309 cc (5.28 x 3.43 x 1.02 in)'",b'330 g (11.64 oz)',b'Mini-SIM',"b'TFT resistive touchscreen, 65K colors'",b'',"b'240 x 320 pixels, 4:3 ratio'",b'No',,,b'32 MB',b'Expandable through MMC or CF',b'No',b'Monophonic ringtones',b'No',b'No',b'No',b'No',b'No',b'',b'',,"b'WAP 1.2, HTML'",,,b'Removable Li-Ion 1550 mAh battery',b'Up to 150 h',b'Up to 2 h',b'',,,b'Yes',,,,,b'Microsoft Windows CE 3.0 for PocketPC',b'64-bit NEC VR4122 150 MHz',,,,,b'Yes',b'Yes'
b'siemens',b'Siemens SL45i',b'https://cdn2.gsmarena.com/vv/bigpic/sisl45i.gif',b'GSM',b'GSM 900 / 1800',b'Navi key Downloadable screensavers bitmaps',b'No',b'No',b'2001',b'Discontinued',"b'105 x 46 x 17 mm, 69 cc (4.13 x 1.81 x 0.67 in)'",b'88 g (3.10 oz)',b'Mini-SIM',b'Monochrome graphic',"b'1.5 inches, 24 x 29 mm, 7.1 cm2 (~14.6% screen-to-body ratio)'","b'101 x 80 pixels, 7 lines (~86 ppi density)'","b'MMC, 32 MB included'","b'500, 14 fields each'","b'10 dialed, 10 received, 10 missed calls'",,b'100 SMS messages',b'No',"b'Vibration; Monophonic ringtones, composer'",b'No',b'No',b'No',b'No',b'No',b'',b'',b'SMS',b'WAP 1.1',b'Downloadable Java games',b'Yes',b'Removable Li-Ion 540 mAh battery',b'up to 200 h',b'up to 4 h',b'',,,b'Yes',,,,,,,b'20',,,,b'Yes',b'Yes'
b'siemens',b'Siemens SL42',b'https://cdn2.gsmarena.com/vv/bigpic/sisl42.gif',b'GSM',b'GSM 900 / 1800',b'Navi key',b'No',b'No',b'2001',b'Discontinued',"b'105 x 46 x 17 mm, 69 cc (4.13 x 1.81 x 0.67 in)'",b'88 g (3.10 oz)',b'Mini-SIM',b'Monochrome graphic',"b'1.5 inches, 24 x 29 mm, 7.1 cm2 (~14.6% screen-to-body ratio)'","b'101 x 80 pixels, 7 lines (~86 ppi density)'","b'MMC, 16 MB included'","b'500, 14 fields each'","b'10 dialed, 10 received, 10 missed calls'",,b'100 SMS messages',b'No',"b'Vibration; Monophonic ringtones, composer'",b'No',b'No',b'No',b'No',b'No',b'',b'',b'SMS',b'WAP 1.1',b'7',b'No',b'Removable Li-Ion 540 mAh battery',b'up to 200 h',b'up to 4 h',b'',,,b'Yes',,,,,,,b'20',,,,b'Yes',b'Yes'
b'siemens',b'Siemens ME45',b'https://cdn2.gsmarena.com/vv/bigpic/sime45.gif',b'GSM',b'GSM 900 / 1800',"b'Dust, shock and splash resistant'",b'Class 8',b'No',b'2001',b'Discontinued',"b'109 x 46 x 21 mm, 76 cc (4.29 x 1.81 x 0.83 in)'",b'99 g (3.49 oz)',b'Mini-SIM',b'Monochrome graphic',b'',"b'101 x 80 pixels, 7 lines'",b'No',b'500 x 14 entries',"b'10 dialed, 10 received, 10 missed calls'",,b'Navi key Downloadable screensavers and bitmaps',b'Yes',"b'Vibration; Downloadable monophonic ringtones, composer'",b'No',b'No',b'No',b'No',b'No',b'',b'',b'SMS',b'WAP 1.2',b'Yes',b'No',b'Removable Li-Ion 840 mAh battery',b'60 - 300 h',b'100 - 300 min',b'2 - Pebble Grey and Safari Grey',,,b'Yes',,,,,,,,,,,b'Yes',b'Yes'
b'siemens',b'Siemens S45',b'https://cdn2.gsmarena.com/vv/bigpic/sis45.gif',b'GSM',b'GSM 900 / 1800',b'Navi key',b'Class 8',b'No',b'2001',b'Discontinued',"b'109 x 46 x 20 mm, 69 cc (4.29 x 1.81 x 0.79 in)'",b'93 g (3.28 oz)',b'Mini-SIM',b'Monochrome graphic',b'',"b'101 x 80 pixels, 7 lines'",b'No',b'500 x 14 fields',"b'10 dialed, 10 received, 10 missed calls'",,b'No',b'No',"b'Vibration; Downloadable monophonic ringtones, composer'",b'No',b'No',b'No',b'No',b'No',b'',b'',b'SMS',b'WAP 1.2',b'Yes',b'No',b'Removable Li-Ion 850 mAh battery',b'up to 300 h',b'up to 6 h',"b'2 - diamond silver, sapphire blue'",,,b'Yes',,,,,,,b'20',,,,b'Yes',b'Yes'
b'siemens',b'Siemens C45',b'https://cdn2.gsmarena.com/vv/bigpic/sic45.gif',b'GSM',b'GSM 900 / 1800',b'Softkeys Downloadable logos and screensaver',b'No',b'No',"b'2001, Q4'",b'Discontinued',"b'109 x 46 x 23 mm, 82 cc (4.29 x 1.81 x 0.91 in)'",b'107 g (3.77 oz)',b'Mini-SIM',b'Monochrome graphic',b'',"b'101 x 64 pixels, 5 lines'",b'No',b'50',"b'10 dialed, 10 received, 10 missed calls'",,b'No',b'No',b'Vibration; Downloadable monophonic ringtones',b'No',b'No',b'No',b'No',b'No',b'',b'',b'SMS',b'WAP 1.2',"b'3 - Stack Attack, Balloon Shooter, BattleMail'",b'No',b'Removable NiMH battery',b'up to 200 h',b'up to 5 h',b'2 - Oriental Blue and African Grey',,,,,,,,,,b'20',,,,b'Yes',b'Yes'
b'siemens',b'Siemens SL45',b'https://cdn2.gsmarena.com/vv/bigpic/sisl45b.gif',b'GSM',b'GSM 900 / 1800',b'Navi key',b'No',b'No',b'2000',b'Discontinued',"b'105 x 46 x 17 mm, 69 cc (4.13 x 1.81 x 0.67 in)'",b'88 g (3.10 oz)',b'Mini-SIM',b'Monochrome graphic',"b'1.5 inches, 24 x 29 mm, 7.1 cm2 (~14.6% screen-to-body ratio)'","b'101 x 80 pixels, 7 lines (~86 ppi density)'","b'MMC, 32 MB included'","b'500, 14 fields each'","b'10 dialed, 10 received, 10 missed calls'",,b'100 SMS messages',b'No',"b'Vibration; Monophonic ringtones, composer'",b'No',b'No',b'No',b'No',b'No',b'',b'',b'SMS',b'WAP 1.1',b'7',b'No',b'Removable Li-Ion 540 mAh battery',b'60 - 170 h',b'1 - 4 h',b'',,,b'Yes',,,,,,,b'20',,,,b'Yes',b'Yes'
b'siemens',b'Siemens S40',b'https://cdn2.gsmarena.com/vv/bigpic/sis40.gif',b'GSM',b'GSM 900 / 1800 / 1900',b'Softkeys Blue backlight',b'No',b'No',b'2001',b'Discontinued',"b'112 x 44 x 22 mm, 85 cc (4.41 x 1.73 x 0.87 in)'",b'97 g (3.42 oz)',b'Mini-SIM',b'Monochrome graphic',b'',b'6 lines',b'No',b'1000',"b'10 dialed, 10 received, 20 missed calls'",,b'Advanced fully featured address book',b'No',"b'Vibration; Monophonic ringtones, composer'",b'No',b'No',b'No',b'No',b'No',b'',b'',b'SMS',b'WAP 1.1',b'No',b'No',b'Removable Li-Ion battery',b'260 h',b'380 min',b'Silver only',,,b'Yes',,,,,,,,,,,b'Yes',b'Yes'
b'siemens',b'Siemens S35i',b'https://cdn2.gsmarena.com/vv/bigpic/sis35ib.gif',b'GSM',b'GSM 900 / 1800',b'Fixed icons Softkey',b'No',b'No',b'2000',b'Discontinued',"b'118 x 46 x 21 mm, 89 cc (4.65 x 1.81 x 0.83 in)'",b'99 g (3.49 oz)',b'Mini-SIM',b'Monochrome graphic',b'',"b'101 x 80 pixels, 7 lines'",b'No',b'100',"b'10 dialed, 10 received, 10 missed calls'",,b'No',b'No',"b'Vibration; Monophonic ringtones, composer'",b'No',b'No',b'No',b'No',b'No',b'',b'',b'SMS',b'WAP 1.1',"b'4 - Wayout, Reversi, Quattropoli, Minesweeper'",b'No',b'Removable Li-Ion 650 mAh battery',b'60 h - 220 h',b'100 min - 360 min',"b'3 - Emerald/Black, Titanium/Black, Titanium/Silver'",,,b'Yes',,,,,,,b'20',,,,b'Yes',b'Yes'
b'siemens',b'Siemens M35i',b'https://cdn2.gsmarena.com/vv/bigpic/sim35ib.gif',b'GSM',b'GSM 900 / 1800',b'Fixed icons Softkey',b'No',b'No',b'2000',b'Discontinued',"b'118 x 47 x 22 mm, 99 cc (4.65 x 1.85 x 0.87 in)'",b'125 g (4.41 oz)',b'Mini-SIM',b'Monochrome graphic',b'',"b'101 x 54 pixels, 5 lines, 17:9 ratio'",b'No',b'100',"b'10 dialed, 10 received, 10 missed calls'",,b'No',b'No',"b'Vibration; Monophonic ringtones, composer'",b'No',b'No',b'No',b'No',b'No',b'',b'',b'SMS',b'WAP 1.1',"b'4 - Wayout, Reversi, Quattropoli, Minesweeper'",b'No',b'Removable NiMH 500 mAh battery',b'50 h - 180 h',b'90 min - 300 min',"b'3 - Hurricane Yellow, Half Pipe Blue, Summit Grey'",,,,,,,,,,b'20',,,,b'Yes',b'Yes'
b'siemens',b'Siemens C35i',b'https://cdn2.gsmarena.com/vv/bigpic/sic35ib.gif',b'GSM',b'GSM 900 / 1800',b'Fixed icons Softkey',b'No',b'No',b'2000',b'Discontinued',"b'118 x 46 x 21 mm, 88 cc (4.65 x 1.81 x 0.83 in)'",b'110 g (3.88 oz)',b'Mini-SIM',b'Monochrome graphic',b'',"b'101 x 54 pixels, 5 lines, 17:9 ratio'",b'No',b'100',"b'10 dialed, 10 received, 10 missed calls'",,b'No',b'No',"b'Vibration; Monophonic ringtones, composer'",b'No',b'No',b'No',b'No',b'No',b'',b'',b'SMS',b'WAP 1.1',"b'4 - Wayout, Reversi, Quattropoli, Minesweeper'",b'No',b'Removable NiMH 500 mAh battery',b'50 h - 180 h',b'90 min - 300 min',"b'7 -  Anthracite, Steel Grey, Classic blue ...'",,,,,,,,,,b'20',,,,b'Yes',b'Yes'
b'siemens',b'Siemens C35',b'https://cdn2.gsmarena.com/vv/bigpic/sic35b.gif',b'GSM',b'GSM 900 / 1800',b'Fixed icons Softkey',b'No',b'No',b'2000',b'Discontinued',"b'118 x 46 x 21 mm, 88 cc (4.65 x 1.81 x 0.83 in)'",b'110 g (3.88 oz)',b'Mini-SIM',b'Monochrome graphic',b'',"b'101 x 54 pixels, 5 lines, 17:9 ratio'",b'No',b'20',"b'10 dialed, 10 received, 10 missed calls'",,b'No',b'No',"b'Vibration; Monophonic ringtones, composer'",b'No',b'No',b'No',b'No',b'No',b'',b'',b'SMS',b'',"b'4 - Wayout, Reversi, Quattropoli, Minesweeper'",b'No',b'Removable NiMH 500 mAh battery',b'50 h - 180 h',b'90 min - 300 min',"b'7 -  Anthracite, Steel Grey, Classic blue ...'",,,,,,,,,,b'20',,,,b'Yes',b'Yes'
b'siemens',b'Siemens A40',b'https://cdn2.gsmarena.com/vv/bigpic/sia40.gif',b'GSM',b'GSM 900 / 1800',b'Dedicated icon-line',b'No',b'No',b'2001',b'Discontinued',"b'118 x 46 x 27 mm, 106 cc (4.65 x 1.81 x 1.06 in)'",b'122 g (4.30 oz)',b'Mini-SIM',b'Alphanumeric',b'',b'2 x 16 chars',b'No',b'SIM only',"b'10 dialed, 0 received, 5 missed calls'",,b'No',b'No',b'Vibration; Monophonic ringtones',b'No',b'No',b'No',b'No',b'No',b'',b'',b'SMS',b'',b'No',b'No',b'Removable NiMH 600 mAh battery',b'60 h - 150 h',b'90 min - 240 min',"b'7 - Royal Blue, Anthracite, Raspberry Red...'",,,,,,,,,,b'20',,,,b'Yes',b'No'
b'siemens',b'Siemens A36',b'https://cdn2.gsmarena.com/vv/bigpic/sia36.gif',b'GSM',b'GSM 900 / 1800',b'No',b'No',b'No',b'2000',b'Discontinued',b'118 x 46 x 21 mm (4.65 x 1.81 x 0.83 in)',b'120 g (4.23 oz)',b'Mini-SIM',b'Alphanumeric',b'',b'3 x 12 chars',b'No',b'SIM only',"b'10 dialed, 0 received, 5 missed calls'",,b'Removable NiMH 600 mAh battery',b'No',b'Monophonic ringtones',b'No',b'No',b'No',b'No',b'No',b'',b'',b'SMS',b'',b'No',b'No',,b'60 h - 150 h',b'90 min - 240 min',b'',,,,,,,,,,b'20',,,,b'Yes',b'No'
b'siemens',b'Siemens A35',b'https://cdn2.gsmarena.com/vv/bigpic/sia35.gif',b'GSM',b'GSM 900 / 1800',b'No',b'No',b'No',b'2000',b'Discontinued',b'118 x 46 x 28 mm (4.65 x 1.81 x 1.10 in)',b'122 g (4.30 oz)',b'Mini-SIM',b'Alphanumeric',b'',b'2 lines x 16 chars',b'No',b'SIM only',b'10 dialed and 5 missed calls',,b'Removable NiMH 600 mAh battery',b'No',b'Monophonic ringtones',b'No',b'No',b'No',b'No',b'No',b'',b'',b'SMS',b'',b'No',b'No',,b'up to 150 h',b'up to 4 h',"b'7 - caribic blue, pineapple, magma red, moon white, anthracite, oriental blue, aubergine'",,,,,,,,,,b'25',,,,b'Yes',b'No'
b'siemens',b'Siemens S25',b'https://cdn2.gsmarena.com/vv/bigpic/sis25b.gif',b'GSM',b'GSM 900 / 1800',b'Dynamic font size Softkey',b'No',b'No',b'1999',b'Discontinued',"b'117 x 47 x 23 mm, 108 cc (4.61 x 1.85 x 0.91 in)'",b'125 g (4.41 oz)',b'Mini-SIM',b'Color graphic',b'',"b'97 x 54 pixels, 6 lines, 16:9 ratio'",b'No',b'50',"b'10 dialed, 10 received, 10 missed calls'",,b'No',b'No',b'Vibration; Monophonic ringtones',b'No',b'No',b'No',b'No',b'No',b'',b'',b'SMS',b'',b'3',b'No',b'Removable Li-Ion 650 mAh battery',b'60 h - 200 h',b'300 min',b'Mid-Silver Grey (Titanium) / Blue Metallic / Dark Grey / Green Metallic',,,b'Yes',,,,,,,b'20',,,,b'Yes',b'Yes'
b'siemens',b'Siemens M30',b'https://cdn2.gsmarena.com/vv/bigpic/sim30.gif',b'GSM',b'GSM 900 / 1800',b'Red backlightFixed iconsSoftkey',b'No',b'No',b'2000',b'Discontinued',"b'124 x 44 x 24 mm, 99 cc (4.88 x 1.73 x 0.94 in)'",b'110 g (3.88 oz)',b'Mini-SIM',b'Alphanumeric',b'',b'2 x 12 chars',b'No',b'',"b'10 dialed, 10 received, 10 missed calls'",,b'No',b'No',b'Monophonic ringtones',b'No',b'No',b'No',b'No',b'No',b'',b'',b'SMS',b'',b'Yes',b'No',b'Removable NiMH battery',b'Up to 180 hours',b'Up to 6 hours',b'',,,,,,,,,,,,,,b'Yes',b'No'
b'siemens',b'Siemens C28',b'https://cdn2.gsmarena.com/vv/bigpic/sic28.gif',b'GSM',b'GSM 900 / 1800',b'Fixed icons Softkey',b'No',b'No',b'2000',b'Discontinued',"b'117 x 47 x 27 mm, 120 cc (4.61 x 1.85 x 1.06 in)'",b'135 g (4.76 oz)',b'Mini-SIM',b'Alphanumeric',b'',b'3 x 12 chars',b'No',b'8',"b'10 dialed, 10 received, 10 missed calls'",,b'No',b'No',"b'Monophonic ringtones, composer'",b'No',b'No',b'No',b'No',b'No',b'',b'',b'SMS',b'',b'No',b'No',b'Removable NiMH 650 mAh battery',b'160 h',b'300 min',b'',,,,,,,,,,b'20',,,,b'No',b'No'
b'siemens',b'Siemens C25',b'https://cdn2.gsmarena.com/vv/bigpic/sic25b.gif',b'GSM',b'GSM 900 / 1800',b'Fixed icons Softkey',b'No',b'No',b'1999',b'Discontinued',"b'117 x 47 x 27 mm, 120 cc (4.61 x 1.85 x 1.06 in)'",b'135 g (4.76 oz)',b'Mini-SIM',b'Alphanumeric',b'',b'3 x 12 chars',b'No',b'8',"b'10 dialed, 10 received, 10 missed calls'",,b'No',b'No',"b'Monophonic ringtones, composer'",b'No',b'No',b'No',b'No',b'No',b'',b'',b'SMS',b'',b'No',b'No',b'Removable NiMH 650 mAh battery',b'160 h',b'300 min',"b'5 - Classic Green, Blue, Anthracite, Bright Blue, Yellow'",,,,,,,,,,b'20',,,,b'No',b'No'
b'siemens',b'Siemens SL10',b'https://cdn2.gsmarena.com/vv/bigpic/sisl10b.gif',b'GSM',b'GSM 900',b'Dynamic font size Softkey',b'No',b'No',b'1999',b'Discontinued',"b'129 x 50 x 26 mm, 121 cc (5.08 x 1.97 x 1.02 in)'",b'138 g (4.87 oz)',b'Mini-SIM',b'Color graphic',b'',"b'97 x 54 pixels, 6 lines, 16:9 ratio'",b'No',b'50',"b'10 dialed, 10 received, 10 missed calls'",,b'No',b'No',b'Monophonic ringtones',b'No',b'No',b'No',b'No',b'No',b'',b'',b'SMS',b'',b'No',b'No',b'Removable Li-Ion battery',b'46 h',b'3 h',b'Anthracite',,,b'Yes',,,,,,,b'20',,,,b'Yes',b'Yes'
b'siemens',b'Siemens S10 active',b'https://cdn2.gsmarena.com/vv/bigpic/sis10ab.gif',b'GSM',b'GSM 900',b'Dynamic font size Softkey',b'No',b'No',b'1998',b'Discontinued',"b'150 x 49 x 25 mm, 170 cc (5.91 x 1.93 x 0.98 in)'",b'185 g (6.53 oz)',b'Mini-SIM',b'Color graphic',b'',"b'97 x 54 pixels, 6 lines, 16:9 ratio'",b'No',b'50',"b'10 dialed, 10 received, 10 missed calls'",,b'No',b'No',b'Monophonic ringtones',b'No',b'No',b'No',b'No',b'No',b'',b'',b'SMS',b'',b'No',b'No',b'Removable Li-Ion 1800 mAh battery',b'120 h',b'10 h',"b'3 - Green, Grey, Red'",,,,,,,,,,b'20',,,,b'Yes',b'Yes'
b'siemens',b'Siemens S10',b'https://cdn2.gsmarena.com/vv/bigpic/sis10b.gif',b'GSM',b'GSM 900',b'Dynamic font size Softkey',b'No',b'No',b'1998',b'Discontinued',"b'147 x 46 x 25 mm, 160 cc (5.79 x 1.81 x 0.98 in)'",b'185 g (6.53 oz)',b'Mini-SIM',b'Color graphic',b'',"b'97 x 54 pixels, 6 lines, 16:9 ratio'",b'No',b'50',"b'10 dialed, 10 received, 10 missed calls'",,b'No',b'No',b'Monophonic ringtones',b'No',b'No',b'No',b'No',b'No',b'',b'',b'SMS',b'',b'No',b'No',b'Removable Li-Ion 1800 mAh battery',b'120 h',b'10 h',b'Anthracite',,,,,,,,,,b'20',,,,b'Yes',b'Yes'
b'siemens',b'Siemens S11',b'https://cdn2.gsmarena.com/vv/bigpic/sis11b.gif',b'GSM',b'GSM 1800',b'Dynamic font size Softkey',b'No',b'No',b'1998',b'Discontinued',"b'147 x 46 x 25 mm, 160 cc (5.79 x 1.81 x 0.98 in)'",b'185 g (6.53 oz)',b'Mini-SIM',b'Color graphic',b'',"b'97 x 54 pixels, 6 lines, 16:9 ratio'",b'No',b'50',"b'10 dialed, 10 received, 10 missed calls'",,b'No',b'No',b'Monophonic ringtones',b'No',b'No',b'No',b'No',b'No',b'',b'',b'SMS',b'',b'No',b'No',b'Removable Li-Ion 1800 mAh battery',b'120 h',b'10 h',b'Anthracite',,,,,,,,,,b'20',,,,b'Yes',b'Yes'
b'siemens',b'Siemens C10',b'https://cdn2.gsmarena.com/vv/bigpic/sic10b.gif',b'GSM',b'GSM 900',b'Fixed icons Softkey',b'No',b'No',b'1998',b'Discontinued',"b'137 x 55 x 22 mm, 149 cc (5.39 x 2.17 x 0.87 in)'",b'165 g (5.82 oz)',b'Mini-SIM',b'Alphanumeric',b'',b'3 x 12 chars',b'No',b'50',"b'5 dialed, 4 received, 4 missed calls'",,b'No',b'No',b'Monophonic ringtones',b'No',b'No',b'No',b'No',b'No',b'',b'',b'SMS',b'',b'No',b'No',b'Removable NiMH 700 mAh battery',b'80 h',b'5 h',"b'3 - blue, red, grey'",,,,,,,,,,b'20',,,,b'No',b'No'
b'siemens',b'Siemens C11',b'https://cdn2.gsmarena.com/vv/bigpic/sic11b.gif',b'GSM',b'GSM 1800',b'Fixed icons Softkey',b'No',b'No',b'1998',b'Discontinued',"b'137 x 55 x 22 mm, 149 cc (5.39 x 2.17 x 0.87 in)'",b'165 g (5.82 oz)',b'Mini-SIM',b'Alphanumeric',b'',b'3 x 12 chars',b'No',b'50',"b'5 dialed, 4 received, 4 missed calls'",,b'No',b'No',b'Monophonic ringtones',b'No',b'No',b'No',b'No',b'No',b'',b'',b'SMS',b'',b'No',b'No',b'Removable NiMH 700 mAh battery',b'80 h',b'5 h',"b'3 - blue, red, grey'",,,,,,,,,,b'20',,,,b'No',b'No'
