Brand,Model Name,Model Image,Technology,2G bands,,GPRS,EDGE,Announced,Status,Dimensions,Weight,SIM,Type,Size,Resolution,Card slot,Phonebook,Call records,Internal,_1,Loudspeaker,Alert types,3.5mm jack,WLAN,Bluetooth,GPS,Radio,USB,Sensors,Messaging,Browser,Games,Java,_1_1,Stand-by,Talk time,Colors,Single,Video,Infrared port,3G bands,Speed,Features,Keyboard,OS,CPU,Languages,Single_1,Video_1,Chipset,Clock,Alarm,4G bands,Protection,GPU,NFC,Charging,Music play,Price,Loudspeaker_1,Build,Triple,Features_1,Performance,Display,Camera,Audio quality,Battery life,Dual,Models,SAR,SAR EU,Dual_1,5G
b'xolo',b'XOLO Era 2X',b'https://cdn2.gsmarena.com/vv/bigpic/lava-xolo-2x.jpg',b'GSM / HSPA / LTE',b'GSM 850 / 900 / 1800 / 1900 - SIM 1 & SIM 2',b'Removable Li-Ion 2500 mAh battery',,,"b'2017, January'","b'Available. Released 2017, January'",b'144 x 72.3 x 9.5 mm (5.67 x 2.85 x 0.37 in)',b'-',b'Dual SIM',"b'IPS LCD capacitive touchscreen, 16M colors'","b'5.0 inches, 68.9 cm2 (~66.2% screen-to-body ratio)'","b'720 x 1280 pixels, 16:9 ratio (~294 ppi density)'","b'microSD, up to 32 GB'",,,"b'16 GB, 2/3 GB RAM'",,b'Yes',,b'Yes',"b'Wi-Fi 802.11 b/g/n, hotspot'","b'4.0, A2DP'","b'Yes, with A-GPS'",b'FM radio',b'microUSB 2.0',"b'Fingerprint (rear-mounted), accelerometer, proximity'",,,,,,b'Up to 322 h (3G)',b'Up to 16 h (2G) / Up to 12 h (3G)',"b'Black/Gun Metal, Latte Gold'","b'8 MP, f/2.0, AF'",b'1080p@30fps',,b'HSDPA 900 / 2100',"b'HSPA 21.1/5.76 Mbps, LTE Cat4 150/50 Mbps'","b'LED flash, HDR, panorama'",,b'Android 6.0 (Marshmallow)',b'Quad-core 1.25 GHz Cortex-A53',,"b'5 MP, f/2.4'",b'',b'Mediatek MT6737 (28 nm)',,,"b'LTE band 3(1800), 5(850), 40(2300)'",,b'Mali-T720MP2',,,,,,,,,,,,,,,,,,,
b'xolo',b'XOLO Era 2',b'https://cdn2.gsmarena.com/vv/bigpic/xolo-era-2.jpg',b'GSM / HSPA / LTE',b'GSM 850 / 900 / 1800 / 1900 - SIM 1 & SIM 2',b'Removable Li-Ion 2350 mAh battery',,,"b'2016, October'","b'Available. Released 2016, October'",b'146.5 x 73 x 9.2 mm (5.77 x 2.87 x 0.36 in)',b'-',b'Dual SIM',"b'TFT capacitive touchscreen, 16M colors'","b'5.0 inches, 68.9 cm2 (~64.4% screen-to-body ratio)'","b'480 x 854 pixels, 16:9 ratio (~196 ppi density)'","b'microSD, up to 32 GB'",,,"b'8 GB, 1 GB RAM'",,b'Yes',,b'Yes',"b'Wi-Fi 802.11 b/g/n, hotspot'","b'4.0, A2DP'","b'Yes, with A-GPS'",b'FM radio',b'microUSB 2.0',b'Accelerometer',,,,,,,,"b'Black, Blue, Gold'","b'5 MP, f/2.0, 1.4\xc2\xb5m, AF'",b'720p@30fps',,b'HSDPA 900 / 2100',"b'HSPA 21.1/5.76 Mbps, LTE Cat4 150/50 Mbps'","b'Panorama, LED flash'",,b'Android 6.0 (Marshmallow)',b'Quad-core 1.3 GHz',,b'5 MP',b'',b'Spreadtrum SC9832A',,,"b'LTE band 3(1800), 5(850), 40(2300)'",,b'Mali-400MP3',,,,,,,,b'LED flash',,,,,,,b'era 2',,,,
b'xolo',b'XOLO Era 1X',b'https://cdn2.gsmarena.com/vv/bigpic/xolo-era-1x.jpg',b'GSM / HSPA / LTE',b'GSM 850 / 900 / 1800 / 1900 - SIM 1 & SIM 2',b'Removable Li-Po 2500 mAh battery',,,"b'2016, September'","b'Available. Released 2016, September'",b'145.5 x 72 x 8.6 mm (5.73 x 2.83 x 0.34 in)',b'-',b'Dual SIM',"b'IPS LCD capacitive touchscreen, 16M colors'","b'5.0 inches, 68.9 cm2 (~65.8% screen-to-body ratio)'","b'720 x 1280 pixels, 16:9 ratio (~294 ppi density)'","b'microSD, up to 32 GB'",,,"b'8 GB, 1 GB RAM'",,b'Yes',,b'Yes',"b'Wi-Fi 802.11 b/g/n, hotspot'","b'4.0, A2DP'","b'Yes, with A-GPS'",b'FM radio',b'microUSB 2.0',"b'Accelerometer, proximity'",,,,,,b'Up to 185 h',b'Up to 22 h (2G) / Up to 13 h 30 min (3G)',"b'Black, Brown/Gold'","b'8 MP, AF'",b'1080p@30fps',,b'HSDPA 900 / 2100',"b'HSPA 21.1/5.76 Mbps, LTE Cat4 150/50 Mbps'","b'LED flash, panorama, HDR'",,b'Android 6.0 (Marshmallow)',b'Quad-core 1.3 GHz',,b'5 MP',b'',b'Spreadtrum SC9832A',,,"b'LTE band 3(1800), 5(850), 40(2300)'",,b'Mali-400MP3',,,,,,,,b'dual-LED flash',,,,,,,,,,,
b'xolo',b'XOLO Era X',b'https://cdn2.gsmarena.com/vv/bigpic/xolo-era-x.jpg',b'GSM / HSPA / LTE',b'GSM 900 / 1800 - SIM 1 & SIM 2',b'Removable Li-Po 2500 mAh battery',,,"b'2016, February'","b'Available. Released 2016, February'",b'145.5 x 72 x 8.5 mm (5.73 x 2.83 x 0.33 in)',b'-',b'Dual SIM',"b'IPS LCD capacitive touchscreen, 16M colors'","b'5.0 inches, 68.9 cm2 (~65.8% screen-to-body ratio)'","b'720 x 1280 pixels, 16:9 ratio (~294 ppi density)'","b'microSD, up to 32 GB'",,,"b'8 GB, 2 GB RAM'",,b'Yes',,b'Yes',"b'Wi-Fi 802.11 b/g/n, hotspot'","b'4.0, A2DP'","b'Yes, with A-GPS'",b'FM radio',b'microUSB 2.0',"b'Accelerometer, proximity'",,,,,,,,b'Black',"b'8 MP, AF'",b'1080p@30fps',,b'HSDPA 900 / 2100',"b'HSPA 21.1/5.76 Mbps, LTE Cat4 150/50 Mbps'","b'LED flash, panorama, HDR'",,"b'Android 5.1.1 (Lollipop), upgradable to 6.0 (Marshmallow)'",b'Quad-core 1.5 GHz',,b'5 MP',b'',b'Spreadtrum SC9830A',,,"b'LTE band 3(1800), 5(850), 40(2300)'",b'Corning Gorilla Glass',,,,,,,,,b'LED flash',,,,,,,,,,,
b'xolo',b'XOLO Era 4K',b'https://cdn2.gsmarena.com/vv/bigpic/xolo-era-4k.jpg',b'GSM / HSPA / LTE',b'GSM 900 / 1800 - SIM 1 & SIM 2',b'Non-removable Li-Ion 4000 mAh battery',,,"b'2016, February'","b'Available. Released 2016, February'",b'143 x 71.8 x 9.2 mm (5.63 x 2.83 x 0.36 in)',b'-',b'Dual SIM',"b'IPS LCD capacitive touchscreen, 16M colors'","b'5.0 inches, 68.9 cm2 (~67.1% screen-to-body ratio)'","b'720 x 1280 pixels, 16:9 ratio (~294 ppi density)'","b'microSD, up to 32 GB'",,,"b'8 GB, 2 GB RAM'",,b'Yes',,b'Yes',"b'Wi-Fi 802.11 b/g/n, hotspot'","b'4.0, A2DP'","b'Yes, with A-GPS'",b'FM radio',b'microUSB 2.0',"b'Accelerometer, proximity'",,,,,,b'Up to 624 h (2G) / Up to 528 h (3G)',b'Up to 32 h (2G) / Up to 17 h (3G)',"b'Blue, White'","b'8 MP, f/2.0, AF'",b'1080p@30fps',,b'HSDPA 900 / 2100',"b'HSPA 42.2/11.5 Mbps, LTE Cat4 150/50 Mbps'","b'Dual-LED flash, panorama, HDR'",,b'Android 5.1.1 (Lollipop)',b'Quad-core 1.0 GHz Cortex-A53',,"b'5 MP, f/2.2'",b'',b'Mediatek MT6735P (28 nm)',,,"b'LTE band 3(1800), 40(2300)'",b'Corning Gorilla Glass 3',b'Mali-T720MP2',,,,,,,,,,,,,,,,,,,
b'xolo',b'XOLO Era 4G',b'https://cdn2.gsmarena.com/vv/bigpic/xolo-era-4g-.jpg',b'GSM / HSPA / LTE',b'GSM 900 / 1800 - SIM 1 & SIM 2',b'Removable Li-Po 2500 mAh battery',,,"b'2016, February'","b'Available. Released 2016, February'",b'145.5 x 72 x 8.5 mm (5.73 x 2.83 x 0.33 in)',b'-',b'Dual SIM',"b'IPS LCD capacitive touchscreen, 16M colors'","b'5.0 inches, 68.9 cm2 (~65.8% screen-to-body ratio)'","b'720 x 1280 pixels, 16:9 ratio (~294 ppi density)'","b'microSD, up to 32 GB'",,,"b'8 GB, 1 GB RAM'",,b'Yes',,b'Yes',"b'Wi-Fi 802.11 b/g/n, hotspot'","b'4.0, A2DP'","b'Yes, with A-GPS'",b'FM radio',b'microUSB 2.0',"b'Accelerometer, proximity'",,,,,,b'Up to 455 h (2G) / Up to 329 h (3G)',b'Up to 13 h 30 min (2G) / Up to 10 h 45 min (3G)',b'Black',"b'5 MP, AF'",b'1080p@30fps',,b'HSDPA 900 / 2100',b'HSPA 21.1/5.76 Mbps',"b'LED flash, panorama, HDR'",,"b'Android 5.1.1 (Lollipop), upgradable to 6.0 (Marshmallow)'",b'Quad-core 1.5 GHz',,b'2 MP',b'',b'Spreadtrum SC9830A',,,"b'LTE band 3(1800), 5(850), 40(2300)'",b'Corning Gorilla Glass',b'Mali-400MP2',,,,,,,,b'LED flash',,,,,,,,,b'0.26 W/kg (head) \xc2\xa0 \xc2\xa0 0.23 W/kg (body)',,
b'xolo',b'XOLO One HD',b'https://cdn2.gsmarena.com/vv/bigpic/xolo-one-hd.jpg',b'GSM / HSPA',b'GSM 850 / 900 / 1800 / 1900 - SIM 1 & SIM 2',b'Removable Li-Po 2300 mAh battery',,,"b'2015, December'","b'Available. Released 2016, January'",b'143 x 72.6 x 9.5 mm (5.63 x 2.86 x 0.37 in)',b'-',b'Dual SIM',"b'IPS LCD capacitive touchscreen, 16M colors'","b'5.0 inches, 68.9 cm2 (~66.4% screen-to-body ratio)'","b'720 x 1280 pixels, 16:9 ratio (~294 ppi density)'","b'microSD, up to 256 GB'",,,"b'8 GB, 1 GB RAM'",,b'Yes',,b'Yes',"b'Wi-Fi 802.11 b/g/n, hotspot'","b'4.0, A2DP'","b'Yes, with A-GPS'",b'FM radio',b'microUSB 2.0',"b'Accelerometer, proximity'",,,,,,b'Up to 200 h (2G) / Up to 182 h (3G)',b'Up to 5 h (2G) / Up to 4 h 30 min (3G)',"b'Space Gray, White'","b'8 MP, f/2.2, AF'",b'1080p@30fps',,b'HSDPA 900 / 2100',b'HSPA 21.1/5.76 Mbps',"b'LED flash, panorama, HDR'",,b'Android 5.1 (Lollipop)',b'Quad-core 1.3 GHz Cortex-A7',,b'5 MP',b'',b'Mediatek MT6580M (28 nm)',,,,,b'Mali-400MP2',,,,,,,,b'LED flash',,,,,,,,,b'0.22 W/kg (head) \xc2\xa0 \xc2\xa0 0.48 W/kg (body)',,
b'xolo',b'XOLO Black 3GB',b'https://cdn2.gsmarena.com/vv/bigpic/xolo-black-3gb.jpg',b'GSM / HSPA / LTE',b'GSM 850 / 900 / 1800 / 1900 - SIM 1 & SIM 2',b'Non-removable Li-Po 3200 mAh battery',,,"b'2015, December'","b'Available. Released 2015, December'",b'155.5 x 76.6 x 7.3 mm (6.12 x 3.02 x 0.29 in)',b'-',b'Dual SIM',"b'IPS LCD capacitive touchscreen, 16M colors'","b'5.5 inches, 83.4 cm2 (~70.0% screen-to-body ratio)'","b'1080 x 1920 pixels, 16:9 ratio (~401 ppi density)'","b'microSD, up to 32 GB'",,,"b'16 GB, 3 GB RAM'",,b'Yes',,b'Yes',"b'Wi-Fi 802.11 b/g/n, hotspot'","b'4.0, A2DP'","b'Yes, with A-GPS, GLONASS'",b'FM radio',"b'microUSB 2.0, USB Host'","b'Accelerometer, gyro, proximity, compass'",,,,,,b'Up to 798 h (2G) / Up to 634 h (3G)',b'Up to 36 h (2G) / Up to 27 h (3G)',b'Black',b'5 MP',b'1080p@30fps',,b'HSDPA 900 / 2100',"b'HSPA 42.2/7.2 Mbps, LTE Cat4 150/50 Mbps'","b'LED flash, panorama, HDR'",,b'Android 5.0 (Lollipop) ; HIVE Atlas UI',b'Octa-core (4x1.5 GHz Cortex-A53 & 4x1.0 GHz Cortex-A53)',,,b'',b'Qualcomm MSM8939 Snapdragon 615 (28 nm)',,,"b'LTE band 3(1800), 40(2300)'",b'Corning Gorilla Glass 3',b'Adreno 405',,,,,,"b'Front/back glass (Gorilla Glass 3), aluminum frame'",,b'LED flash',,,,,,"b'13 MP, f/2.0, AF 2 MP, f/2.4, depth sensor'",,,b'0.13 W/kg (head) \xc2\xa0 \xc2\xa0 0.27 W/kg (body)',,
b'xolo',b'XOLO Black 1X',b'https://cdn2.gsmarena.com/vv/bigpic/xolo-black-1x.jpg',b'GSM / HSPA / LTE',b'GSM 850 / 900 / 1800 / 1900 - SIM 1 & SIM 2',b'Non-removable Li-Po 2400 mAh battery',,,"b'2015, October'","b'Available. Released 2015, October'",b'144.6 x 72 x 7.6 mm (5.69 x 2.83 x 0.30 in)',b'-',b'Hybrid Dual SIM',"b'IPS LCD capacitive touchscreen, 16M colors'","b'5.0 inches, 68.9 cm2 (~66.2% screen-to-body ratio)'","b'1080 x 1920 pixels, 16:9 ratio (~441 ppi density)'","b'microSD, up to 256 GB (uses shared SIM slot)'",,,"b'32 GB, 3 GB RAM'",,b'Yes',,b'Yes',"b'Wi-Fi 802.11 b/g/n, hotspot'","b'4.0, A2DP'","b'Yes, with A-GPS, GLONASS'",b'FM radio',"b'microUSB 2.0, USB Host'","b'Accelerometer, gyro, proximity, compass'",,,,,,b'Up to 394 h (2G) / Up to 354 h (3G)',b'Up to 27 h (2G) / Up to 12 h (3G)',b'Black',"b'13 MP, PDAF'",b'1080p@30fps',,b'HSDPA 900 / 2100',"b'HSPA 42.2/7.2 Mbps, LTE Cat4 150/50 Mbps'","b'LED flash, panorama, HDR'",,"b'Android 5.1 (Lollipop), upgradable to 6.0 (Marshmallow); HIVE Atlas UI'",b'Octa-core 1.3 GHz Cortex-A53',,b'5 MP',b'',b'Mediatek MT6753 (28 nm)',,,b'LTE 1800 TD-LTE 2300',b'Asahi Dragontrail Glass',b'Mali-T720MP3',,,,b'About 140 EUR',,,,b'LED flash',,,,,,,,,b'0.09 W/kg (head) \xc2\xa0 \xc2\xa0 0.14 W/kg (body)',,
b'xolo',b'XOLO Black',b'https://cdn2.gsmarena.com/vv/bigpic/xolo-black-2015.jpg',b'GSM / HSPA / LTE',b'GSM 850 / 900 / 1800 / 1900 - SIM 1 & SIM 2',b'Non-removable Li-Po 3200 mAh battery',,,"b'2015, July'","b'Available. Released 2015, July'",b'155.5 x 76.6 x 7.3 mm (6.12 x 3.02 x 0.29 in)',b'-',b'Hybrid Dual SIM (Micro-SIM/Nano-SIM)',"b'IPS LCD capacitive touchscreen, 16M colors'","b'5.5 inches, 82.6 cm2 (~69.3% screen-to-body ratio)'","b'1080 x 1920 pixels, 16:9 ratio (~403 ppi density)'","b'microSD, up to 32 GB (uses shared SIM slot)'",,,"b'16 GB, 2 GB RAM'",,b'Yes',,b'Yes',"b'Wi-Fi 802.11 b/g/n, hotspot'","b'4.0, A2DP'","b'Yes, with A-GPS, GLONASS'",b'FM radio',b'microUSB 2.0',"b'Accelerometer, gyro, proximity, compass'",,,,,,b'Up to 736 h (2G) / Up to 699 h (3G)',b'Up to 36 h (2G) / Up to 24 h (3G)',b'Black',b'5 MP',b'1080p@30fps',,b'HSDPA 900 / 2100',"b'HSPA 42.2/11.5 Mbps, LTE Cat4 150/50 Mbps'","b'LED flash, panorama, HDR'",,b'Android 5.0 (Lollipop); HIVE Atlas UI',b'Octa-core (4x1.5 GHz Cortex-A53 & 4x1.0 GHz Cortex-A53)',,,b'',b'Qualcomm MSM8939 Snapdragon 615 (28 nm)',,,b'LTE 1800 TD-LTE 2300',b'Corning Gorilla Glass 3',b'Adreno 405',,,,b'About 180 EUR',,"b'Front/back glass (Gorilla Glass 3), aluminum frame'",,b'LED flash',,,,,,"b'13 MP, AF 2 MP, depth sensor'",,,b'0.13 W/kg (head) \xc2\xa0 \xc2\xa0 0.27 W/kg (body)',,
b'xolo',b'XOLO Era',b'https://cdn2.gsmarena.com/vv/bigpic/xolo-era.jpg',b'GSM / HSPA',b'GSM 900 / 1800 - SIM 1 & SIM 2',b'Removable Li-Ion 2100 mAh battery',,,"b'2015, July'","b'Available. Released 2015, July'",b'143 x 73.2 x 9.4 mm (5.63 x 2.88 x 0.37 in)',b'-',b'Dual SIM',"b'IPS LCD capacitive touchscreen, 16M colors'","b'5.0 inches, 68.9 cm2 (~65.8% screen-to-body ratio)'","b'480 x 854 pixels, 16:9 ratio (~196 ppi density)'","b'microSD, up to 32 GB'",,,"b'8 GB, 1 GB RAM'",,b'Yes',,b'Yes',"b'Wi-Fi 802.11 b/g/n, hotspot'",b'2.1',"b'Yes, with A-GPS'",b'FM radio',b'microUSB 2.0',"b'Accelerometer, proximity'",,,,,,b'Up to 511 h (2G) / Up to 523 h (3G)',b'Up to 24 h 30 min (2G) / Up to 10 h (3G)',b'Black',b'8 MP',b'Yes',,b'HSDPA 2100',b'HSPA 21.1/5.76 Mbps',"b'LED flash, panorama, HDR'",,b'Android 4.4.2 (KitKat)',b'Quad-core 1.2 GHz',,b'2 MP',b'',b'Spreadtrum 7731',,,,,b'Mali-400',,,,b'About 60 EUR',,,,,,,,,,,,,,,
b'xolo',b'XOLO Cube 5.0',b'https://cdn2.gsmarena.com/vv/bigpic/xolo-cube-5.jpg',b'GSM / HSPA',b'GSM 850 / 900 / 1800 / 1900 - SIM 1 & SIM 2',b'Removable Li-Po 2100 mAh battery',,,"b'2015, June'","b'Available. Released 2015, June'",b'143 x 71 x 6.9 mm (5.63 x 2.80 x 0.27 in)',b'-',b'Dual SIM',"b'IPS LCD capacitive touchscreen, 16M colors'","b'5.0 inches, 68.9 cm2 (~67.9% screen-to-body ratio)'","b'720 x 1280 pixels, 16:9 ratio (~294 ppi density)'","b'microSD, up to 32 GB'",,,"b'8 GB, 2 GB RAM'",,b'Yes',,b'Yes',"b'Wi-Fi 802.11 b/g/n, hotspot'","b'4.0, A2DP'","b'Yes, with A-GPS'",b'FM radio',b'microUSB 2.0',"b'Accelerometer, proximity'",,,,,,b'Up to 656 h (2G) / Up to 477 h (3G)',b'Up to 26 h (2G) / Up to 10 h (3G)',"b'Black, White, Gold'","b'8 MP, AF'",b'Yes',,b'HSDPA 2100',b'HSPA 21.1/5.76 Mbps',"b'LED flash, panorama, HDR'",,b'Android 5.0 (Lollipop)',b'Quad-core 1.3 GHz Cortex-A7',,b'5 MP',b'',b'Mediatek MT6582M (28 nm)',,,,,b'Mali-400MP2',,,,,,,,,,,,,,,,,b'0.79 W/kg (head) \xc2\xa0 \xc2\xa0 1.19 W/kg (body)',,
b'xolo',b'XOLO Prime',b'https://cdn2.gsmarena.com/vv/bigpic/xolo-prime.jpg',b'GSM / HSPA',b'GSM 900 / 1800 - SIM 1 & SIM 2',b'Removable Li-Ion 1800 mAh battery',,,"b'2015, May'","b'Available. Released 2015, May'",b'135 x 68 x 9.5 mm (5.31 x 2.68 x 0.37 in)',b'-',b'Dual SIM',"b'IPS LCD capacitive touchscreen, 16M colors'","b'4.5 inches, 55.8 cm2 (~60.8% screen-to-body ratio)'","b'480 x 854 pixels, 16:9 ratio (~218 ppi density)'","b'microSD, up to 32 GB'",,,"b'8 GB, 1 GB RAM'",,b'Yes',,b'Yes',"b'Wi-Fi 802.11 b/g/n, hotspot'","b'4.0, A2DP'","b'Yes, with A-GPS'",b'FM radio',b'microUSB 2.0',"b'Accelerometer, proximity'",,,,,,b'Up to 500 h (2G) / Up to 400 h (3G)',b'Up to 21 h (2G) / Up to 10 h (3G)',"b'Black, Blue, Red'","b'5 MP, AF'",b'720p',,b'HSDPA 2100',b'HSPA 21.1/5.76 Mbps',"b'LED flash, panorama, HDR'",,b'Android 5.0 (Lollipop)',b'Quad-core 1.3 GHz Cortex-A7',,b'VGA',b'',b'Mediatek MT6582M (28 nm)',,,,,b'Mali-400MP2',,,,b'About 80 EUR',,,,,,,,,,,,,b'0.89 W/kg (head) \xc2\xa0 \xc2\xa0 0.71 W/kg (body)',,
b'xolo',b'XOLO LT2000',b'https://cdn2.gsmarena.com/vv/bigpic/xolo-2000.jpg',b'GSM / HSPA / LTE',b'GSM 850 / 900 / 1800 / 1900 - SIM 1 & SIM 2',b'Removable Li-Ion 2920 mAh battery',,,"b'2015, January'","b'Available. Released 2015, February'",b'152.4 x 75 x 9.3 mm (6.00 x 2.95 x 0.37 in)',b'-',b'Dual SIM (Micro-SIM)',"b'IPS LCD capacitive touchscreen, 16M colors'","b'5.5 inches, 83.4 cm2 (~73.0% screen-to-body ratio)'","b'720 x 1280 pixels, 16:9 ratio (~267 ppi density)'","b'microSD, up to 32 GB'",,,"b'8 GB, 1 GB RAM'",,b'Yes',,b'Yes',"b'Wi-Fi 802.11 b/g/n, hotspot'","b'4.0, A2DP'","b'Yes, with A-GPS'",b'FM radio',b'microUSB 2.0',"b'Accelerometer, proximity, compass'",,,,,,b'Up to 760 h (2G) / Up to 693 h (3G)',b'Up to 30 h (2G) / Up to 17 h 20 min (3G)',b'Black',"b'8 MP, AF'",b'1080p@30fps',,b'HSDPA 850 / 900 / 2100',"b'HSPA 42.2/7.2 Mbps, LTE'","b'LED flash, panorama, HDR'",,"b'Android 4.4.2 (KitKat), upgradable to 5.0 (Lollipop)'",b'Quad-core 1.2 GHz Cortex-A53',,b'2 MP',b'',b'Qualcomm MSM8916 Snapdragon 410 (28 nm)',,,"b'LTE band 3(1800), 40(2300)'",,b'Adreno 306',,,,,,,,,,,,,,,,,b'0.28 W/kg (head) \xc2\xa0 \xc2\xa0 0.30 W/kg (body)',,
b'xolo',b'XOLO A1010',b'https://cdn2.gsmarena.com/vv/bigpic/xolo-1010.jpg',b'GSM / HSPA',b'GSM 850 / 900 / 1800 / 1900 - SIM 1 & SIM 2',b'Removable Li-Po 2500 mAh battery',,,"b'2015, March'","b'Available. Released 2015, March'",b'143.7 x 72 x 8.8 mm (5.66 x 2.83 x 0.35 in)',b'-',b'Dual SIM',"b'IPS LCD capacitive touchscreen, 16M colors'","b'5.0 inches, 68.9 cm2 (~66.6% screen-to-body ratio)'","b'480 x 854 pixels, 16:9 ratio (~196 ppi density)'","b'microSD, up to 32 GB'",,,"b'4 GB, 512 MB RAM'",,b'Yes',,b'Yes',"b'Wi-Fi 802.11 b/g/n, hotspot'","b'4.0, A2DP'","b'Yes, with A-GPS'",b'FM radio',b'microUSB 2.0',"b'Accelerometer, proximity'",,,,,,b'Up to 961 h (2G) / Up to 842 h (3G)',b'Up to 28 h (2G) / Up to 15 h (3G)',"b'Black, White'","b'5 MP, AF'",b'Yes',,b'HSDPA 900 / 2100',b'HSPA 21.1/5.76 Mbps',"b'LED flash, panorama, HDR'",,b'Android 4.4.2 (KitKat)',b'Dual-core 1.0 GHz Cortex-A7',,b'VGA',b'',b'Mediatek MT6582M (28 nm)',,,,,b'Mali-400MP2',,,,b'About 80 EUR',,,,,,,,,,,,,,,
b'xolo',b'XOLO Win Q1000',b'https://cdn2.gsmarena.com/vv/bigpic/xolo-q1000.jpg',b'GSM / HSPA',b'GSM 850 / 900 / 1800 / 1900 - SIM 1 & SIM 2',b'Removable Li-Po 2200 mAh battery',,,"b'2015, February'","b'Available. Released 2015, February'",b'143 x 71.3 x 8.8 mm (5.63 x 2.81 x 0.35 in)',b'-',b'Dual SIM',b'IPS LCD capacitive touchscreen',"b'5.0 inches, 68.9 cm2 (~67.6% screen-to-body ratio)'","b'720 x 1280 pixels, 16:9 ratio (~294 ppi density)'","b'microSD, up to 32 GB'",,,"b'8 GB, 1 GB RAM'",,b'Yes',,b'Yes',"b'Wi-Fi 802.11 b/g/n, hotspot'","b'4.0, A2DP'","b'Yes, with A-GPS'",b'FM radio',b'microUSB 2.0',"b'Accelerometer, proximity'",,,,,,b'Up to 530 h (2G) / Up to 500 h (3G)',b'Up to 32 h (2G) / Up to 12 h (3G)',"b'Black, White, Yellow'","b'8 MP, AF'",b'Yes',,b'HSDPA 2100',b'HSPA 21.1/5.76 Mbps',b'LED flash',,b'Microsoft Windows Phone 8.1',b'Quad-core 1.2 GHz Cortex-A7',,b'2 MP',b'',b'Qualcomm MSM8212 Snapdragon 200 (28 nm)',,,,,b'Adreno 302',,,,b'About 120 EUR',,,,,,,,,,,,,b'0.69 W/kg (head) \xc2\xa0 \xc2\xa0 0.78 W/kg (body)',,
b'xolo',b'XOLO 8X-1020',b'https://cdn2.gsmarena.com/vv/bigpic/xolo-8x-1020.jpg',b'GSM / HSPA',b'GSM 850 / 900 / 1800 / 1900 - SIM 1 & SIM 2',b'Non-removable Li-Po 2500 mAh battery',,,"b'2015, February'","b'Available. Released 2015, February'",b'143 x 71.3 x 8.8 mm (5.63 x 2.81 x 0.35 in)',b'-',b'Dual SIM',"b'IPS LCD capacitive touchscreen, 16M colors'","b'5.0 inches, 68.9 cm2 (~67.6% screen-to-body ratio)'","b'720 x 1280 pixels, 16:9 ratio (~294 ppi density)'","b'microSD, up to 32 GB'",,,"b'8 GB, 1 GB RAM'",,b'Yes',,b'Yes',"b'Wi-Fi 802.11 b/g/n, hotspot'","b'4.0, A2DP'","b'Yes, with A-GPS'",b'FM radio',b'microUSB 2.0',"b'Accelerometer, proximity, compass'",,,,,,b'Up to 657 h (2G) / Up to 700 h (3G)',b'Up to 30 h (2G) / Up to 17 h (3G)',b'Black',"b'8 MP, AF'",b'Yes',,b'HSDPA 2100',b'HSPA 21.1/5.76 Mbps',"b'Dual-LED flash, panorama, HDR'",,b'Android 4.4.2 (KitKat)',b'Octa-core 1.4 GHz Cortex-A7',,b'5 MP',b'',b'Mediatek MT6592M (28 nm)',,,,,b'Mali-450MP4',,,,b'About 120 EUR',,,,b'LED flash',,,,,,,,,b'0.73 W/kg (head) \xc2\xa0 \xc2\xa0 0.71 W/kg (body)',,
b'xolo',b'XOLO Q700 Club',b'https://cdn2.gsmarena.com/vv/bigpic/xolo-700.jpg',b'GSM / HSPA',b'GSM 900 / 1800 / 850 - SIM 1 & SIM 2',b'Removable Li-Ion 2000 mAh battery',,,"b'2015, January'","b'Available. Released 2015, January'",b'134.6 x 67 x 10.8 mm (5.30 x 2.64 x 0.43 in)',b'-',b'Dual SIM',"b'IPS LCD capacitive touchscreen, 16M colors'","b'4.5 inches, 55.8 cm2 (~61.9% screen-to-body ratio)'","b'480 x 854 pixels, 16:9 ratio (~218 ppi density)'","b'microSD, up to 32 GB'",,,"b'8 GB, 1 GB RAM'",,b'Yes',,b'Yes',"b'Wi-Fi 802.11 b/g/n, hotspot'","b'4.0, A2DP'","b'Yes, with A-GPS'",b'FM radio',b'microUSB 2.0',"b'Accelerometer, proximity'",,,,,,b'Up to 600 h (2G) / Up to 550 h (3G)',b'Up to 21 h (2G) / Up to 9 h (3G)',"b'Black, White'","b'5 MP, AF'",b'Yes',,b'HSDPA 2100',b'HSPA 21.1/5.76 Mbps',"b'LED flash, panorama, HDR'",,b'Android 4.4.2 (KitKat)',b'Quad-core 1.3 GHz Cortex-A7',,b'VGA',b'',b'Mediatek MT6582M (28 nm)',,,,,b'Mali-400MP2',,,,,,,,,,,,,,,,,,,
b'xolo',b'XOLO Q520s',b'https://cdn2.gsmarena.com/vv/bigpic/xolo-520s.jpg',b'GSM / HSPA',b'GSM 850 / 900 / 1800 / 1900 - SIM 1 & SIM 2',b'Removable Li-Po 1820 mAh battery',,,"b'2015, January'","b'Available. Released 2015, January'",b'-',b'-',b'Dual SIM',"b'IPS LCD capacitive touchscreen, 16M colors'","b'4.0 inches, 45.5 cm2'","b'480 x 800 pixels, 5:3 ratio (~233 ppi density)'","b'microSD, up to 32 GB'",,,"b'4 GB, 512 MB RAM'",,b'Yes',,b'Yes',"b'Wi-Fi 802.11 b/g/n, hotspot'","b'4.0, A2DP'","b'Yes, with A-GPS'",b'FM radio',b'microUSB 2.0',"b'Accelerometer, proximity'",,,,,,b'Up to 610 h (2G) / Up to 527 h (3G)',b'Up to 19 h (2G) / Up to 11 h (3G)',"b'Black, White'",b'5 MP',b'Yes',,b'HSDPA 2100',b'HSPA 21.1/5.76 Mbps',"b'LED flash, panorama, HDR'",,b'Android 4.4.2 (KitKat)',b'Quad-core 1.3 GHz Cortex-A7',,b'VGA',b'',b'Mediatek MT6582M (28 nm)',,,,,b'Mali-400MP2',,,,,,,,,,,,,,,,,,,
b'xolo',b'XOLO Q900s Plus',b'https://cdn2.gsmarena.com/vv/bigpic/xolo-q900s-plus.jpg',b'GSM / HSPA',b'GSM 850 / 900 / 1800 / 1900 - SIM 1 & SIM 2',b'Removable Li-Po 1800 mAh battery',,,"b'2014, June'","b'Available. Released 2014, July'",b'135.8 x 67.2 x 7.2 mm (5.35 x 2.65 x 0.28 in)',b'100 g (3.53 oz)',b'Dual SIM',"b'IPS LCD capacitive touchscreen, 16M colors'","b'4.7 inches, 60.9 cm2 (~66.7% screen-to-body ratio)'","b'720 x 1280 pixels, 16:9 ratio (~312 ppi density)'","b'microSD, up to 32 GB'",,,"b'8 GB, 1 GB RAM'",,b'Yes',,b'Yes',"b'Wi-Fi 802.11 b/g/n, hotspot'","b'4.0, A2DP'","b'Yes, with A-GPS'",b'FM radio',b'microUSB 2.0',"b'Accelerometer, proximity, compass'",,,,,,b'Up to 263 h (2G) / Up to 246 h (3G)',b'Up to 23 h (2G) / Up to 14 h (3G)',"b'Black, White'","b'8 MP, AF'",b'720p',,b'HSDPA 2100',b'HSPA 42.2/5.76 Mbps',"b'LED flash, panorama'",,b'Android 4.4.2 (KitKat)',b'Quad-core 1.2 GHz Cortex-A7',,b'2 MP',b'',b'Qualcomm MSM8212 Snapdragon 200 (28 nm)',,,,b'Asahi Dragontrail Glass',b'Adreno 302',,,b'Up to 30 h',,,,,,,,,,,,,,,,
b'xolo',b'XOLO Omega 5.5',b'https://cdn2.gsmarena.com/vv/bigpic/xolo-omega-55.jpg',b'GSM / HSPA',b'GSM 850 / 900 / 1800 / 1900 - SIM 1 & SIM 2',b'Removable Li-Ion 2600 mAh battery',,,"b'2014, December'","b'Available. Released 2014, December'",b'155.5 x 76.6 x 10.6 mm (6.12 x 3.02 x 0.42 in)',b'-',b'Dual SIM',"b'IPS LCD capacitive touchscreen, 16M colors'","b'5.5 inches, 83.4 cm2 (~70.0% screen-to-body ratio)'","b'720 x 1280 pixels, 16:9 ratio (~267 ppi density)'","b'microSD, up to 32 GB'",,,"b'8 GB, 1 GB RAM'",,b'Yes',,b'Yes',"b'Wi-Fi 802.11 b/g/n, hotspot'","b'4.0, A2DP'","b'Yes, with A-GPS'",b'FM radio',b'microUSB 2.0',"b'Accelerometer, proximity'",,,,,,b'Up to 780 h (2G) / Up to 750 h (3G)',b'Up to 31 h (2G) / Up to 13 h 30 min (3G)',b'Black',"b'13 MP, AF'",b'Yes',,b'HSDPA 2100',b'HSPA 21.1/5.76 Mbps',"b'LED flash, panorama, HDR'",,b'Android 4.4.2 (KitKat)',b'Octa-core 1.4 GHz Cortex-A7',,b'2 MP',b'',b'Mediatek MT6592M (28 nm)',,,,,b'Mali-450MP4',,,,b'About 130 EUR',,,,,,,,,,,,,,,
b'xolo',b'XOLO Omega 5.0',b'https://cdn2.gsmarena.com/vv/bigpic/xolo-omega-5.jpg',b'GSM / HSPA',b'GSM 850 / 900 / 1800 / 1900 - SIM 1 & SIM 2',b'Non-removable Li-Ion 2100 mAh battery',,,"b'2014, December'","b'Available. Released 2014, December'",b'144 x 72 x 10.5 mm (5.67 x 2.83 x 0.41 in)',b'-',b'Dual SIM',"b'IPS LCD capacitive touchscreen, 16M colors'","b'5.0 inches, 68.9 cm2 (~66.5% screen-to-body ratio)'","b'720 x 1280 pixels, 16:9 ratio (~294 ppi density)'","b'microSD, up to 32 GB'",,,"b'8 GB, 1 GB RAM'",,b'Yes',,b'Yes',"b'Wi-Fi 802.11 b/g/n, hotspot'","b'4.0, A2DP'","b'Yes, with A-GPS'",b'FM radio',b'microUSB 2.0',"b'Accelerometer, proximity'",,,,,,b'Up to 675 h (2G) / Up to 656 h (3G)',b'Up to 22 h (2G) / Up to 7 h 40 min (3G)',b'Black',"b'8 MP, AF'",b'Yes',,b'HSDPA 2100',b'HSPA 21.1/5.76 Mbps',"b'LED flash, panorama, HDR'",,b'Android 4.4.2 (KitKat)',b'Octa-core 1.4 GHz Cortex-A7',,b'2 MP',b'',b'Mediatek MT6592M (28 nm)',,,,,b'Mali-450MP4',,,,b'About 110 EUR',,,,,,,,,,,,,,,
b'xolo',b'XOLO Opus 3',b'https://cdn2.gsmarena.com/vv/bigpic/xolo-opus-3.jpg',b'GSM / HSPA',b'GSM 850 / 900 / 1800 / 1900 - SIM 1 & SIM 2',b'Removable Li-Po 2500 mAh battery',,,"b'2014, December'","b'Available. Released 2014, December'",b'143 x 71.3 x 8.8 mm (5.63 x 2.81 x 0.35 in)',b'-',b'Dual SIM',"b'IPS LCD capacitive touchscreen, 256K colors'","b'5.0 inches, 68.9 cm2 (~67.6% screen-to-body ratio)'","b'720 x 1280 pixels, 16:9 ratio (~294 ppi density)'","b'microSD, up to 32 GB'",,,"b'8 GB, 1 GB RAM'",,b'Yes',,b'Yes',"b'Wi-Fi 802.11 b/g/n, hotspot'","b'4.0, A2DP'","b'Yes, with A-GPS'",b'FM radio',b'microUSB 2.0',"b'Accelerometer, proximity, compass'",,,,,,b'Up to 550 h (2G) / Up to 550 h (3G)',b'Up to 26 h (2G) / Up to 13 h (3G)',b'Black',"b'8 MP, AF'",b'1080p@30fps',,b'HSDPA 900 / 2100',b'HSPA 21.1/5.76 Mbps',"b'Dual-LED flash, HDR, panorama'",,b'Android 4.4.2 (KitKat)',b'Quad-core 1.3 GHz Cortex-A7',,b'5 MP',b'',b'Mediatek MT6582M (28 nm)',,,,,b'Mali-400MP2',,,,b'About 120 EUR',,,,b'LED flash',,,,,,,,,b'0.73 W/kg (head) \xc2\xa0 \xc2\xa0 0.71 W/kg (body)',,
b'xolo',b'XOLO Q710s',b'https://cdn2.gsmarena.com/vv/bigpic/xolo-q710s.jpg',b'GSM / HSPA',b'GSM 850 / 900 / 1800 / 1900 - SIM 1 & SIM 2',b'Removable Li-Po 2000 mAh battery',,,"b'2014, December'","b'Available. Released 2014, December'",b'135 x 67 x 8.5 mm (5.31 x 2.64 x 0.33 in)',b'-',b'Dual SIM',"b'IPS LCD capacitive touchscreen, 256K colors'","b'4.5 inches, 55.8 cm2 (~61.7% screen-to-body ratio)'","b'540 x 960 pixels, 16:9 ratio (~245 ppi density)'","b'microSD, up to 32 GB'",,,"b'8 GB, 1 GB RAM'",,b'Yes',,b'Yes',"b'Wi-Fi 802.11 b/g/n, hotspot'","b'4.0, A2DP'","b'Yes, with A-GPS'",b'FM radio',b'microUSB 2.0',"b'Accelerometer, proximity'",,,,,,b'Up to 640 h (2G) / Up to 600 h (3G)',b'Up to 22 h (2G) / Up to 12 h (3G)',b'Black',"b'8 MP, AF'",b'1080p@30fps',,b'HSDPA 900 / 2100',b'HSPA 21.1/5.76 Mbps',"b'LED flash, HDR, panorama'",,b'Android 4.4.2 (KitKat)',b'Quad-core 1.3 GHz Cortex-A7',,b'1.3 MP',b'',b'Mediatek MT6582M (28 nm)',,,,,b'Mali-400MP2',,,,,,,,,,,,,,,,,b'0.41 W/kg (head) \xc2\xa0 \xc2\xa0 1.02 W/kg (body)',,
b'xolo',b'XOLO Q1020',b'https://cdn2.gsmarena.com/vv/bigpic/xolo-q1020.jpg',b'GSM / HSPA',b'GSM 850 / 900 / 1800 / 1900 - SIM 1 & SIM 2',b'Removable Li-Po 2100 mAh battery',,,"b'2014, October'","b'Available. Released 2014, October'",b'143 x 71 x 8.7 mm (5.63 x 2.80 x 0.34 in)',b'-',b'Dual SIM',"b'IPS LCD capacitive touchscreen, 16M colors'","b'5.0 inches, 68.9 cm2 (~67.9% screen-to-body ratio)'","b'720 x 1280 pixels, 16:9 ratio (~294 ppi density)'","b'microSD, up to 32 GB'",,,"b'8 GB, 1 GB RAM'",,b'Yes',,b'Yes',"b'Wi-Fi 802.11 b/g/n, hotspot'","b'4.0, A2DP'","b'Yes, with A-GPS'",b'FM radio',"b'microUSB 2.0, USB Host'","b'Accelerometer, proximity, compass'",,,,,,b'Up to 487 h (2G) / Up to 454 h (3G)',b'Up to 25 h 40 min (2G) / Up to 12 h 30 min (3G)',"b'Black, White'","b'13 MP, AF'",b'1080p@30fps',,b'HSDPA 900 / 2100',b'HSPA 21.1/5.76 Mbps',"b'LED flash, panorama, HDR'",,b'Android 4.4.2 (KitKat)',b'Quad-core 1.3 GHz Cortex-A7',,b'2 MP',b'',b'Mediatek MT6582 (28 nm)',,,,b'Corning Gorilla Glass 3',b'Mali-400MP2',,,,b'About 150 EUR',,,,,,,,,,,,,b'0.37 W/kg (head) \xc2\xa0 \xc2\xa0 0.54 W/kg (body)',,
b'xolo',b'XOLO One',b'https://cdn2.gsmarena.com/vv/bigpic/xolo-one.jpg',b'GSM / HSPA',b'GSM 900 / 1800 - SIM 1 & SIM 2',b'Removable Li-Ion 1700 mAh battery',,,"b'2014, October'","b'Available. Released 2014, October'",b'128 x 64.3 x 9.3 mm (5.04 x 2.53 x 0.37 in)',b'-',b'Dual SIM',"b'IPS LCD capacitive touchscreen, 256K colors'","b'4.5 inches, 55.8 cm2 (~67.8% screen-to-body ratio)'","b'480 x 854 pixels, 16:9 ratio (~218 ppi density)'","b'microSD, up to 32 GB'",,,"b'8 GB, 1 GB RAM'",,b'Yes',,b'Yes',"b'Wi-Fi 802.11 b/g/n, hotspot'","b'4.0, A2DP'","b'Yes, with A-GPS'",b'FM radio',b'microUSB 2.0',"b'Accelerometer, proximity'",,,,,,b'Up to 430 h (2G) / Up to 377 h (3G)',b'Up to 19 h (2G) / Up to 8 h (3G)',"b'Black, White, Brown, Red, Liverpool FC Limited Edition'",b'5 MP',b'',,b'HSDPA 2100',b'HSPA 21.1/5.76 Mbps',"b'LED flash, panorama, HDR'",,"b'Android 4.4.2 (KitKat), upgradable to 5.0 (Lollipop)'",b'Quad-core 1.3 GHz Cortex-A7',,b'VGA',b'',b'Mediatek MT6582M (28 nm)',,,,,b'Mali-400MP2',,,,b'About 80 EUR',,,,,,,,,,,,,b'0.50 W/kg (head) \xc2\xa0 \xc2\xa0 0.77 W/kg (body)',,
b'xolo',b'XOLO Q2100',b'https://cdn2.gsmarena.com/vv/bigpic/xolo-q2100.jpg',b'GSM / HSPA',b'GSM 850 / 900 / 1800 / 1900 - SIM 1 & SIM 2',b'Removable Li-Po 2800 mAh battery',,,"b'2014, September'","b'Available. Released 2014, September'",b'152.4 x 75 x 9.3 mm (6.00 x 2.95 x 0.37 in)',b'-',b'Dual SIM',"b'IPS LCD capacitive touchscreen, 16M colors'","b'5.5 inches, 83.4 cm2 (~73.0% screen-to-body ratio)'","b'720 x 1280 pixels, 16:9 ratio (~267 ppi density)'","b'microSD, up to 32 GB'",,,"b'8 GB, 1 GB RAM'",,b'Yes',,b'Yes',"b'Wi-Fi 802.11 b/g/n, hotspot'","b'4.0, A2DP'","b'Yes, with A-GPS'",b'FM radio',"b'microUSB 2.0, USB Host'","b'Fingerprint (rear-mounted), accelerometer, proximity, compass'",,,,,,b'Up to 777 h (2G) / Up to 604 h (3G)',b'Up to 27 h (2G) / Up to 22 h (3G)',"b'Black, White'","b'8 MP, AF'",b'1080p@30fps',,b'HSDPA 900 / 2100',b'HSPA 21.1/5.76 Mbps',"b'Dual-LED flash, panorama, HDR'",,b'Android 4.4 (KitKat)',b'Quad-core 1.3 GHz Cortex-A7',,b'2 MP',b'',b'Mediatek MT6582 (28 nm)',,,,b'Corning Gorilla Glass 3',b'Mali-400MP2',,,,,,,,,,,,,,,,b'0.68 W/kg (head) \xc2\xa0 \xc2\xa0 0.56 W/kg (body)',,,
b'xolo',b'XOLO Opus HD',b'https://cdn2.gsmarena.com/vv/bigpic/xolo-opus-hd.jpg',b'GSM / HSPA',b'GSM 850 / 900 / 1800 / 1900 - SIM 1 & SIM 2',b'Removable Li-Ion 2500 mAh battery',,,b'2014',b'Available. Released 2014',b'143 x 71 x 7.9 mm (5.63 x 2.80 x 0.31 in)',b'-',b'Dual SIM',"b'IPS LCD capacitive touchscreen, 256K colors'","b'4.99 inches, 4.99, 68.6 cm2 (~67.6% screen-to-body ratio)'","b'720 x 1280 pixels, 16:9 ratio (~294 ppi density)'","b'microSD, up to 32 GB'",,,"b'8 GB, 1 GB RAM'",,b'Yes',,b'Yes',"b'Wi-Fi 802.11 b/g/n, hotspot'","b'4.0, A2DP'","b'Yes, with A-GPS'",b'FM radio',b'microUSB 2.0',"b'Accelerometer, proximity'",,,,,,b'Up to 600 h (2G) / Up to 500 h (3G)',b'Up to 28 h (2G) / Up to 9 h (3G)',b'Black',"b'8 MP, AF'",b'1080p@30fps',,b'HSDPA 2100',b'HSPA 21.1/5.76 Mbps',"b'LED flash, panorama'",,b'Android 4.4.2 (KitKat)',b'Quad-core 1.2 GHz',,b'2 MP',b'',b'Broadcom BCM23550',,,,,b'Broadcom VideoCore IV',,,,b'About 120 EUR',,,,,,,,,,,,b'0.52 W/kg (head) \xc2\xa0 \xc2\xa0 0.60 W/kg (body)',,,
b'xolo',b'XOLO Play 8X-1100',b'https://cdn2.gsmarena.com/vv/bigpic/xolo-8x-1100.jpg',b'GSM / HSPA',b'GSM 850 / 900 / 1800 / 1900 - SIM 1 & SIM 2',b'Removable Li-Po 2100 mAh battery',,,"b'2014, August'","b'Available. Released 2014, August'",b'141.5 x 70.8 x 8.7 mm (5.57 x 2.79 x 0.34 in)',b'-',b'Dual SIM',"b'IPS LCD capacitive touchscreen, 16M colors'","b'5.0 inches, 68.9 cm2 (~68.8% screen-to-body ratio)'","b'720 x 1280 pixels, 16:9 ratio (~294 ppi density)'","b'microSD, up to 32 GB'",,,"b'16 GB, 2 GB RAM'",,b'Yes',,b'Yes',"b'Wi-Fi 802.11 b/g/n, hotspot'","b'4.0, A2DP'","b'Yes, with A-GPS'",b'FM radio',"b'microUSB 2.0, USB Host'","b'Accelerometer, gyro, proximity, compass'",,,,,,b'Up to 463 h (2G) / Up to 443 h (3G)',b'Up to 22 h 30 min (2G) / Up to 11 h 30 min (3G)',"b'Black, White'","b'13 MP, AF'",b'1080p@30fps',,b'HSDPA 900 / 2100',b'HSPA 21.1/5.76 Mbps',"b'Dual-LED flash, panorama, HDR'",,b'Android 4.4 (KitKat)',b'Octa-core 1.7 GHz Cortex-A7',,b'5 MP',b'',b'Mediatek MT6592 (28 nm)',,,,b'Gorilla Glass 3',b'Mali-450MP4',,,,b'About 190 EUR',,,,b'LED flash',,,,,,,,,b'0.72 W/kg (head) \xc2\xa0 \xc2\xa0 0.90 W/kg (body)',,
b'xolo',b'XOLO Q510s',b'https://cdn2.gsmarena.com/vv/bigpic/xolo-q510s.jpg',b'GSM / HSPA',b'GSM 850 / 1900 - SIM 1 & SIM 2',b'Removable Li-Ion 1500 mAh battery',,,"b'2014, September'","b'Available. Released 2014, September'",b'128 x 63 x 9 mm (5.04 x 2.48 x 0.35 in)',b'-',b'Dual SIM',"b'IPS LCD capacitive touchscreen, 256K colors'","b'4.0 inches, 49.5 cm2 (~61.4% screen-to-body ratio)'","b'480 x 640 pixels, 4:3 ratio (~200 ppi density)'","b'microSD, up to 32 GB'",,,"b'8 GB, 1 GB RAM'",,b'Yes',,b'Yes',"b'Wi-Fi 802.11 b/g/n, hotspot'","b'4.0, A2DP'","b'Yes, with A-GPS'",b'No',b'microUSB 2.0',"b'Accelerometer, proximity'",,,,,,b'Up to 390 h (2G) / Up to 320 h (3G)',b'Up to 16 h (2G) / Up to 7 h (3G)',"b'Black, Metal Blue, Real Golden, Rose Golden'",b'5 MP',b'1080p@30fps',,b'HSDPA 2100',b'HSPA 21.1/5.76 Mbps',"b'LED flash, panorama, HDR'",,b'Android 4.4.2 (KitKat)',b'Quad-core 1.3 GHz Cortex-A7',,b'VGA',b'',b'Mediatek MT6582M (28 nm)',,,,,b'Mali-400MP2',,,,,,,,,,,,,,,,,,,
b'xolo',b'XOLO Q700s plus',b'https://cdn2.gsmarena.com/vv/bigpic/xolo-q700s-plus.jpg',b'GSM / HSPA',b'GSM 850 / 900 / 1800 / 1900 - SIM 1 & SIM 2',b'Removable Li-Ion 1800 mAh battery',,,"b'2014, September'","b'Available. Released 2014, September'",b'136 x 64.6 x 8.9 mm (5.35 x 2.54 x 0.35 in)',b'-',b'Dual SIM (Mini-SIM)',"b'IPS LCD capacitive touchscreen, 256K colors'","b'4.5 inches, 55.8 cm2 (~63.5% screen-to-body ratio)'","b'480 x 854 pixels, 16:9 ratio (~218 ppi density)'","b'microSD, up to 32 GB'",,,"b'8 GB, 1 GB RAM'",,b'Yes',,b'Yes',"b'Wi-Fi 802.11 b/g/n, Wi-Fi Direct, hotspot'","b'4.0, A2DP'","b'Yes, with A-GPS'",b'FM radio',"b'microUSB 2.0, USB Host'","b'Accelerometer, compass'",,,,,,b'Up to 470 h (2G) / Up to 430 h (3G)',b'Up to 18 h (2G) / Up to 8 h (3G)',"b'Black, Titanium Blue, Real Golden'","b'8 MP, AF'",b'1080p@30fps',,b'HSDPA 2100',b'HSPA 21.1/11.5 Mbps',"b'LED flash, HDR, panorama'",,b'Android 4.4.2 (KitKat)',b'Quad-core 1.3 GHz Cortex-A7',,b'VGA',b'',b'Mediatek MT6582M (28 nm)',,,,,b'Mali-400MP2',,,,,,,,,,,,,,,,,b'0.47 W/kg (head) \xc2\xa0 \xc2\xa0 0.24 W/kg (body)',,
b'xolo',b'XOLO Q1000s plus',b'https://cdn2.gsmarena.com/vv/bigpic/xolo-q1000s-plus.jpg',b'GSM / HSPA',b'GSM 900 / 1800',b'Non-removable Li-Po 3000 mAh battery',,,"b'2014, August'","b'Available. Released 2014, August'",b'147 x 72.1 x 8 mm (5.79 x 2.84 x 0.31 in)',b'-',b'Mini-SIM',"b'IPS LCD capacitive touchscreen, 16M colors'","b'5.0 inches, 68.9 cm2 (~65.0% screen-to-body ratio)'","b'1080 x 1920 pixels, 16:9 ratio (~441 ppi density)'",b'No',,,"b'32 GB, 2 GB RAM'",,b'Yes',,b'Yes',"b'Wi-Fi 802.11 b/g/n, hotspot'","b'4.0, A2DP'","b'Yes, with A-GPS'",b'FM radio',b'microUSB 2.0',"b'Accelerometer, proximity, compass'",,,,,,,,"b'Black, White'","b'13 MP, AF'",b'1080p@30fps',,b'HSDPA 2100',b'HSPA 42.2/11.5 Mbps',"b'LED flash, panorama, HDR'",,b'Android 4.2 (Jelly Bean)',b'Quad-core 1.5 GHz Cortex-A7',,b'5 MP',b'',b'Mediatek MT6589T (28 nm)',,,,,b'PowerVR SGX544',,,,,,,,,,,,,,,,,b'0.58 W/kg (head) \xc2\xa0 \xc2\xa0 0.56 W/kg (body)',,
b'xolo',b'XOLO Q610s',b'https://cdn2.gsmarena.com/vv/bigpic/xolo-q610s.jpg',b'GSM / HSPA',b'GSM 900 / 1800 - SIM 1 & SIM 2',b'Removable Li-Ion 1700 mAh battery',,,"b'2014, September'","b'Available. Released 2014, September'",b'128 x 64.3 x 9.3 mm (5.04 x 2.53 x 0.37 in)',b'-',b'Dual SIM',"b'IPS LCD capacitive touchscreen, 16M colors'","b'4.5 inches, 55.8 cm2 (~67.8% screen-to-body ratio)'","b'480 x 854 pixels, 16:9 ratio (~218 ppi density)'","b'microSD, up to 64 GB'",,,"b'8 GB, 1 GB RAM'",,b'Yes',,b'Yes',"b'Wi-Fi 802.11 b/g/n, hotspot'","b'4.0, A2DP'","b'Yes, with A-GPS'",b'FM radio',b'microUSB 2.0',"b'Accelerometer, proximity'",,,,,,b'Up to 430 h (2G) / Up to 377 h (3G)',b'Up to 19 h (2G) / Up to 8 h (3G)',"b'Black, White'","b'5 MP, AF'",b'Yes',,b'HSDPA 2100',b'HSPA 21.1/5.76 Mbps',"b'LED flash, panorama'",,b'Android 4.4.2 (KitKat)',b'Quad-core 1.3 GHz Cortex-A7',,b'VGA',b'',b'MediaTek MT6582M (28 nm)',,,,,b'Mali-400MP2',,,,,,,,,,,,,,,,,b'0.31 W/kg (head) \xc2\xa0 \xc2\xa0 0.26 W/kg (body)',,
b'xolo',b'XOLO A1000s',b'https://cdn2.gsmarena.com/vv/bigpic/xolo-a1000s.jpg',b'GSM / HSPA',b'GSM 850 / 900 / 1800 / 1900 - SIM 1 & SIM 2',b'Removable Li-Ion 2000 mAh battery',,,"b'2014, August'","b'Available. Released 2014, August'",b'141 x 72.5 x 8.8 mm (5.55 x 2.85 x 0.35 in)',b'-',b'Dual SIM',"b'TFT capacitive touchscreen, 256K colors'","b'5.0 inches, 68.9 cm2 (~67.4% screen-to-body ratio)'","b'480 x 854 pixels, 16:9 ratio (~196 ppi density)'","b'microSD, up to 32 GB'",,,"b'4 GB, 1 GB RAM'",,b'Yes',,b'Yes',"b'Wi-Fi 802.11 b/g/n, hotspot'",b'3.0',"b'Yes, with A-GPS'",b'FM radio',b'microUSB 2.0',"b'Accelerometer, proximity'",,,,,,b'Up to 650 h (2G) / Up to 590 h (3G)',b'Up to 29 h (2G) / Up to 13 h (3G)',"b'Black, White'",b'5 MP',b'720p',,b'HSDPA 2100',b'HSPA 21.1/5.76 Mbps',"b'LED flash, panorama, HDR'",,b'Android 4.4.2 (KitKat)',b'Dual-core 1.0 GHz Cortex-A7',,b'VGA',b'',b'Mediatek MT6572M (28 nm)',,,,,b'Mali-400',,,,,,,,,,,,,,,,,b'0.89 W/kg (head) \xc2\xa0 \xc2\xa0 0.71 W/kg (body)',,
b'xolo',b'XOLO Play 8X-1200',b'https://cdn2.gsmarena.com/vv/bigpic/xolo-8x-1200.jpg',b'GSM / HSPA',b'GSM 900 / 1800 - SIM 1 & SIM 2',b'Non-removable Li-Ion 2300 mAh battery',,,"b'2014, July'","b'Available. Released 2014, July'",b'143 x 68.5 x 9.7 mm (5.63 x 2.70 x 0.38 in)',b'-',b'Dual SIM',"b'IPS LCD capacitive touchscreen, 16M colors'","b'5.0 inches, 68.9 cm2 (~70.4% screen-to-body ratio)'","b'1080 x 1920 pixels, 16:9 ratio (~441 ppi density)'",b'No',,,"b'32 GB, 2 GB RAM'",,b'Yes',,b'Yes',"b'Wi-Fi 802.11 b/g/n, hotspot'","b'4.0, A2DP'","b'Yes, with A-GPS'",b'FM radio',"b'microUSB 2.0, USB Host'","b'Accelerometer, gyro, proximity, compass'",,,,,,b'Up to 600 h (2G) / Up to 547 h (3G)',b'Up to 24 h (2G) / Up to 11 h 45 min (3G)',"b'Black, Red'","b'13 MP, AF'",b'1080p@30fps',,b'HSDPA 2100',b'HSPA 21.1/5.76 Mbps',"b'Dual-LED flash, panorama, HDR'",,b'Android 4.4.2 (KitKat)',b'Octa-core 2.0 GHz Cortex-A7',,b'5 MP',b'',b'Mediatek MT6592T',,,,,b'Mali-450MP4',,,,b'About 270 EUR',,,,b'LED flash',,,,,,,,,,,
b'xolo',b'XOLO Hive 8X-1000',b'https://cdn2.gsmarena.com/vv/bigpic/XOLO-8X-1000.jpg',b'GSM / HSPA',b'GSM 900 / 1800 - SIM 1 & SIM 2',b'Non-removable Li-Ion 1920 mAh battery',,,"b'2014, August'","b'Available. Released 2014, August'",b'140 x 70 x 7.9 mm (5.51 x 2.76 x 0.31 in)',b'-',b'Dual SIM',"b'IPS LCD capacitive touchscreen, 16M colors'","b'5.0 inches, 68.9 cm2 (~70.3% screen-to-body ratio)'","b'720 x 1280 pixels, 16:9 ratio (~294 ppi density)'","b'microSD, up to 32 GB'",,,"b'16 GB, 2 GB RAM'",,b'Yes',,b'Yes',"b'Wi-Fi 802.11 b/g/n, hotspot'","b'4.0, A2DP'","b'Yes, with A-GPS'",b'FM radio',b'microUSB 2.0',"b'Accelerometer, proximity'",,,,,,b'Up to 352 h (2G) / Up to 321 h (3G)',b'Up to 11 h (2G) / Up to 7 h 40 min (3G)',b'Black',"b'8 MP, AF'",b'1080p@30fps',,b'HSDPA 900 / 2100',b'HSPA 21.1/5.76 Mbps',"b'LED flash, panorama, HDR'",,b'Android 4.4.2 (KitKat)',b'Octa-core 1.4 GHz Cortex-A7',,b'2 MP',b'',b'Mediatek MT6592M (28 nm)',,,,b'Corning Gorilla Glass 3',b'Mali-450MP4',,,,b'About 170 EUR',,,,,,,,,,,,,b'0.31 W/kg (head) \xc2\xa0 \xc2\xa0 0.31 W/kg (body)',,
b'xolo',b'XOLO A550S IPS',b'https://cdn2.gsmarena.com/vv/bigpic/xolo-a550s.jpg',b'GSM / HSPA',b'GSM 850 / 900 / 1800 / 1900 - SIM 1 & SIM 2',b'Removable Li-Ion 1400 mAh battery',,,"b'2014, July'","b'Available. Released 2014, July'",b'125 x 63.9 x 9.1 mm (4.92 x 2.52 x 0.36 in)',b'-',b'Dual SIM',"b'IPS LCD capacitive touchscreen, 256K colors'","b'4.0 inches, 45.5 cm2 (~57.0% screen-to-body ratio)'","b'480 x 800 pixels, 5:3 ratio (~233 ppi density)'","b'microSD, up to 32 GB'",,,"b'4 GB, 512 MB RAM'",,b'Yes',,b'Yes',"b'Wi-Fi 802.11 b/g/n, hotspot'",b'3.0',"b'Yes, with A-GPS'",b'FM radio',b'microUSB 2.0',"b'Accelerometer, proximity'",,,,,,b'Up to 600 h (2G) / Up to 570 h (3G)',b'Up to 21 h (2G) / Up to 8 h 30 min (3G)',b'White',b'5 MP',b'',,b'HSDPA 2100',b'HSPA 21.1/5.76 Mbps',"b'LED flash, panorama, HDR'",,b'Android 4.2.2 (Jelly Bean)',b'Dual-core 1.0 GHz Cortex-A7',,b'VGA',b'',b'Mediatek MT6572M (28 nm)',,,,,b'Mali-400',,,,,,,,,,,,,,,,,,,
b'xolo',b'XOLO Q900s',b'https://cdn2.gsmarena.com/vv/bigpic/xolo-q900s.jpg',b'GSM / HSPA',b'GSM 850 / 900 / 1800 / 1900 - SIM 1 & SIM 2',b'Removable Li-Po 1800 mAh battery',,,"b'2014, June'","b'Available. Released 2014, July'",b'135.8 x 67.2 x 7.2 mm (5.35 x 2.65 x 0.28 in)',b'100 g (3.53 oz)',b'Dual SIM',"b'IPS LCD capacitive touchscreen, 16M colors'","b'4.7 inches, 60.9 cm2 (~66.7% screen-to-body ratio)'","b'540 x 960 pixels, 16:9 ratio (~234 ppi density)'","b'microSD, up to 32 GB'",,,"b'8 GB, 1 GB RAM'",,b'Yes',,b'Yes',"b'Wi-Fi 802.11 b/g/n, hotspot'","b'4.0, A2DP'","b'Yes, with A-GPS'",b'FM radio',b'microUSB 2.0',"b'Accelerometer, proximity, compass'",,,,,,b'Up to 263 h (2G) / Up to 246 h (3G)',b'Up to 23 h (2G) / Up to 14 h (3G)',"b'Black, White'","b'8 MP, AF'",b'Yes',,b'HSDPA 2100',b'HSPA 42.2/5.76 Mbps',"b'LED flash, panorama'",,"b'Android 4.3 (Jelly Bean), upgradable to 4.4.2 (KitKat)'",b'Quad-core 1.2 GHz Cortex-A7',,b'2 MP',b'',b'Qualcomm MSM8212 Snapdragon 200 (28 nm)',,,,b'Asahi Dragontrail Glass',b'Adreno 302',,,,,,,,,,,,,,,,,,,
b'xolo',b'XOLO Q500s IPS',b'https://cdn2.gsmarena.com/vv/bigpic/xolo-q500s.jpg',b'GSM / HSPA',b'GSM 900 / 1800 - SIM 1 & SIM 2',b'Removable Li-Ion 1500 mAh battery',,,"b'2014, July'","b'Available. Released 2014, July'",b'125 x 63.2 x 9 mm (4.92 x 2.49 x 0.35 in)',b'-',b'Dual SIM',"b'IPS LCD capacitive touchscreen, 16M colors'","b'4.0 inches, 45.5 cm2 (~57.6% screen-to-body ratio)'","b'480 x 800 pixels, 5:3 ratio (~233 ppi density)'","b'microSD, up to 32 GB'",,,"b'4 GB, 512 MB RAM'",,b'Yes',,b'Yes',"b'Wi-Fi 802.11 b/g/n, hotspot'",b'3.0',"b'Yes, with A-GPS'",b'No',b'microUSB 2.0',"b'Accelerometer, proximity'",,,,,,b'Up to 700 h (2G) / Up to 383 h (3G)',b'Up to 16 h (2G) / Up to 7 h 40 min (3G)',"b'Black, White'",b'5 MP',b'1080p@30fps',,b'HSDPA 2100',b'HSPA 21.1/5.76 Mbps',"b'LED flash, panorama, HDR'",,b'Android 4.4.2 (KitKat)',b'Quad-core 1.3 GHz Cortex-A7',,b'VGA',b'',b'Mediatek MT6582M (28 nm)',,,,,b'Mali-400MP2',,,,,,,,,,,,,,,,,b'0.78 W/kg (head) \xc2\xa0 \xc2\xa0 0.49 W/kg (body)',,
b'xolo',b'XOLO A700s',b'https://cdn2.gsmarena.com/vv/bigpic/xolo-a700s.jpg',b'GSM / HSPA',b'GSM 850 / 900 / 1800 / 1900 - SIM 1 & SIM 2',b'Removable Li-Ion 1900 mAh battery',,,"b'2014, July'","b'Available. Released 2014, July'",b'135 x 67 x 8.9 mm (5.31 x 2.64 x 0.35 in)',b'-',b'Dual SIM',"b'IPS LCD capacitive touchscreen, 16M colors'","b'4.5 inches, 55.8 cm2 (~61.7% screen-to-body ratio)'","b'540 x 960 pixels, 16:9 ratio (~245 ppi density)'","b'microSD, up to 32 GB'",,,"b'4 GB, 1 GB RAM'",,b'Yes',,b'Yes',"b'Wi-Fi 802.11 b/g/n, hotspot'",b'3.0',"b'Yes, with A-GPS'",b'FM radio',b'microUSB 2.0',"b'Accelerometer, proximity'",,,,,,b'Up to 623 h (2G) / Up to 565 h (3G)',b'Up to 22 h 20 min (2G) / Up to 12 h (3G)',"b'Black, White'","b'5 MP, AF'",b'720p',,b'HSDPA 2100',b'HSPA 21.1/5.76 Mbps',"b'LED flash, panorama, HDR'",,b'Android 4.2 (Jelly Bean)',b'Dual-core 1.3 GHz Cortex-A7',,b'VGA',b'',b'Mediatek MT6572 (28 nm)',,,,,b'Mali-400',,,,,,,,,,,,,,,,,b'0.31 W/kg (head) \xc2\xa0 \xc2\xa0 0.30 W/kg (body)',,
b'xolo',b'XOLO Play 6X-1000',b'https://cdn2.gsmarena.com/vv/bigpic/xolo-play-1000.jpg',b'GSM / HSPA',b'GSM 900 / 1800 / 1900 - SIM 1 & SIM 2',b'Removable Li-Po 2100 mAh battery',,,"b'2014, June'","b'Available. Released 2014, June'",b'139.9 x 70.2 x 8.5 mm (5.51 x 2.76 x 0.33 in)',b'-',b'Dual SIM',"b'IPS LCD capacitive touchscreen, 16M colors'","b'5.0 inches, 68.9 cm2 (~70.2% screen-to-body ratio)'","b'720 x 1280 pixels, 16:9 ratio (~294 ppi density)'","b'microSD, up to 32 GB'",,,"b'8 GB, 2 GB RAM'",,b'Yes',,b'Yes',"b'Wi-Fi 802.11 b/g/n, hotspot'","b'4.0, A2DP'","b'Yes, with A-GPS'",b'FM radio',"b'microUSB 2.0, USB Host'","b'Accelerometer, gyro, proximity, compass'",,,,,,b'Up to 581 h (2G) / Up to 532 h (3G)',b'Up to 25 h (2G) / Up to 15 h (3G)',"b'Black, White'","b'8 MP, AF'",b'1080p@30fps',,b'HSDPA 2100',b'HSPA 21.1/5.76 Mbps',"b'LED flash, panorama, HDR'",,b'Android 4.4.2 (KitKat)',b'Hexa-core 1.5 GHz Cortex-A7',,b'2 MP',b'',b'Mediatek MT6591',,,,,b'Mali-450MP4',,,,,,,,,,,,,,,,,b'0.31 W/kg (head) \xc2\xa0 \xc2\xa0 0.45 W/kg (body)',,
b'xolo',b'XOLO Q2000L',b'https://cdn2.gsmarena.com/vv/bigpic/xolo-q2000l.jpg',b'GSM / HSPA',b'GSM 850 / 900 / 1800 / 1900 - SIM 1 & SIM 2',b'Removable Li-Ion 2500 mAh battery',,,"b'2014, May'","b'Available. Released 2014, May'",b'155.7 x 78 x 8.4 mm (6.13 x 3.07 x 0.33 in)',b'-',b'Dual SIM',"b'IPS LCD capacitive touchscreen, 16M colors'","b'5.5 inches, 83.4 cm2 (~68.7% screen-to-body ratio)'","b'540 x 960 pixels, 16:9 ratio (~200 ppi density)'","b'microSD, up to 32 GB'",,,"b'8 GB, 1 GB RAM'",,b'Yes',,b'Yes',"b'Wi-Fi 802.11 b/g/n, hotspot'","b'4.0, A2DP'","b'Yes, with A-GPS'",b'FM radio',b'microUSB 2.0',"b'Accelerometer, proximity'",,,,,,b'Up to 555 h (2G) / Up to 500 h (3G)',b'Up to 26 h (2G) / Up to 10 h (3G)',"b'Black, White'","b'8 MP, AF'",b'720p',,b'HSDPA 2100',b'HSPA 21.1/5.76 Mbps',"b'LED flash, panorama'",,b'Android 4.4.2 (KitKat)',b'Quad-core 1.2 GHz',,b'2 MP',b'',b'Broadcom BCM23550',,,,,b'Broadcom VideoCore IV',,,,,,,,,,,,,,,,,b'1.05 W/kg (head) \xc2\xa0 \xc2\xa0 1.17 W/kg (body)',,
b'xolo',b'XOLO Win Q900s',b'https://cdn2.gsmarena.com/vv/bigpic/xolo-q900s-win.jpg',b'GSM / HSPA',b'GSM 850 / 900 / 1800 / 1900 - SIM 1 & SIM 2',b'Removable Li-Po 1800 mAh battery',,,"b'2014, June'","b'Available. Released 2014, July'",b'135.8 x 67.2 x 7.2 mm (5.35 x 2.65 x 0.28 in)',b'100 g (3.53 oz)',b'Dual SIM (Dual stand-by)',"b'IPS LCD capacitive touchscreen, 16M colors'","b'4.7 inches, 60.9 cm2 (~66.7% screen-to-body ratio)'","b'720 x 1280 pixels, 16:9 ratio (~312 ppi density)'","b'microSD, up to 32 GB'",,,"b'8 GB, 1 GB RAM'",,b'Yes',,b'Yes',"b'Wi-Fi 802.11 b/g/n, hotspot'","b'4.0, A2DP, EDR'","b'Yes, with A-GPS'",b'FM radio',b'microUSB 2.0',"b'Accelerometer, proximity, compass'",,,,,,b'Up to 263 h (2G) / Up to 246 h (3G)',b'Up to 23 h (2G) / Up to 14 h (3G)',"b'Black, White'","b'8 MP, AF'",b'Yes',,b'HSDPA 2100',b'HSPA 42.2/5.76 Mbps',"b'LED flash, panorama'",,b'Microsoft Windows Phone 8.1',b'Quad-core 1.2 GHz Cortex-A7',,b'2 MP',b'',b'Qualcomm MSM8212 Snapdragon 200 (28 nm)',,,,b'Scratch-resistant glass',b'Adreno 302',,,,b'About 120 EUR',,,,,,,,,,,,,,,
b'xolo',b'XOLO Q1000 Opus2',b'https://cdn2.gsmarena.com/vv/bigpic/xolo-q1000-opus2-new.jpg',b'GSM / HSPA',b'GSM 900 / 1800 - SIM 1 & SIM 2',b'Removable Li-Ion 2000 mAh battery',,,"b'2014, June'","b'Available. Released 2014, June'",b'143 x 73 x 9.3 mm (5.63 x 2.87 x 0.37 in)',b'-',b'Dual SIM',"b'IPS LCD capacitive touchscreen, 16M colors'","b'5.0 inches, 68.9 cm2 (~66.0% screen-to-body ratio)'","b'540 x 960 pixels, 16:9 ratio (~220 ppi density)'","b'microSD, up to 32 GB'",,,"b'4 GB, 1 GB RAM'",,b'Yes',,b'Yes',"b'Wi-Fi 802.11 b/g/n, hotspot'","b'4.0, A2DP'","b'Yes, with A-GPS'",b'FM radio',b'microUSB 2.0',"b'Accelerometer, proximity'",,,,,,b'Up to 431 h (2G) / Up to 327 h (3G)',b'Up to 24 h (2G) / Up to 13 h (3G)',b'Black',"b'8 MP, AF'",b'720p',,b'HSDPA 2100',b'HSPA 21.1/5.76 Mbps',"b'LED flash, panorama'",,b'Android 4.3 (Jelly Bean)',b'Quad-core 1.2 GHz Cortex-A7',,b'2 MP',b'',b'Qualcomm Snapdragon 200 (28 nm)',,,,,b'Adreno 305',,,,,,,,,,,,,,,,,b'1.24 W/kg (head) \xc2\xa0 \xc2\xa0 1.15 W/kg (body)',,
b'xolo',b'XOLO Q1011',b'https://cdn2.gsmarena.com/vv/bigpic/xolo-q1011.jpg',b'GSM / HSPA',b'GSM 850 / 900 / 1800 / 1900',b'Non-removable Li-Po 2250 mAh battery',,,"b'2014, June'","b'Available. Released 2014, June'",b'143.6 x 72.2 x 8.3 mm (5.65 x 2.84 x 0.33 in)',b'-',b'Micro-SIM',"b'IPS LCD capacitive touchscreen, 16M colors'","b'5.0 inches, 68.9 cm2 (~66.5% screen-to-body ratio)'","b'720 x 1280 pixels, 16:9 ratio (~294 ppi density)'","b'microSD, up to 32 GB (dedicated slot)'",,,"b'4 GB, 1 GB RAM'",,b'Yes',,b'Yes',"b'Wi-Fi 802.11 b/g/n, hotspot'","b'4.0, A2DP'","b'Yes, with A-GPS'",b'FM radio',b'microUSB 2.0',"b'Accelerometer, proximity'",,,,,,b'Up to 550 h (2G) / Up to 509 h (3G)',b'Up to 26 h (2G) / Up to 13 h 30 min (3G)',"b'Black, White'","b'8 MP, AF'",b'1080p@30fps',,b'HSDPA 900 / 2100',b'HSPA 21.1/5.76 Mbps',"b'LED flash, panorama, HDR'",,b'Android 4.4.2 (KitKat)',b'Quad-core 1.3 GHz Cortex-A7',,b'2 MP',b'',b'Mediatek MT6582 (28 nm)',,,,,b'Mali-400MP2',,,,,,,,,,,,,,,,,b'0.25 W/kg (head) \xc2\xa0 \xc2\xa0 0.65 W/kg (body)',,
b'xolo',b'XOLO Q1200',b'https://cdn2.gsmarena.com/vv/bigpic/xolo-q1200.jpg',b'GSM / HSPA',b'GSM 850 / 900 / 1800 / 1900',b'Removable Li-Po 2000 mAh battery',,,"b'2014, May'","b'Available. Released 2014, May'",b'144.8 x 71.4 x 6.9 mm (5.70 x 2.81 x 0.27 in)',b'-',b'Micro-SIM',"b'IPS LCD capacitive touchscreen, 16M colors'","b'5.0 inches, 68.9 cm2 (~66.7% screen-to-body ratio)'","b'720 x 1280 pixels, 16:9 ratio (~294 ppi density)'","b'microSD, up to 32 GB (dedicated slot)'",,,"b'8 GB, 1 GB RAM'",,b'Yes',,b'Yes',"b'Wi-Fi 802.11 b/g/n, hotspot'","b'4.0, A2DP'","b'Yes, with A-GPS'",b'FM radio',b'microUSB 2.0',"b'Accelerometer, proximity, compass'",,,,,,b'Up to 418 h (2G) / Up to 385 h (3G)',b'Up to 15 h (2G) / Up to 9 h (3G)',"b'Black, White'","b'8 MP, AF'",b'1080p@30fps',,b'HSDPA 900 / 2100',b'HSPA 21.1/5.76 Mbps',"b'LED flash, panorama, HDR'",,"b'Android 4.2.2 (Jelly Bean), upgradable to 4.4.2 (KitKat)'",b'Quad-core 1.3 GHz Cortex-A7',,b'2 MP',b'',b'Mediatek MT6582 (28 nm)',,,,b'Corning Gorilla Glass 3',b'Mali-400MP2',,,,,,,,,,,,,,,,,b'0.31 W/kg (head) \xc2\xa0 \xc2\xa0 0.45 W/kg (body)',,
b'xolo',b'XOLO Q600s',b'https://cdn2.gsmarena.com/vv/bigpic/xolo-q600s.jpg',b'GSM / HSPA',b'GSM 850 / 900 / 1800 / 1900 - SIM 1 & SIM 2',b'Removable Li-Ion 2000 mAh battery',,,"b'2014, May'","b'Available. Released 2014, May'",b'136.5 x 68 x 7.9 mm (5.37 x 2.68 x 0.31 in)',b'-',b'Dual SIM',"b'IPS LCD capacitive touchscreen, 16M colors'","b'4.5 inches, 55.8 cm2 (~60.1% screen-to-body ratio)'","b'540 x 960 pixels, 16:9 ratio (~245 ppi density)'","b'microSD, up to 64 GB'",,,"b'4 GB, 1 GB RAM'",,b'Yes',,b'Yes',"b'Wi-Fi 802.11 b/g/n, hotspot'","b'4.0, A2DP'","b'Yes, with A-GPS'",b'FM radio',b'microUSB 2.0',"b'Accelerometer, proximity'",,,,,,b'Up to 449 h (2G) / Up to 400 h (3G)',b'Up to 24 h (2G) / Up to 11 h (3G)',"b'Black, White'","b'5 MP, AF'",b'720p',,b'HSDPA 2100',b'HSPA 21.1/5.76 Mbps',"b'LED flash, panorama'",,b'Android 4.4.2 (KitKat)',b'Quad-core 1.2 GHz',,b'VGA',b'',b'Broadcom BCM23550',,,,,b'Broadcom VideoCore IV',,,,,,,,,,,,,,,,,b'0.94 W/kg (head) \xc2\xa0 \xc2\xa0 1.27 W/kg (body)',,
b'xolo',b'XOLO A500S Lite',b'https://cdn2.gsmarena.com/vv/bigpic/xolo-a500s-lite.jpg',b'GSM / HSPA',b'GSM 900 / 1800 - SIM 1 & SIM 2',b'Removable Li-Ion 1400 mAh battery',,,"b'2014, May'","b'Available. Released 2014, May'",b'127 x 63 x 9.2 mm (5.0 x 2.48 x 0.36 in)',b'-',b'Dual SIM',"b'IPS LCD capacitive touchscreen, 256K colors'","b'4.0 inches, 45.5 cm2 (~56.9% screen-to-body ratio)'","b'480 x 800 pixels, 5:3 ratio (~233 ppi density)'","b'microSD, up to 32 GB'",,,"b'4 GB, 512 MB RAM'",,b'Yes',,b'Yes',"b'Wi-Fi 802.11 b/g/n, hotspot'","b'4.0, A2DP'","b'Yes, with A-GPS'",b'FM radio',b'microUSB 2.0',"b'Accelerometer, proximity'",,,,,,b'Up to 526 h (2G) / Up to 432 h (3G)',b'Up to 16 h (2G) / Up to 8 h (3G)',"b'Black, White'",b'3.15 MP',b'720p',,b'HSDPA 2100',b'HSPA 21.1/5.76 Mbps',b'LED flash',,b'Android 4.2 (Jelly Bean)',b'Dual-core 1.3 GHz Cortex-A7',,b'VGA',b'',b'Mediatek MT6572 (28 nm)',,,,,b'Mali-400',,,,b'About 60 EUR',,,,,,,,,,,,,b'0.78 W/kg (head) \xc2\xa0 \xc2\xa0 1.19 W/kg (body)',,
b'xolo',b'XOLO Q900T',b'https://cdn2.gsmarena.com/vv/bigpic/xolo-q900t.jpg',b'GSM / HSPA',b'GSM 850 / 900 / 1800 / 1900 - SIM 1 & SIM 2',b'Removable Li-Po 1800 mAh battery',,,"b'2014, May'","b'Available. Released 2014, May'",b'133.8 x 67.6 x 9.3 mm (5.27 x 2.66 x 0.37 in)',b'-',b'Dual SIM',"b'IPS LCD capacitive touchscreen, 16M colors'","b'4.7 inches, 60.9 cm2 (~67.3% screen-to-body ratio)'","b'720 x 1280 pixels, 16:9 ratio (~312 ppi density)'","b'microSD, up to 32 GB'",,,"b'4 GB, 1 GB RAM'",,b'Yes',,b'Yes',"b'Wi-Fi 802.11 b/g/n, hotspot'",b'3.0',"b'Yes, with A-GPS'",b'FM radio',b'microUSB 2.0',"b'Accelerometer, proximity, compass'",,,,,,b'Up to 367 h (2G) / Up to 300 h (3G)',b'Up to 15 h (2G) / Up to 10 h (3G)',b'Black',"b'8 MP, AF'",b'1080p@30fps',,b'HSDPA 2100',b'HSPA 42.2/11.5 Mbps',"b'LED flash, panorama, HDR'",,b'Android 4.2 (Jelly Bean)',b'Quad-core 1.5 GHz Cortex-A7',,b'2 MP',b'',b'Mediatek MT6589T (28 nm)',,,,,b'PowerVR SGX544',,,,,,,,,,,,,,,,,b'0.32 W/kg (head) \xc2\xa0 \xc2\xa0 0.46 W/kg (body)',,
b'xolo',b'XOLO Q1010i',b'https://cdn2.gsmarena.com/vv/bigpic/xolo-q1010i.jpg',b'GSM / HSPA',b'GSM 850 / 900 / 1800 / 1900 - SIM 1 & SIM 2',b'Non-removable Li-Ion 2250 mAh battery',,,"b'2014, March'","b'Available. Released 2014, March'",b'143.6 x 72.2 x 8.3 mm (5.65 x 2.84 x 0.33 in)',b'-',b'Dual SIM',"b'IPS LCD capacitive touchscreen, 16M colors'","b'5.0 inches, 68.9 cm2 (~66.5% screen-to-body ratio)'","b'720 x 1280 pixels, 16:9 ratio (~294 ppi density)'","b'microSD, up to 32 GB'",,,"b'8 GB, 1 GB RAM'",,b'Yes',,b'Yes',"b'Wi-Fi 802.11 b/g/n, hotspot'","b'4.0, A2DP'","b'Yes, with A-GPS'",b'FM radio',b'microUSB 2.0',"b'Accelerometer, proximity'",,,,,,b'Up to 732 h (2G) / Up to 685 h (3G)',b'Up to 19 h (2G) / Up to 9 h 40 min (3G)',"b'Black, White'","b'8 MP, AF'",b'1080p@30fps',,b'HSDPA 900 / 2100',b'HSPA 21.1/5.76 Mbps',"b'LED flash, panorama, HDR'",,b'Android 4.2 (Jelly Bean)',b'Quad-core 1.3 GHz Cortex-A7',,b'2 MP',b'',b'Mediatek MT6582 (28 nm)',,,,b'Scratch-resistant glass',b'Mali-400MP2',,,,b'About 160 EUR',,,,,,,,,,,,,b'0.49 W/kg (head) \xc2\xa0 \xc2\xa0 0.91 W/kg (body)',,
b'xolo',b'XOLO A510s',b'https://cdn2.gsmarena.com/vv/bigpic/xolo-a510s.jpg',b'GSM / HSPA',b'GSM 900 / 1800 - SIM 1 & SIM 2',b'Removable Li-Ion 1400 mAh battery',,,"b'2014, March'","b'Available. Released 2014, March'",b'128 x 63 x 9 mm (5.04 x 2.48 x 0.35 in)',b'120 g (4.23 oz)',b'Dual SIM',"b'IPS LCD capacitive touchscreen, 16M colors'","b'4.0 inches, 44.1 cm2 (~54.7% screen-to-body ratio)'","b'480 x 854 pixels, 16:9 ratio (~245 ppi density)'","b'microSD, up to 32 GB'",,,"b'4 GB, 1 GB RAM'",,b'Yes',,b'Yes',"b'Wi-Fi 802.11 b/g/n, hotspot'","b'4.0, A2DP'","b'Yes, with A-GPS'",b'FM radio',b'microUSB 2.0',"b'Accelerometer, proximity'",,,,,,b'Up to 424 h (2G) / Up to 416 h (3G)',b'Up to 13 h (2G) / Up to 6 h 40 min (3G)',b'Silver',b'5 MP',b'720p@30fps',,b'HSDPA 2100',b'HSPA 21.1/5.76 Mbps',"b'LED flash, panorama'",,b'Android 4.2 (Jelly Bean)',b'Dual-core 1.3 GHz Cortex-A7',,b'VGA',b'',b'Mediatek MT6572 (28 nm)',,,,,b'Mali-400',,,,b'About 100 EUR',,,,,,,,,,,,,,,
b'xolo',b'XOLO Q2500',b'https://cdn2.gsmarena.com/vv/bigpic/xolo-q2500.jpg',b'GSM / HSPA',b'GSM 900 / 1800 - SIM 1 & SIM 2',b'Removable Li-Po 3000 mAh battery',,,"b'2014, March'","b'Available. Released 2014, March'",b'168 x 83 x 8.5 mm (6.61 x 3.27 x 0.33 in)',b'-',b'Dual SIM',"b'IPS LCD capacitive touchscreen, 16M colors'","b'6.0 inches, 99.2 cm2 (~71.2% screen-to-body ratio)'","b'720 x 1280 pixels, 16:9 ratio (~245 ppi density)'","b'microSD, up to 32 GB'",,,"b'4 GB, 1 GB RAM'",,b'Yes',,b'Yes',"b'Wi-Fi 802.11 b/g/n, hotspot'","b'4.0, A2DP'","b'Yes, with A-GPS'",b'FM radio',b'microUSB 2.0',"b'Accelerometer, proximity'",,,,,,b'Up to 600 h (2G) / Up to 600 h (3G)',b'Up to 40 h (2G) / Up to 15 h (3G)',b'Black',"b'8 MP, AF'",b'1080p@30fps',,b'HSDPA 2100',b'HSPA 21.1/5.76 Mbps',"b'LED flash, panorama, HDR'",,"b'Android 4.2 (Jelly Bean), upgradable to 4.4.2 (KitKat)'",b'Quad-core 1.3 GHz Cortex-A7',,b'2 MP',b'',b'Mediatek MT6582 (28 nm)',,,,,b'Mali-400MP2',,,,b'About 170 EUR',,,,,,,,,,,,,b'0.74 W/kg (head) \xc2\xa0 \xc2\xa0 0.41 W/kg (body)',,
b'xolo',b'XOLO A500 Club',b'https://cdn2.gsmarena.com/vv/bigpic/xolo-a500.jpg',b'GSM / HSPA',b'GSM 900 / 1800',b'Removable Li-Ion 1400 mAh battery',,,"b'2014, January'","b'Available. Released 2014, January'",b'124.5 x 61.9 x 9.3 mm (4.90 x 2.44 x 0.37 in)',b'120 g (4.23 oz)',b'Dual SIM',"b'IPS LCD capacitive touchscreen, 16M colors'","b'4.0 inches, 45.5 cm2 (~59.1% screen-to-body ratio)'","b'480 x 800 pixels, 5:3 ratio (~233 ppi density)'","b'microSD, up to 32 GB (dedicated slot)'",,,"b'4 GB, 512 MB RAM'",,b'Yes',,b'Yes',"b'Wi-Fi 802.11 b/g/n, hotspot'","b'4.0, A2DP'","b'Yes, with A-GPS'",b'FM radio',b'microUSB 2.0',"b'Accelerometer, proximity'",,,,,,b'Up to 466 h (2G) / Up to 400 h (3G)',b'Up to 15 h (2G) / Up to 8 h (3G)',"b'Black, White'",b'5 MP',b'720p@30fps',,b'HSDPA 2100',b'HSPA 21.1/5.76 Mbps',"b'LED flash, panorama, HDR'",,b'Android 4.2 (Jelly Bean)',b'Dual-core 1.3 GHz Cortex-A7',,b'VGA',b'',b'Mediatek MT6572 (28 nm)',,,,,b'Mali-400',,,,b'About 80 EUR',,,,,,,,,,,,,b'0.34 W/kg (head) \xc2\xa0 \xc2\xa0 0.65 W/kg (body)',,
b'xolo',b'XOLO Q1010',b'https://cdn2.gsmarena.com/vv/bigpic/xolo-q1010.jpg',b'GSM / HSPA',b'GSM 850 / 900 / 1800 / 1900',b'Removable Li-Po 2250 mAh battery',,,"b'2014, February'","b'Available. Released 2014, February'",b'143.6 x 72.2 x 8.3 mm (5.65 x 2.84 x 0.33 in)',b'-',b'Dual SIM',"b'IPS LCD capacitive touchscreen, 16M colors'","b'5.0 inches, 68.9 cm2 (~66.5% screen-to-body ratio)'","b'720 x 1280 pixels, 16:9 ratio (~294 ppi density)'","b'microSD, up to 32 GB (dedicated slot)'",,,"b'4 GB, 1 GB RAM'",,b'Yes',,b'Yes',"b'Wi-Fi 802.11 b/g/n, hotspot'","b'4.0, A2DP'","b'Yes, with A-GPS'",b'No',b'microUSB 2.0',"b'Accelerometer, proximity'",,,,,,b'Up to 732 h (2G) / Up to 685 h (3G)',b'Up to 19 h (2G) / Up to 9 h 45 min (3G)',"b'Black, White'","b'8 MP, AF'",b'1080p@30fps',,b'HSDPA 900 / 2100',b'HSPA 21.1/5.76 Mbps',"b'LED flash, panorama, HDR'",,b'Android 4.2 (Jelly Bean)',b'Quad-core 1.3 GHz Cortex-A7',,b'2 MP',b'',b'Mediatek MT6582 (28 nm)',,,,,b'Mali-400MP2',,,,b'About 140 EUR',,,,,,,,,,,,,b'0.43 W/kg (head) \xc2\xa0 \xc2\xa0 0.54 W/kg (body)',,
b'xolo',b'XOLO Q1100',b'https://cdn2.gsmarena.com/vv/bigpic/lava-xolo-q1100.jpg',b'GSM / HSPA',b'GSM 900 / 1800',b'Removable Li-Ion 2000 mAh battery',,,"b'2014, January'","b'Available. Released 2014, January'",b'143.8 x 70.8 x 8.3 mm (5.66 x 2.79 x 0.33 in)',b'-',b'Dual SIM (Mini-SIM)',"b'IPS LCD capacitive touchscreen, 16M colors'","b'5.0 inches, 68.9 cm2 (~67.7% screen-to-body ratio)'","b'720 x 1280 pixels, 16:9 ratio (~294 ppi density)'","b'microSD, up to 32 GB (dedicated slot)'",,,"b'8 GB, 1 GB RAM'",,b'Yes',,b'Yes',"b'Wi-Fi 802.11 b/g/n, hotspot'",b'3.0',"b'Yes, with A-GPS'",b'FM radio',b'microUSB 2.0',"b'Accelerometer, proximity, compass'",,,,,,b'Up to 600 h (2G) / Up to 450 h (3G)',b'Up to 24 h (2G) / Up to 12 h 30 min (3G)',"b'Black, White'","b'8 MP, AF'",b'1080p@30fps',,b'HSDPA 2100',b'HSPA 42.2/5.76 Mbps',"b'LED flash, panorama, HDR'",,b'Android 4.3 (Jelly Bean)',b'Quad-core 1.4 GHz Cortex-A7',,b'2 MP',b'',b'Qualcomm MSM8228 Snapdragon 400 (28 nm)',,,,,b'Adreno 305',,,,b'About 140 EUR',,,,,,,,,,,,,b'0.42 W/kg (head) \xc2\xa0 \xc2\xa0 0.73 W/kg (body)',,
b'xolo',b'XOLO Q700s',b'https://cdn2.gsmarena.com/vv/bigpic/xolo-q700s.jpg',b'GSM / HSPA',b'GSM 900 / 1800 - SIM 1 & SIM 2',b'Removable Li-Ion 1800 mAh battery',,,"b'2014, January'","b'Available. Released 2014, January'",b'136 x 64.6 x 8.9 mm (5.35 x 2.54 x 0.35 in)',b'-',b'Dual SIM',"b'IPS LCD capacitive touchscreen, 16M colors'","b'4.5 inches, 55.8 cm2 (~63.5% screen-to-body ratio)'","b'480 x 854 pixels, 16:9 ratio (~218 ppi density)'","b'microSD, up to 32 GB (dedicated slot)'",,,"b'4 GB, 1 GB RAM'",,b'Yes',,b'Yes',"b'Wi-Fi 802.11 b/g/n, hotspot'","b'4.0, A2DP'","b'Yes, with A-GPS'",b'FM radio',b'microUSB 2.0',"b'Accelerometer, proximity'",,,,,,b'Up to 600 h (2G) / Up to 450 h (3G)',b'Up to 23 h (2G) / Up to 9 h (3G)',"b'Golden, Silver'","b'8 MP, AF'",b'1080p@30fps',,b'HSDPA 2100',b'HSPA 21.1/5.76 Mbps',"b'LED flash, panorama'",,b'Android 4.2 (Jelly Bean)',b'Quad-core 1.3 GHz Cortex-A7',,b'VGA',b'',b'Mediatek MT6582M (28 nm)',,,,,b'Mali-400MP2',,,,b'About 120 EUR',,,,,,,,,,,,,b'0.33 W/kg (head) \xc2\xa0 \xc2\xa0 0.70 W/kg (body)',,
b'xolo',b'XOLO Q3000',b'https://cdn2.gsmarena.com/vv/bigpic/xolo-q3000.jpg',b'GSM / HSPA',b'GSM 850 / 900 / 1800 / 1900 - SIM 1 & SIM 2',b'Active noise cancellation with dedicated mic',,,"b'2013, December. Released 2013, December'",b'Discontinued',b'164.8 x 81.6 x 8.9 mm (6.49 x 3.21 x 0.35 in)',b'-',b'Dual SIM',"b'IPS LCD capacitive touchscreen, 16M colors'","b'5.7 inches, 89.6 cm2 (~66.6% screen-to-body ratio)'","b'1080 x 1920 pixels, 16:9 ratio (~386 ppi density)'","b'microSD, up to 32 GB (dedicated slot)'",,,"b'16 GB, 2 GB RAM'",b'Removable Li-Ion 4000 mAh battery',b'Yes',,b'Yes',"b'Wi-Fi 802.11 b/g/n, hotspot'","b'4.0, A2DP'","b'Yes, with A-GPS, GLONASS'",b'FM radio',"b'microUSB 2.0, USB Host'","b'Accelerometer, gyro, proximity, compass'",,,,,,b'Up to 667 h',b'Up to 33 h',"b'Black, White'","b'13 MP, AF'",b'1080p@30fps',,b'HSDPA 900 / 1900 / 2100',b'HSPA 42.2/11.5 Mbps',"b'LED flash, HDR, panorama'",,b'Android 4.2 (Jelly Bean)',b'Quad-core 1.5 GHz Cortex-A7',,b'5 MP',b'',b'Mediatek MT6589 (28 nm)',,,,,b'PowerVR SGX544',,,,b'About 250 EUR',,,,,,,,,,,,,b'0.37 W/kg (head) \xc2\xa0 \xc2\xa0 0.53 W/kg (body)',,
b'xolo',b'XOLO Q1000 Opus',b'https://cdn2.gsmarena.com/vv/bigpic/xolo-q1000-opus.jpg',b'GSM / HSPA',b'GSM 850 / 900 / 1800 / 1900',b'Removable Li-Po 2000 mAh battery',,,"b'2013, December. Released 2013, December'",b'Discontinued',b'143.3 x 72.9 x 9 mm (5.64 x 2.87 x 0.35 in)',b'-',b'Dual SIM (Mini-SIM)',"b'IPS LCD capacitive touchscreen, 16M colors'","b'5.0 inches, 68.9 cm2 (~65.9% screen-to-body ratio)'","b'480 x 854 pixels, 16:9 ratio (~196 ppi density)'","b'microSD, up to 32 GB (dedicated slot)'",,,"b'4 GB, 1 GB RAM'",,b'Yes',,b'Yes',"b'Wi-Fi 802.11 b/g/n, hotspot'","b'4.0, A2DP'","b'Yes, with A-GPS, GLONASS'",b'FM radio',"b'microUSB 2.0, USB Host'","b'Accelerometer, proximity'",,,,,,b'Up to 700 h (2G) / Up to 526 h (3G)',b'Up to 18 h (2G) / Up to 11 h (3G)',"b'Black, White'","b'5 MP, AF'",b'720p@30fps',,b'HSDPA 2100',b'HSPA 42.2/5.76 Mbps',"b'LED flash, panorama'",,b'Android 4.2 (Jelly Bean)',b'Quad-core 1.2 GHz',,b'VGA',b'',b'BCM23550',,,,,b'Broadcom VideoCore IV',,,,b'About 100 EUR',,,,,,,,,,,,,b'0.53 W/kg (head) \xc2\xa0 \xc2\xa0 0.47 W/kg (body)',,
b'xolo',b'XOLO LT900',b'https://cdn2.gsmarena.com/vv/bigpic/xolo-lt900.jpg',b'GSM / HSPA / LTE',b'GSM 850 / 900 / 1800 / 1900 - SIM 1 & SIM 2',b'Removable Li-Ion 1810 mAh battery',,,"b'2013, October. Released 2013, October'",b'Discontinued',b'128.7 x 66 x 9.8 mm (5.07 x 2.60 x 0.39 in)',b'140 g (4.94 oz)',b'Yes',b'IPS LCD capacitive touchscreen',"b'4.3 inches, 51.0 cm2 (~60.0% screen-to-body ratio)'","b'720 x 1280 pixels, 16:9 ratio (~342 ppi density)'","b'microSD, up to 32 GB (dedicated slot)'",,,"b'8 GB, 1 GB RAM'",,b'Yes',,b'Yes',"b'Wi-Fi 802.11 b/g/n, hotspot'","b'4.0, A2DP'","b'Yes, with A-GPS'",b'FM radio',b'microUSB 2.0',"b'Accelerometer, gyro, proximity, compass'",,,,,,b'Up to 362 h (2G) / Up to 301 h (3G)',b'Up to 15 h (2G) / Up to 14 h (3G)',b'Black',"b'8 MP, AF'",b'1080p@30fps',,b'HSDPA 2100',b'LTE',"b'Dual-LED flash, panorama, HDR'",,b'Android 4.2 (Jelly Bean)',b'Dual-core 1.5 GHz Krait',,b'1 MP',b'720p',b'Qualcomm MSM8960 Snapdragon S4 Plus',,,b'LTE band 40(2300)',,b'Adreno 225',,,,b'About 190 EUR',,,,,,,,,,,,,b'0.60 W/kg (head) \xc2\xa0 \xc2\xa0 0.53 W/kg (body)',,
b'xolo',b'XOLO Play Tegra Note',b'https://cdn2.gsmarena.com/vv/bigpic/xolo-tegra.jpg',b'No cellular connectivity',b'N/A',b'Stylus',b'No',b'No',"b'2013, December. Released 2013, December'",b'Discontinued',b'199 x 119 x 9.6 mm (7.83 x 4.69 x 0.38 in)',b'320 g (11.29 oz)',b'No',"b'IPS LCD capacitive touchscreen, 16M colors'","b'7.0 inches, 142.1 cm2 (~60.0% screen-to-body ratio)'","b'1280 x 800 pixels, 16:10 ratio (~216 ppi density)'","b'microSD, up to 64 GB (dedicated slot)'",,,"b'16 GB, 1 GB RAM'",b'Non-removable Li-Ion 4100 mAh battery',b'Yes',,b'Yes',"b'Wi-Fi 802.11 b/g/n, Wi-Fi Direct'","b'4.0, A2DP'","b'Yes, with A-GPS'",b'No',"b'microUSB 2.0, USB Host'","b'Accelerometer, gyro, proximity, compass'",,,,,,,b'Up to 10 h (multimedia)',b'Black',"b'5 MP, AF'",b'1080p@30fps',b'Yes',,,"b'Panorama, HDR'",,b'Android 4.2.2 (Jelly Bean)',b'Quad-core 1.8 GHz Cortex-A15',,b'VGA',b'',b'Nvidia Tegra 4',,,,,b'ULP GeForce',,,,b'About 190 EUR',,,,,,,,,,,,,,,
b'xolo',b'XOLO Q500',b'https://cdn2.gsmarena.com/vv/bigpic/xolo-q500.jpg',b'GSM / HSPA',b'GSM 850 / 900 / 1800 / 1900 - SIM 1 & SIM 2',b'Removable Li-Ion 1450 mAh battery',,,"b'2013, November. Released 2013, November'",b'Discontinued',b'118.5 x 63 x 10.7 mm (4.67 x 2.48 x 0.42 in)',b'116 g (4.09 oz)',b'Dual SIM',"b'TFT capacitive touchscreen, 16M colors'","b'4.0 inches, 45.5 cm2 (~61.0% screen-to-body ratio)'","b'480 x 800 pixels, 5:3 ratio (~233 ppi density)'","b'microSD, up to 32 GB (dedicated slot)'",,,"b'4 GB, 1 GB RAM'",,b'Yes',,b'Yes',"b'Wi-Fi 802.11 b/g/n, hotspot'",b'3.0',"b'Yes, with A-GPS'",b'FM radio',b'microUSB 2.0',"b'Accelerometer, proximity'",,,,,,b'Up to 333 h (2G) / Up to 242 h (3G)',b'Up to 13 h 20 min (2G) / Up to 10 h (3G)',b'White',"b'5 MP, AF'",b'720p',,b'HSDPA 2100',b'HSPA 7.2/5.76 Mbps',"b'LED flash, panorama, HDR'",,b'Android 4.1 (Jelly Bean)',b'Quad-core 1.2 GHz Cortex-A5',,b'VGA',b'',b'Qualcomm MSM8225Q Snapdragon S4 Play',,,,,b'Adreno 203',,,,b'About 90 EUR',,,,,,,,,,,,,,,
b'xolo',b'XOLO Q800 X-Edition',b'https://cdn2.gsmarena.com/vv/bigpic/xolo-q800x.jpg',b'GSM / HSPA',b'GSM 850 / 900 / 1800 / 1900 - SIM 1 & SIM 2',b'Removable Li-Ion 2100 mAh battery',,,"b'2013, February. Released 2013, February'",b'Discontinued',b'135.5 x 67 x 9.6 mm (5.33 x 2.64 x 0.38 in)',b'143.5 g (5.04 oz)',b'Dual SIM (Mini-SIM)',"b'IPS LCD capacitive touchscreen, 16M colors'","b'4.5 inches, 55.8 cm2 (~61.5% screen-to-body ratio)'","b'540 x 960 pixels, 16:9 ratio (~245 ppi density)'","b'microSD, up to 32 GB (dedicated slot)'",,,"b'4 GB, 1 GB RAM'",,b'Yes',,b'Yes',"b'Wi-Fi 802.11 b/g/n, hotspot'","b'4.0, A2DP'","b'Yes, with A-GPS'","b'FM radio, recording'",b'microUSB 2.0',"b'Accelerometer, gyro, proximity, compass'",,,,,,b'Up to 360 h (2G) / Up to 360 h (3G)',b'Up to 16 h (2G) / Up to 10 h (3G)',"b'Black, White'","b'8 MP, AF'",b'1080p@30fps',,b'HSDPA 900 / 2100',b'HSPA 21.1/5.76 Mbps',b'LED flash',,b'Android 4.1.2 (Jelly Bean)',b'Quad-core 1.2 GHz Cortex-A7',,b'1 MP',b'',b'Mediatek MT6589 (28 nm)',,,,,b'PowerVR SGX544',,,,b'About 100 EUR',,,,,,,,,,,,,b'0.65 W/kg (head) \xc2\xa0 \xc2\xa0 0.95 W/kg (body)',,
b'xolo',b'XOLO A500S IPS',b'https://cdn2.gsmarena.com/vv/bigpic/lava-xolo-a500s.jpg',b'GSM / HSPA',b'GSM 900 / 1800 - SIM 1 & SIM 2',b'Removable Li-Ion 1400 mAh battery',,,"b'2013, July. Released 2013, October'",b'Discontinued',b'125 x 63.2 x 9 mm (4.92 x 2.49 x 0.35 in)',b'120 g (4.23 oz)',b'Dual SIM',"b'IPS LCD capacitive touchscreen, 16M colors'","b'4.0 inches, 45.5 cm2 (~57.6% screen-to-body ratio)'","b'480 x 800 pixels, 5:3 ratio (~233 ppi density)'","b'microSD, up to 32 GB (dedicated slot)'",,,"b'4 GB, 512 MB RAM'",,b'Yes',,b'Yes',"b'Wi-Fi 802.11 b/g/n, hotspot'",b'3.0',"b'Yes, with A-GPS'",b'FM radio',b'microUSB 2.0',"b'Accelerometer, proximity'",,,,,,b'Up to 492 h (2G) / Up to 470 h (3G)',b'Up to 10 h (2G) / Up to 8 h (3G)',"b'Black, White, Red, Blue'",b'5 MP',b'720p@30fps',,b'HSDPA 2100',b'HSPA 21.1/5.76 Mbps',"b'LED flash, panorama'",,b'Android 4.2 (Jelly Bean)',b'Dual-core 1.3 GHz Cortex-A7',,b'VGA',b'',b'Mediatek MT6572W',,,,,b'Mali-400',,,,b'About 120 EUR',,,,,,,,,,,,,b'0.72 W/kg (head) \xc2\xa0 \xc2\xa0 0.53 W/kg (body)',,
b'xolo',b'XOLO Q2000',b'https://cdn2.gsmarena.com/vv/bigpic/lava-xolo-q2000.jpg',b'GSM / HSPA',b'GSM 850 / 900 / 1800 / 1900 - SIM 1 & SIM 2',b'Removable Li-Po 2600 mAh battery',,,"b'2013, November. Released 2013, November'",b'Discontinued',b'156 x 77.8 x 9.8 mm (6.14 x 3.06 x 0.39 in)',b'180 g (6.35 oz)',b'Dual SIM (Mini-SIM)',"b'IPS LCD capacitive touchscreen, 16M colors'","b'5.5 inches, 83.4 cm2 (~68.7% screen-to-body ratio)'","b'720 x 1280 pixels, 16:9 ratio (~267 ppi density)'","b'microSD, up to 32 GB (dedicated slot)'",,,"b'8 GB, 1 GB RAM'",,b'Yes',,b'Yes',"b'Wi-Fi 802.11 b/g/n, hotspot'",b'2.0',"b'Yes, with A-GPS'",b'FM radio',"b'microUSB 2.0, USB Host'","b'Accelerometer, proximity'",,,,,,b'Up to 520 h',b'Up to 17 h',"b'White, Black'","b'13 MP, AF'",b'1080p@30fps',,b'HSDPA 2100',b'HSPA 42.2/11.5 Mbps',"b'LED flash, panorama, HDR'",,b'Android 4.2 (Jelly Bean)',b'Quad-core 1.2 GHz Cortex-A7',,b'2 MP',b'',b'Mediatek MT6589 (28 nm)',,,,,b'PowerVR SGX544',,,,b'About 160 EUR',,,,,,,,,,,,,b'0.23 W/kg (head) \xc2\xa0 \xc2\xa0 0.35 W/kg (body)',,
b'xolo',b'XOLO Q900',b'https://cdn2.gsmarena.com/vv/bigpic/xolo-q900.jpg',b'GSM / HSPA',b'GSM 850 / 900 / 1800 / 1900 - SIM 1 & SIM 2',b'Removable Li-Po 1800 mAh battery',,,"b'2013, October. Released 2013, October'",b'Discontinued',b'137 x 70 x 9.9 mm (5.39 x 2.76 x 0.39 in)',b'138 g (4.87 oz)',b'Dual SIM',"b'TFT capacitive touchscreen, 16M colors'","b'4.7 inches, 60.9 cm2 (~63.5% screen-to-body ratio)'","b'720 x 1280 pixels, 16:9 ratio (~312 ppi density)'","b'microSD, up to 32 GB (dedicated slot)'",,,"b'4 GB, 1 GB RAM'",,b'Yes',,b'Yes',"b'Wi-Fi 802.11 b/g/n, hotspot'","b'4.0, A2DP'","b'Yes, with A-GPS'",b'FM radio',b'microUSB 2.0',"b'Accelerometer, proximity, compass'",,,,,,b'Up to 384 h (2G) / Up to 298 h (3G)',b'Up to 13 h (2G) / Up to 10 h (3G)',b'White',"b'8 MP, AF'",b'1080p@30fps',,b'HSDPA 2100',b'HSPA 42.2/11.5 Mbps',"b'LED flash, panorama, HDR'",,b'Android 4.2.2 (Jelly Bean)',b'Quad-core 1.2 GHz Cortex-A7',,b'2 MP',b'',b'Mediatek MT6589 (28 nm)',,,,,b'PowerVR SGX544',,,,b'About 120 EUR',,,,,,,,,,,,,b'0.51 W/kg (head) \xc2\xa0 \xc2\xa0 0.40 W/kg (body)',,
b'xolo',b'XOLO A600',b'https://cdn2.gsmarena.com/vv/bigpic/xolo-a600.jpg',b'GSM / HSPA',b'GSM 850 / 900 / 1800 / 1900 - SIM 1 & SIM 2',b'Removable Li-Po 1900 mAh battery',,,"b'2013, October. Released 2013, October'",b'Discontinued',b'136 x 67 x 9 mm (5.35 x 2.64 x 0.35 in)',b'-',b'Dual SIM',b'IPS LCD capacitive touchscreen',"b'4.5 inches, 55.8 cm2 (~61.3% screen-to-body ratio)'","b'540 x 960 pixels, 16:9 ratio (~245 ppi density)'","b'microSD, up to 32 GB (dedicated slot)'",,,"b'4 GB, 512 MB RAM'",,b'Yes',,b'Yes',"b'Wi-Fi 802.11 b/g/n, hotspot'",b'3.0',"b'Yes, with A-GPS'",b'FM radio',b'microUSB 2.0',"b'Accelerometer, proximity'",,,,,,b'Up to 650 h (2G) / Up to 366 h (3G)',b'Up to 22 h (2G) / Up to 10 h (3G)',"b'Black, White'","b'5 MP, AF'",b'720p@30fps',,b'HSDPA 2100',b'HSPA 21.1/5.76 Mbps',"b'LED flash, panorama'",,b'Android 4.2 (Jelly Bean)',b'Dual-core 1.3 GHz Cortex-A7',,b'VGA',b'',b'Mediatek MT6572W',,,,,b'Mali-400',,,,b'About 80 EUR',,,,,,,,,,,,,b'0.82 W/kg (head) \xc2\xa0 \xc2\xa0 0.74 W/kg (body)',,
b'xolo',b'XOLO A500L',b'https://cdn2.gsmarena.com/vv/bigpic/xolo-a500l.jpg',b'GSM / HSPA',b'GSM 900 / 1800 - SIM 1 & SIM 2',b'Removable Li-Ion 1500 mAh battery',,,"b'2013, October. Released 2013, October'",b'Discontinued',b'124.8 x 64.6 x 11.9 mm (4.91 x 2.54 x 0.47 in)',b'-',b'Dual SIM',b'TFT capacitive touchscreen',"b'4.0 inches, 45.5 cm2 (~56.5% screen-to-body ratio)'","b'480 x 800 pixels, 5:3 ratio (~233 ppi density)'","b'microSD, up to 32 GB (dedicated slot)'",,,"b'4 GB, 512 MB RAM'",,b'Yes',,b'Yes',"b'Wi-Fi 802.11 b/g/n, hotspot'","b'4.0, A2DP'","b'Yes, with A-GPS'",b'FM radio',b'microUSB 2.0',"b'Accelerometer, proximity'",,,,,,b'Up to 681 h (2G) / Up to 556 h (3G)',b'Up to 13 h (2G) / Up to 7 h 30 min (3G)',b'Black',b'3.15 MP',b'Yes',,b'HSDPA 2100',b'HSPA 21.1/5.76 Mbps',"b'LED flash, panorama'",,b'Android 4.2 (Jelly Bean)',b'Dual-core 1.3 GHz Cortex-A7',,b'VGA',b'',b'Mediatek MT6572W',,,,,b'Mali-400',,,,b'About 80 EUR',,,,,,,,,,,,,b'0.33 W/kg (head) \xc2\xa0 \xc2\xa0 0.51 W/kg (body)',,
b'xolo',b'XOLO Q700i',b'https://cdn2.gsmarena.com/vv/bigpic/xolo-q700i.jpg',b'GSM / HSPA',b'GSM 900 / 1800 - SIM 1 & SIM 2',b'Removable Li-Ion 2400 mAh battery',,,"b'2013, October. Released 2013, October'",b'Discontinued',b'135.8 x 67.5 x 10.2 mm (5.35 x 2.66 x 0.40 in)',b'151.3 g (5.33 oz)',b'Dual SIM (Mini-SIM)',"b'IPS LCD capacitive touchscreen, 16M colors'","b'4.5 inches, 55.8 cm2 (~60.9% screen-to-body ratio)'","b'540 x 960 pixels, 16:9 ratio (~245 ppi density)'","b'microSD, up to 32 GB (dedicated slot)'",,,"b'4 GB, 1 GB RAM'",,b'Yes',,b'Yes',"b'Wi-Fi 802.11 b/g/n, hotspot'","b'3.0, A2DP'","b'Yes, with A-GPS'",b'FM radio',"b'microUSB 2.0, USB Host'","b'Accelerometer, proximity, compass'",,,,,,b'Up to 378 h',b'Up to 17 h 40 min (2G) / Up to 16 h 30 min (3G)',b'White',"b'8 MP, AF'",b'720p@30fps',,b'HSDPA 2100',b'HSPA 21.1/11.5 Mbps',"b'LED flash, panorama, HDR'",,b'Android 4.2 (Jelly Bean)',b'Quad-core 1.2 GHz Cortex-A7',,b'2 MP',b'',b'Mediatek MT6589W-M',,,,,b'PowerVR SGX544',,,,b'About 120 EUR',,,,,,,,,,,,,b'0.76 W/kg (head) \xc2\xa0 \xc2\xa0 0.65 W/kg (body)',,
b'xolo',b'XOLO Play Tab 7.0',b'https://cdn2.gsmarena.com/vv/bigpic/xolo-play-tab.jpg',b'No cellular connectivity',b'N/A',b'No',b'No',b'No',"b'2013, October. Released 2013, October'",b'Discontinued',b'194.6 x 122.6 x 10.6 mm (7.66 x 4.83 x 0.42 in)',b'338 g (11.92 oz)',b'No',"b'IPS LCD capacitive touchscreen, 16M colors'","b'7.0 inches, 142.1 cm2 (~59.6% screen-to-body ratio)'","b'1280 x 800 pixels, 16:10 ratio (~216 ppi density)'","b'microSD, up to 32 GB (dedicated slot)'",,,"b'8 GB, 1 GB RAM'",b'Non-removable Li-Ion 4000 mAh battery',b'Yes',,b'Yes',"b'Wi-Fi 802.11 a/b/g/n, dual band'","b'4.0, A2DP'","b'Yes, with A-GPS'",b'No',b'microUSB 2.0',"b'Accelerometer, compass'",,,,,,b'Up to 330 h',,b'Black',b'2 MP',b'720p',b'Yes',,,,,b'Android 4.1 (Jelly Bean)',b'Quad-core 1.2 GHz',,,,b'Nvidia Tegra 3',,,,,,,,,b'About 110 EUR',,,,,,,,,,,,,,,
b'xolo',b'XOLO Tab',b'https://cdn2.gsmarena.com/vv/bigpic/xolo-tab-1.jpg',b'GSM / HSPA',b'GSM 850 / 900 / 1800 / 1900',b'Non-removable Li-Ion 4000 mAh battery',,,"b'2013, September. Released 2013, September'",b'Discontinued',b'214.2 x 154.9 x 11.3 mm (8.43 x 6.10 x 0.44 in)',b'480 g (1.06 lb)',b'Yes',"b'IPS LCD capacitive touchscreen, 16M colors'","b'8.0 inches, 198.2 cm2 (~59.7% screen-to-body ratio)'","b'768 x 1024 pixels, 4:3 ratio (~160 ppi density)'","b'microSD, up to 64 GB (dedicated slot)'",,,"b'4 GB, 1 GB RAM'",,b'Yes',,b'Yes',"b'Wi-Fi 802.11 b/g/n, hotspot'",b'3.0',"b'Yes, with A-GPS'",b'FM radio',b'microUSB 2.0',b'Accelerometer',,,,,,b'Up to 360 h (2G) / Up to 360 h (3G)',b'Up to 16 h (2G) / Up to 12 h (3G)',b'White',b'2 MP',b'Yes',b'Yes',b'HSDPA 2100',b'HSPA 21.1/5.76 Mbps',,,b'Android 4.1 (Jelly Bean)',b'Quad-core 1.2 GHz Cortex-A5',,b'VGA',b'',b'Qualcomm MSM8225Q Snapdragon S4 Play',,,,,b'Adreno 203',,,,b'About 120 EUR',,,,,,,,,,,,,,,
b'xolo',b'XOLO Q1000s',b'https://cdn2.gsmarena.com/vv/bigpic/xolo-q1000s.jpg',b'GSM / HSPA',b'GSM 900 / 1800',b'Removable Li-Po 2500 mAh battery',,,"b'2013, August. Released 2013, August'",b'Discontinued',b'147 x 72.1 x 7 mm (5.79 x 2.84 x 0.28 in)',b'158 g (5.57 oz)',b'Mini-SIM',"b'IPS LCD capacitive touchscreen, 16M colors'","b'5.0 inches, 68.9 cm2 (~65.0% screen-to-body ratio)'","b'720 x 1280 pixels, 16:9 ratio (~294 ppi density)'",b'No',,,"b'16 GB, 1 GB RAM'",,b'Yes',,b'Yes',"b'Wi-Fi 802.11 b/g/n, hotspot'","b'4.0, A2DP'","b'Yes, with A-GPS'",b'FM radio',b'microUSB 2.0',"b'Accelerometer, proximity, compass'",,,,,,b'Up to 327 h',b'Up to 22 h 30 min',b'Black',"b'13 MP, AF'",b'1080p@30fps',,b'HSDPA 2100',b'HSPA 42.2/11.5 Mbps',"b'LED flash, panorama, HDR'",,b'Android 4.2 (Jelly Bean)',b'Quad-core 1.5 GHz Cortex-A7',,b'5 MP',b'',b'Mediatek MT6589T (28 nm)',,,,,b'PowerVR SGX544MP2',,,,b'About 170 EUR',,,,,,,,,,,,,b'0.80 W/kg (head) \xc2\xa0 \xc2\xa0 0.85 W/kg (body)',,
b'xolo',b'XOLO A500S',b'https://cdn2.gsmarena.com/vv/bigpic/xolo-a500s.jpg',b'GSM / HSPA',b'GSM 900 / 1800 - SIM 1 & SIM 2',b'Removable Li-Ion 1400 mAh battery',,,"b'2013, August. Released 2013, August'",b'Discontinued',b'125 x 63.2 x 9 mm (4.92 x 2.49 x 0.35 in)',b'120 g (4.23 oz)',"b'Dual SIM (Mini-SIM, dual stand-by)'","b'TFT capacitive touchscreen, 16M colors'","b'4.0 inches, 45.5 cm2 (~57.6% screen-to-body ratio)'","b'480 x 800 pixels, 5:3 ratio (~233 ppi density)'","b'microSD, up to 32 GB (dedicated slot)'",,,"b'4 GB, 512 MB RAM'",,b'Yes',,b'Yes',"b'Wi-Fi 802.11 b/g/n, hotspot'",b'3.0',"b'Yes, with A-GPS'",b'FM Radio',b'microUSB 2.0',"b'Accelerometer, proximity'",,,,,,b'Up to 492 h (2G) / Up to 470 h (3G)',b'Up to 10 h (2G) / Up to 8 h (3G)',"b'Black, White, Red, Blue'",b'5 MP',b'720p@30fps',,b'HSDPA 2100',b'HSPA 21.1/5.76 Mbps',b'LED flash',,b'Android 4.2 (Jelly Bean)',b'Dual-core 1.3 GHz Cortex-A7',,b'VGA',b'',b'Mediatek MT6572W',,,,,b'Mali-400',,,,b'About 120 EUR',,,,,,,,,,,,,b'0.93 W/kg (head) \xc2\xa0 \xc2\xa0 0.81 W/kg (body)',,
b'xolo',b'XOLO Play',b'https://cdn2.gsmarena.com/vv/bigpic/xolo-play.jpg',b'GSM / HSPA',b'GSM 900 / 1800',b'Removable Li-Ion 2000 mAh battery',,,"b'2013, July. Released 2013, July'",b'Discontinued',b'138.4 x 70 x 10.4 mm (5.45 x 2.76 x 0.41 in)',b'167 g (5.89 oz)',b'Mini-SIM',"b'IPS LCD capacitive touchscreen, 16M colors'","b'4.7 inches, 60.9 cm2 (~62.9% screen-to-body ratio)'","b'720 x 1280 pixels, 16:9 ratio (~312 ppi density)'","b'microSD, up to 32 GB (dedicated slot)'",,,"b'4 GB, 1 GB RAM'",,b'Yes',,b'Yes',"b'Wi-Fi 802.11 b/g/n, hotspot'",b'3.0',"b'Yes, with A-GPS'",b'No',b'microUSB 2.0',"b'Accelerometer, proximity, compass'",,,,,,b'Up to 227 h',b'Up to 11 h',b'Black',"b'8 MP, AF'",b'1080p@30fps',,b'HSDPA 900 / 2100',b'HSPA 21.1/5.76 Mbps',b'LED flash',,b'Android 4.1.1 (Jelly Bean)',b'Quad-core 1.5 GHz',,b'2 MP',b'',b'Nvidia Tegra 3',,,,,b'ULP GeForce',,,,b'About 170 EUR',,,,,,,,,,,,,b'0.45 W/kg (head) \xc2\xa0 \xc2\xa0 0.61 W/kg (body)',,
b'xolo',b'XOLO Q600',b'https://cdn2.gsmarena.com/vv/bigpic/lava-xolo-q600.jpg',b'GSM / HSPA',b'GSM 900 / 1800 - SIM 1 & SIM 2',b'Removable Li-Ion 2000 mAh battery',,,"b'2013, July. Released 2013, July'",b'Discontinued',b'133.5 x 67 x 11.9 mm (5.26 x 2.64 x 0.47 in)',b'147.7 g (5.19 oz)',b'Dual SIM (Mini-SIM)',b'TFT capacitive touchscreen',"b'4.5 inches, 55.8 cm2 (~62.4% screen-to-body ratio)'","b'480 x 854 pixels, 16:9 ratio (~218 ppi density)'","b'microSD, up to 32 GB (dedicated slot)'",,,"b'4 GB, 512 MB RAM'",,b'Yes',,b'Yes',"b'Wi-Fi 802.11 b/g/n, hotspot'",b'3.0',"b'Yes, with A-GPS'",b'FM radio',b'microUSB 2.0',"b'Accelerometer, compass'",,,,,,b'Up to 333 h (2G) / Up to 242 h (3G)',b'Up to 13 h 30 min (2G) / Up to 10 h (3G)',b'White',"b'5 MP, AF'",b'720p@30fps',,b'HSDPA 2100',b'HSPA 21.1/11.5 Mbps',"b'LED flash, HDR, panorama'",,b'Android 4.2 (Jelly Bean)',b'Quad-core 1.2 GHz Cortex-A7',,b'VGA',b'',b'Mediatek MT6589 (28 nm)',,,,,b'PowerVR SGX544',,,,b'About 120 EUR',,,,,,,,,,,,,b'0.77 W/kg (head) \xc2\xa0 \xc2\xa0 0.87 W/kg (body)',,
b'xolo',b'XOLO X1000',b'https://cdn2.gsmarena.com/vv/bigpic/lava-x1000.jpg',b'GSM / HSPA',b'GSM 850 / 900 / 1800 / 1900',b'Removable Li-Ion 1900 mAh battery',,,"b'2013, March. Released 2013, March'",b'Discontinued',b'133.9 x 67.6 x 9.1 mm (5.27 x 2.66 x 0.36 in)',b'140 g (4.94 oz)',b'Mini-SIM',"b'TFT capacitive touchscreen, 16M colors'","b'4.7 inches, 60.9 cm2 (~67.3% screen-to-body ratio)'","b'720 x 1280 pixels, 16:9 ratio (~312 ppi density)'","b'microSD, up to 32 GB (dedicated slot)'",,,"b'8 GB, 1 GB RAM'",,b'Yes',,b'Yes',"b'Wi-Fi 802.11 b/g/n, hotspot'","b'2.1, A2DP, EDR'","b'Yes, with A-GPS'",b'FM radio',b'microUSB 2.0',"b'Accelerometer, gyro, proximity, compass'",,,,,,b'Up to 336 h',b'Up to 9 h 30 min',b'Black',"b'8 MP, AF'",b'1080p@30fps',,b'HSDPA 850 / 900 / 1900 / 2100',b'HSPA 21.1/5.76 Mbps',b'LED flash',,"b'Android 4.0.4 (Ice Cream Sandwich), upgradable to 4.1 (Jelly Bean)'",b'2 GHz',,b'1.3 MP',b'',b'Intel Atom Z2480',,,,,b'PowerVR SGX540',,,,b'About 170 EUR',,,,,,,,,,,,,b'1.30 W/kg (head) \xc2\xa0 \xc2\xa0 1.22 W/kg (body)',,
b'xolo',b'XOLO X910',b'https://cdn2.gsmarena.com/vv/bigpic/lava-x910.jpg',b'GSM / HSPA',b'GSM 850 / 900 / 1800 / 1900 - SIM 1 & SIM 2',b'Removable Li-Ion 2000 mAh battery',,,"b'2013, May. Released 2013, May'",b'Discontinued',b'126 x 64.7 x 10 mm (4.96 x 2.55 x 0.39 in)',b'150 g (5.29 oz)',b'Dual SIM (Mini-SIM)',"b'IPS LCD capacitive touchscreen, 16M colors'","b'4.3 inches, 51.0 cm2 (~62.5% screen-to-body ratio)'","b'540 x 960 pixels, 16:9 ratio (~256 ppi density)'","b'microSD, up to 32 GB (dedicated slot)'",,,"b'4 GB, 1 GB RAM'",,b'Yes',,b'Yes',"b'Wi-Fi 802.11 b/g/n, hotspot'",b'2.1',"b'Yes, with A-GPS'",b'FM radio',b'microUSB 2.0',"b'Accelerometer, proximity, compass'",,,,,,,,"b'White, Black'","b'5 MP, AF'",b'1080p@30fps',,b'HSDPA 850 / 900 / 1900 / 2100',b'HSPA 21.1/11.5 Mbps',b'LED flash',,b'Android 4.0.4 (Ice Cream Sandwich)',b'1.6 GHz',,b'VGA',b'',b'Intel Atom Z2460',,,,,b'PowerVR SGX540',,,,b'About 140 EUR',,,,,,,,,,,,,,,
b'xolo',b'XOLO X500',b'https://cdn2.gsmarena.com/vv/bigpic/lava-x500.jpg',b'GSM / HSPA',b'GSM 850 / 900 / 1800 / 1900 - SIM 1 & SIM 2',b'No',,,"b'2013, January. Released 2013, January'",b'Discontinued',b'110.5 x 61 x 12.6 mm (4.35 x 2.40 x 0.50 in)',b'132 g (4.66 oz)',b'Dual SIM (Mini-SIM)',"b'IPS LCD capacitive touchscreen, 16M colors'","b'3.5 inches, 36.5 cm2 (~54.1% screen-to-body ratio)'","b'320 x 480 pixels, 3:2 ratio (~165 ppi density)'","b'microSD, up to 32 GB (dedicated slot)'",,,"b'4 GB, 512 MB RAM'",b'Removable Li-Ion 1500 mAh battery',b'Yes',,b'Yes',"b'Wi-Fi 802.11 b/g/n, hotspot'",b'2.1',"b'Yes, with A-GPS'",b'FM radio',b'microUSB 2.0',"b'Accelerometer, proximity'",,,,,,b'Up to 405 h (2G) / Up to 383 h (3G)',b'Up to 10 h (2G) / Up to 9 h 40 min (3G)',b'Black',"b'5 MP, AF'",b'1080p@30fps',,b'HSDPA 850 / 900 / 1900 / 2100',b'HSPA 21.1/5.76 Mbps',b'LED flash',,b'Android 4.0 (Ice Cream Sandwich)',b'1.2 GHz',,,,b'Intel Atom Z2420',,,,,b'PowerVR SGX540',,,,b'About 100 EUR',,,,,,,,,,,,,,,
b'xolo',b'XOLO Q1000',b'https://cdn2.gsmarena.com/vv/bigpic/lava-q1000.jpg',b'GSM / HSPA',b'GSM 900 / 1800 - SIM 1 & SIM 2',b'Removable Li-Ion 2100 mAh battery',,,"b'2013, May. Released 2013, May'",b'Discontinued',b'143.5 x 70.8 x 8.8 mm (5.65 x 2.79 x 0.35 in)',b'171.1 g (6.03 oz)',b'Dual SIM (Mini-SIM)',"b'IPS LCD capacitive touchscreen, 16M colors'","b'5.0 inches, 68.9 cm2 (~67.8% screen-to-body ratio)'","b'720 x 1280 pixels, 16:9 ratio (~294 ppi density)'","b'microSD, up to 32 GB (dedicated slot)'",,,"b'4 GB, 1 GB RAM'",,b'Yes',,b'Yes',"b'Wi-Fi 802.11 b/g/n, hotspot'","b'4.0, A2DP'","b'Yes, with A-GPS'",b'FM radio',b'2.0',"b'Accelerometer, proximity'",,,,,,b'Up to 350 h (2G) / Up to 346 h (3G)',b'Up to 14 h (2G) / Up to 10 h 30 min (3G)',"b'Black, White'","b'8 MP, AF'",b'1080p@30fps',,b'HSDPA 900 / 2100',b'HSPA 42.2/11.5 Mbps',b'LED flash',,"b'Android 4.2 (Jelly Bean), upgradable to 4.4.2 (KitKat)'",b'Quad-core 1.2 GHz Cortex-A7',,b'1.2 MP',b'',b'Mediatek MT6589 (28 nm)',,,,,b'PowerVR SGX544',,,,b'About 150 EUR',,,,,,,,,,,,,b'0.80 W/kg (head) \xc2\xa0 \xc2\xa0 0.67 W/kg (body)',,
b'xolo',b'XOLO Q800',b'https://cdn2.gsmarena.com/vv/bigpic/lava-q800.jpg',b'GSM / HSPA',b'GSM 850 / 900 / 1800 / 1900 - SIM 1 & SIM 2',b'Removable Li-Ion 2100 mAh battery',,,"b'2013, February. Released 2013, February'",b'Discontinued',b'135.5 x 67 x 9.6 mm (5.33 x 2.64 x 0.38 in)',b'143.5 g (5.04 oz)',b'Dual SIM (Mini-SIM)',"b'IPS LCD capacitive touchscreen, 16M colors'","b'4.5 inches, 55.8 cm2 (~61.5% screen-to-body ratio)'","b'540 x 960 pixels, 16:9 ratio (~245 ppi density)'","b'microSD, up to 32 GB (dedicated slot)'",,,"b'4 GB, 1 GB RAM'",,b'Yes',,b'Yes',"b'Wi-Fi 802.11 b/g/n, hotspot'","b'4.0, A2DP'","b'Yes, with A-GPS'","b'FM radio, recording'",b'microUSB 2.0',"b'Accelerometer, gyro, proximity, compass'",,,,,,b'Up to 360 h (2G) / Up to 360 h (3G)',b'Up to 16 h (2G) / Up to 10 h (3G)',"b'Black, White'","b'8 MP, AF'",b'Yes',,b'HSDPA 900 / 2100',b'HSPA 21.1/5.76 Mbps',b'LED flash',,b'Android 4.1.2 (Jelly Bean)',b'Quad-core 1.2 GHz Cortex-A7',,b'1 MP',b'',b'Mediatek MT6589M (28 nm)',,,,,b'PowerVR SGX544',,,,b'About 130 EUR',,,,,,,,,,,,,b'0.65 W/kg (head) \xc2\xa0 \xc2\xa0 0.95 W/kg (body)',,
b'xolo',b'XOLO Q700',b'https://cdn2.gsmarena.com/vv/bigpic/lava-q700.jpg',b'GSM / HSPA',b'GSM 850 / 900 / 1800 / 1900 - SIM 1 & SIM 2',b'Removable Li-Ion 2400 mAh battery',,,"b'2013, May. Released 2013, May'",b'Discontinued',b'135.8 x 67.5 x 10.2 mm (5.35 x 2.66 x 0.40 in)',b'151.3 g (5.33 oz)',b'Dual SIM (Mini-SIM)',"b'IPS LCD capacitive touchscreen, 16M colors'","b'4.5 inches, 55.8 cm2 (~60.9% screen-to-body ratio)'","b'540 x 960 pixels, 16:9 ratio (~245 ppi density)'","b'microSD, up to 32 GB (dedicated slot)'",,,"b'4 GB, 1 GB RAM'",,b'Yes',,b'Yes',"b'Wi-Fi 802.11 b/g/n, Wi-Fi Direct, hotspot'",b'3.0',"b'Yes, with A-GPS'",b'FM radio',"b'microUSB 2.0, USB Host'","b'Accelerometer, compass'",,,,,,b'Up to 380 h',b'Up to 17 h (2G) / Up to 16 h (3G)',"b'Coffee Brown, Blue, Black'","b'5 MP, AF'",b'720p@30fps',,b'HSDPA 2100',b'HSPA 21.1/11.5 Mbps',"b'LED flash, HDR, panorama'",,b'Android 4.2 (Jelly Bean)',b'Quad-core 1.2 GHz Cortex-A7',,b'VGA',b'',b'Mediatek MT6589W-M',,,,,b'PowerVR SGX544',,,,b'About 100 EUR',,,,,,,,,,,,,b'0.86 W/kg (head) \xc2\xa0 \xc2\xa0 0.55 W/kg (body)',,
